playerID,Player,Pos,NFL,TRUFFLE
1925,49ers,DST,SF,ELP
2258303,AJ Brown,WR,PHI,AFL
2867083,AJ Dillon,RB,GB,ELP
1673207,AJ Green,WR,ARI,W (9/1)
1691424,AJ McCarron,QB,ATL,W (9/1)
3117015,AJ Richardson,WR,ARI,W (9/1)
2820501,Aaron Bailey,WR,BAL,W (9/1)
2251378,Aaron Fuller,WR,SEA,W (9/1)
2071937,Aaron Jones,RB,GB,MWM
2252154,Aaron Parker,WR,KC,W (9/1)
419780,Aaron Rodgers,QB,GB,ELP
2820186,Aaron Shampklin,RB,DAL,W (9/1)
2807112,Abram Smith,RB,NO,W (9/1)
3127655,Aca'Cedric Ware,RB,TB,W (9/1)
2133458,Adam Choice,RB,SEA,W (9/1)
2175124,Adam Humphries,WR,WAS,W (9/1)
2188826,Adam Prentice,RB,NO,W (9/1)
2818105,Adam Shaheen,TE,MIA,W (9/1)
2059362,Adam Thielen,WR,MIN,MWM
2182228,Adam Trautman,TE,NO,W (9/1)
3159156,Adrian Killins,RB,DEN,W (9/1)
517568,Adrian Peterson,RB,SEA,W (9/1)
2245117,Albert Okwuegbunam,TE,DEN,W (9/1)
2130201,Albert Wilson,WR,MIN,W (9/1)
2183930,Alec Ingold,RB,MIA,W (9/1)
2965664,Alec Pierce,WR,IND,FRR
3159106,Aleva Hifo,WR,ARI,W (9/1)
2818312,Alex Armah,RB,WAS,W (9/1)
2186388,Alex Bachman,WR,NYG,W (9/1)
2079843,Alex Collins,RB,SEA,W (9/1)
2237134,Alex Ellis,TE,ARI,W (9/1)
1983823,Alex Erickson,WR,WAS,W (9/1)
2828649,Alex Gray,TE,ATL,W (9/1)
2132602,Alex McGough,QB,SEA,W (9/1)
2142830,Alex Wesley,WR,CHI,W (9/1)
3116816,Alexander Hollins,WR,CLE,W (9/1)
2257933,Alexander Mattison,RB,MIN,W (9/1)
2186666,Alize Mack,TE,GB,W (9/1)
2130337,Allen Hurns,WR,MIA,W (9/1)
2141655,Allen Lazard,WR,GB,W (9/1)
1889923,Allen Robinson,WR,LAR,CC
2082721,Alvin Kamara,RB,NO,CC
1984220,Amari Cooper,WR,CLE,NN
2809210,Amari Rodgers,WR,GB,GF
2001582,Amba Etta-Tawo,WR,HOU,W (9/1)
1824308,Ameer Abdullah,RB,LV,W (9/1)
2967690,Amon-Ra St Brown,WR,DET,CRB
3159102,Andre Baccellia,WR,ARI,W (9/1)
2963411,Andre Miller,WR,NYG,W (9/1)
1687529,Andre Roberts,WR,CAR,W (9/1)
2131774,Andrew Beck,TE,DEN,W (9/1)
26725942,Andrew Ogletree,TE,IND,W (9/1)
2252355,Andrew Parchment,WR,CAR,W (9/1)
2161771,Andrew Vollert,TE,IND,W (9/1)
1125961,Andy Dalton,QB,NO,W (9/1)
2182851,Andy Isabella,WR,ARI,W (9/1)
1983674,Andy Janovich,RB,HOU,W (9/1)
2223222,Anthony Brown,QB,BAL,W (9/1)
2818971,Anthony Firkser,TE,ATL,W (9/1)
2251387,Anthony Gordon,QB,KC,W (9/1)
2258536,Anthony Johnson,WR,PIT,W (9/1)
2804293,Anthony McFarland,RB,PIT,W (9/1)
2082810,Anthony Miller,WR,PIT,W (9/1)
1906458,Anthony Norris,TE,DEN,W (9/1)
2179349,Anthony Ratliff-Williams,WR,SEA,W (9/1)
2965374,Anthony Schwartz,WR,CLE,W (9/1)
2252278,Antoine Wesley,WR,ARI,W (9/1)
1272852,Antonio Brown,WR,TB,W (9/1)
2250521,Antonio Gandy-Golden,WR,WAS,W (9/1)
2960976,Antonio Gibson,RB,WAS,CRB
2258543,Antonio Nunn,WR,ATL,W (9/1)
3161114,Antonio Williams,RB,NYG,W (9/1)
2819226,Antony Auclair,TE,HOU,W (9/1)
2258253,Armani Rogers,QB,WAS,W (9/1)
2925428,Armanti Foreman,WR,MIN,W (9/1)
2250853,Artavis Pierce,RB,CLE,W (9/1)
2133477,Artavis Scott,WR,HOU,W (9/1)
2240334,Artayvious Lynn,TE,DAL,W (9/1)
2185867,Arthur Williams,WR,NYJ,W (9/1)
3116796,Ashton Dulin,WR,IND,W (9/1)
2245147,Asim Rose,RB,LAR,W (9/1)
2185902,Auden Tate,WR,ATL,W (9/1)
2804325,Austin Allen,TE,NYG,W (9/1)
2820090,Austin Ekeler,RB,LAC,VD
2131959,Austin Fort,TE,TEN,W (9/1)
2067004,Austin Hooper,TE,TEN,W (9/1)
2239784,Austin Mack,WR,SF,W (9/1)
2130950,Austin Proehl,WR,NYG,W (9/1)
2926510,Austin Ramesh,RB,ARI,W (9/1)
2838491,Austin Trammell,WR,LAR,W (9/1)
3116876,Austin Walter,RB,LV,W (9/1)
2961443,Austin Watkins,WR,TB,W (9/1)
2175115,Austin Willis,WR,DET,W (9/1)
2257948,Avery Williams,RB,ATL,W (9/1)
2868250,BJ Baylor,RB,GB,W (9/1)
1984363,BJ Catalon,RB,FA,W (9/1)
2252835,BJ Emmons,RB,JAC,W (9/1)
2184609,Bailey Gaither,WR,BAL,W (9/1)
2866483,Bailey Zappe,QB,NE,W (9/1)
2080032,Baker Mayfield,QB,CAR,W (9/1)
1906,Bears,DST,CHI,W (9/1)
28866830,Ben Beise,TE,TB,W (9/1)
2179411,Ben DiNucci,QB,DAL,W (9/1)
2190748,Ben Ellefson,TE,MIN,W (9/1)
395994,Ben Johnson,TE,LAC,W (9/1)
2819118,Ben Mason,RB,BAL,W (9/1)
2247046,Ben Skowronek,WR,LAR,W (9/1)
2260987,Ben Victor,WR,BAL,W (9/1)
1907,Bengals,DST,CIN,W (9/1)
2258154,Benny LeMay,RB,CLE,W (9/1)
2245150,Benny Snell,RB,PIT,W (9/1)
26665068,Bernhard Seikovits,TE,ARI,W (9/1)
1904,Bills,DST,BUF,MAM
2820079,Billy Brown,TE,IND,W (9/1)
2180922,Bisi Johnson,WR,MIN,W (9/1)
1630777,Blaine Gabbert,QB,TB,W (9/1)
1737101,Blake Bell,TE,KC,W (9/1)
1749727,Blake Bortles,QB,NO,W (9/1)
2819999,Blake Jarwin,TE,DAL,W (9/1)
2827939,Blake Proehl,WR,MIN,W (9/1)
2870475,Bo Melton,WR,SEA,W (9/1)
1840609,Bobo Beathard,WR,ARI,W (9/1)
2079334,Boston Scott,RB,PHI,W (9/1)
2256707,Branden Mack,WR,DEN,W (9/1)
1880880,Brandin Cooks,WR,HOU,W (9/1)
2967489,Brandon Aiyuk,WR,SF,W (9/1)
1852876,Brandon Allen,QB,CIN,W (9/1)
1632301,Brandon Bolden,RB,LV,W (9/1)
1776297,Brandon Bridge,QB,FA,W (9/1)
3116815,Brandon Dillon,TE,NO,W (9/1)
2245903,Brandon Johnson,RB,PIT,W (9/1)
2247509,Brandon Johnson,WR,DEN,W (9/1)
3044909,Brandon Lewis,WR,TEN,W (9/1)
2239738,Brandon Peters,QB,LAC,W (9/1)
2926490,Brandon Powell,WR,LAR,W (9/1)
2865783,Brandon Smith,WR,DAL,W (9/1)
2914676,Brandon Zylstra,WR,CAR,W (9/1)
2130981,Braxton Berrios,WR,NYJ,W (9/1)
28867632,Brayden Lenius,TE,ATL,W (9/1)
2869933,Braylon Sanders,WR,MIA,W (9/1)
3123469,Breece Hall,RB,NYJ,CRB
2130622,Brelan Chancellor,WR,PIT,W (9/1)
2864720,Brenden Knox,RB,KC,W (9/1)
2965527,Brennan Eagles,WR,DAL,W (9/1)
1984950,Breshad Perriman,WR,TB,W (9/1)
1824723,Brett Hundley,QB,BAL,W (9/1)
2181392,Brett Rypien,QB,DEN,W (9/1)
2964787,Brevin Jordan,TE,HOU,W (9/1)
2131960,Brian Hill,RB,SF,W (9/1)
517243,Brian Hoyer,QB,NE,W (9/1)
2186429,Brian Lewerke,QB,NYG,W (9/1)
2741207,Brian Robinson,RB,WAS,ELP
2247169,Briley Moore-McKinney,TE,TEN,W (9/1)
2185571,Britain Covey,WR,PHI,W (9/1)
2249805,Brittain Brown,RB,LV,W (9/1)
2961306,Brock Purdy,QB,SF,W (9/1)
2807423,Brock Wright,TE,DET,W (9/1)
1909,Broncos,DST,DEN,W (9/1)
1930,Browns,DST,CLE,W (9/1)
2190739,Bruce Anderson,RB,IND,W (9/1)
2240557,Bruno Labelle,TE,ARI,W (9/1)
2221840,Bryan Edwards,WR,ATL,W (9/1)
2803780,Bryant Koback,RB,MIN,W (9/1)
3103642,Bryant Mitchell,WR,TB,W (9/1)
2186835,Bryce Love,RB,WAS,W (9/1)
3159114,Bryce Perkins,QB,LAR,W (9/1)
2183906,Brycen Hopkins,TE,LAR,W (9/1)
1927,Buccaneers,DST,TB,W (9/1)
2926809,Buddy Howell,RB,LAR,W (9/1)
2060469,Bug Howard,WR,TB,W (9/1)
2239646,Byron Pringle,WR,CHI,W (9/1)
1998463,CJ Beathard,QB,JAC,W (9/1)
2818904,CJ Board,WR,NYG,W (9/1)
2180481,CJ Conrad,TE,NYG,W (9/1)
2237239,CJ Ham,RB,MIN,W (9/1)
2239828,CJ Marable,RB,CHI,W (9/1)
2239786,CJ Saunders,WR,CAR,W (9/1)
2174118,CJ Uzomah,TE,NYJ,MWM
2866324,CJ Verdell,RB,IND,W (9/1)
2868649,Cade Brewer,TE,SEA,W (9/1)
2241709,Cade Johnson,WR,SEA,W (9/1)
2815179,Cade Otton,TE,TB,W (9/1)
2865212,Caleb Huntley,RB,ATL,W (9/1)
2139757,Caleb Scott,WR,LV,W (9/1)
2251371,Caleb Wilson,TE,DEN,W (9/1)
2866214,Calvin Austin,WR,PIT,VD
2968105,Calvin Jackson,WR,NYJ,W (9/1)
2186328,Calvin Ridley,WR,ATL,W (9/1)
2804034,Cam Akers,RB,LAR,NN
1273186,Cam Newton,QB,CAR,W (9/1)
2925163,Cam Sims,WR,WAS,W (9/1)
2968097,Cam Sutton,TE,SEA,W (9/1)
2926801,Cameron Batson,WR,ATL,W (9/1)
2132787,Cameron Brate,TE,TB,W (9/1)
3161136,Cameron Scarlett,RB,SEA,W (9/1)
1901,Cardinals,DST,ARI,W (9/1)
2179354,Carl Tucker,TE,MIA,W (9/1)
1751883,Carlos Hyde,RB,JAC,W (9/1)
2963002,Carson Strong,QB,PHI,W (9/1)
1907522,Carson Wentz,QB,WAS,CRB
2355180,Carson Williams,TE,LV,W (9/1)
2242759,Cary Angeline,TE,PHI,W (9/1)
2194263,Case Cookus,QB,LV,W (9/1)
1137118,Case Keenum,QB,BUF,W (9/1)
2240685,Ced Wilson,WR,MIA,W (9/1)
2865251,CeeDee Lamb,WR,DAL,WLW
2060620,Cethan Carter,TE,MIA,W (9/1)
2925891,Chad Beebe,WR,HOU,W (9/1)
2132152,Chad Hansen,WR,ATL,W (9/1)
517291,Chad Henne,QB,KC,W (9/1)
2092376,Chad Kanoff,QB,TB,W (9/1)
2262609,Changa Hodge,WR,ARI,W (9/1)
1924,Chargers,DST,LAC,FRR
3117020,Charles Holland,WR,CIN,W (9/1)
2141604,Charles Scarff,TE,BAL,W (9/1)
2867306,Charleston Rambo,WR,CAR,W (9/1)
2866273,Charlie Kolar,TE,BAL,W (9/1)
2183178,Charlie Taumoepeau,TE,DET,W (9/1)
2248629,Charlie Woerner,TE,SF,W (9/1)
2260965,Chase Allen,TE,CHI,W (9/1)
2260676,Chase Claypool,WR,PIT,CC
565754,Chase Daniel,QB,LAC,W (9/1)
2137507,Chase Edmonds,RB,MIA,CC
2770158,Chase Garbers,QB,LV,W (9/1)
2179546,Chase Harrell,TE,SF,W (9/1)
2182351,Chase Litton,QB,JAC,W (9/1)
2010688,Chester Rogers,WR,HOU,W (9/1)
2185503,Cheyenne O'Grady,TE,CIN,W (9/1)
1914,Chiefs,DST,KC,MWM
2965208,Chigoziem Okonkwo,TE,TEN,W (9/1)
2965618,Chris Blair,WR,GB,W (9/1)
2185541,Chris Carson,RB,SEA,W (9/1)
1824756,Chris Conley,WR,HOU,W (9/1)
2260647,Chris Evans,RB,CIN,W (9/1)
2186662,Chris Finke,WR,CHI,W (9/1)
2818150,Chris Godwin,WR,TB,MAM
2136463,Chris Herndon,TE,NO,W (9/1)
2167520,Chris Manhertz,TE,JAC,W (9/1)
1871375,Chris Moore,WR,HOU,W (9/1)
3117054,Chris Myarick,TE,NYG,W (9/1)
2261701,Chris Oladokun,QB,PIT,W (9/1)
2963666,Chris Olave,WR,NO,AFL
2835008,Chris Pierce,WR,ARI,W (9/1)
2250916,Chris Rowland,WR,TEN,W (9/1)
3157672,Chris Streveler,QB,NYJ,W (9/1)
1273546,Chris Thompson,RB,CHI,W (9/1)
2925200,Christian Blake,WR,ARI,W (9/1)
2180820,Christian Kirk,WR,JAC,NN
2136743,Christian McCaffrey,RB,CAR,FRR
2926331,Christian Scotland-Williamson,TE,PIT,W (9/1)
3114045,Christian Wade,RB,BUF,W (9/1)
2869806,Christian Watson,WR,GB,GF
1893141,Christion Jones,WR,MIA,W (9/1)
2926929,Christopher Ezeala,RB,BAL,W (9/1)
2865693,Chuba Hubbard,RB,CAR,MAM
2136556,Clayton Thorson,QB,NYG,W (9/1)
2804554,Clyde Edwards-Helaire,RB,KC,ELP
2927083,Codey McElroy,TE,TB,W (9/1)
2000925,Cody Core,WR,MIA,W (9/1)
1749732,Cody Fajardo,QB,LV,W (9/1)
2818961,Cody Hollister,WR,TEN,W (9/1)
2136709,Cody Thompson,WR,SEA,W (9/1)
2865884,Cody White,WR,PIT,W (9/1)
2867522,Colby Parkinson,TE,SEA,W (9/1)
1977145,Cole Beasley,WR,BUF,W (9/1)
2240503,Cole Fotheringham,TE,LV,W (9/1)
2136567,Cole Herdman,TE,TEN,W (9/1)
2247069,Cole Kelley,QB,WAS,W (9/1)
2868619,Cole Kmet,TE,CHI,W (9/1)
2257005,Cole McDonald,QB,ARI,W (9/1)
2961855,Cole Turner,TE,WAS,W (9/1)
1130583,Colin Kaepernick,QB,SF,W (9/1)
2820078,Colin Thompson,TE,CAR,W (9/1)
2240315,Collin Johnson,WR,NYG,W (9/1)
1630750,Collin Klein,QB,FA,W (9/1)
584648,Colt McCoy,QB,ARI,W (9/1)
1912,Colts,DST,IND,VD
1929,Commanders,DST,WAS,W (9/1)
3170411,Connor Davis,TE,CLE,W (9/1)
2867599,Connor Heyward,RB,PIT,W (9/1)
2866341,Connor Wedington,WR,HOU,W (9/1)
2006951,Cooper Kupp,WR,LAR,MWM
2000176,Cooper Rush,QB,DAL,W (9/1)
1996183,Cordarrelle Patterson,RB,ATL,MCM
2071773,Corey Clement,RB,BAL,W (9/1)
2001251,Corey Coleman,WR,KC,W (9/1)
2061005,Corey Davis,WR,NYJ,W (9/1)
2239648,Corey Sutton,WR,DET,W (9/1)
26734864,Corey Taylor,RB,CLE,W (9/1)
2239529,Cornell Powell,WR,KC,W (9/1)
3117088,Cortrelle Simpson,WR,TB,W (9/1)
2218461,Courtland Sutton,WR,DEN,MAM
1908,Cowboys,DST,DAL,CRB
3117134,Craig Reynolds,RB,DET,W (9/1)
3116625,Cullen Gillaspia,RB,NYG,W (9/1)
2760856,Curtis Hodges,TE,WAS,W (9/1)
2131252,Curtis Samuel,WR,WAS,AFL
2807384,Cyril Grayson,WR,TB,W (9/1)
2242794,Cyrus Holder,WR,CHI,W (9/1)
2871710,D'Andre Swift,RB,DET,FRR
2247544,D'Eriq King,QB,NE,W (9/1)
3117165,D'Ernest Johnson,RB,CLE,W (9/1)
2139847,D'Onta Foreman,RB,CAR,VD
2252411,D'Wayne Eskridge,WR,SEA,W (9/1)
2866570,D'vonte Price,RB,IND,W (9/1)
2131689,DJ Chark,WR,DET,W (9/1)
3116788,DJ Montgomery,WR,IND,W (9/1)
2179328,DJ Moore,WR,CAR,WLW
2251084,DJ Turner,WR,LV,W (9/1)
2260185,DK Metcalf,WR,SEA,MWM
2186347,DaMarkus Lodge,WR,CIN,W (9/1)
1762348,DaRon Brown,WR,FA,W (9/1)
1888751,DaVaris Daniels,WR,NE,W (9/1)
2079276,DaeSean Hamilton,WR,HOU,W (9/1)
2864965,Dai'Jean Dixon,WR,NO,W (9/1)
1996830,Daje Johnson,WR,ATL,W (9/1)
1824864,Dak Prescott,QB,DAL,MCM
2132551,Dallas Goedert,TE,PHI,MAM
2805113,Dalton Keene,TE,NE,W (9/1)
2179601,Dalton Schoen,WR,KC,W (9/1)
2136748,Dalton Schultz,TE,DAL,VD
2130893,Dalvin Cook,RB,MIN,W (9/1)
2241450,Dalyn Williams,QB,CHI,W (9/1)
3117269,Damarea Crockett,RB,DEN,W (9/1)
2964236,Dameon Pierce,RB,HOU,FRR
2186318,Damien Harris,RB,NE,W (9/1)
2130689,Damien Williams,RB,ATL,W (9/1)
2174809,Damiere Byrd,WR,ATL,W (9/1)
3117009,Damion Jeanpiere,WR,CAR,W (9/1)
2180832,Damion Ratley,WR,MIN,W (9/1)
3117021,Damion Willis,WR,PIT,W (9/1)
2252367,Damon Hazelton,WR,HOU,W (9/1)
2835170,Dan Arnold,TE,JAC,W (9/1)
3159144,Dan Chisena,WR,MIN,W (9/1)
2963615,Daniel Bellinger,TE,NYG,W (9/1)
2175305,Daniel Brown,TE,NYJ,W (9/1)
2188929,Daniel Crawford,TE,GB,W (9/1)
2131632,Daniel Helm,TE,ATL,W (9/1)
2179245,Daniel Jones,QB,NYG,WLW
516968,Danny Amendola,WR,HOU,W (9/1)
2866956,Danny Davis,WR,GB,W (9/1)
2060804,Danny Etling,QB,GB,W (9/1)
3168336,Danny Gray,WR,SF,W (9/1)
2139642,Dante Pettis,WR,CHI,W (9/1)
2010409,Dare Ogunbowale,RB,HOU,W (9/1)
26654230,Darece Roberson,WR,SEA,W (9/1)
27017067,Dareke Young,WR,SEA,W (9/1)
3157668,Darion Clark,TE,CHI,W (9/1)
2240319,Darius Anderson,RB,HOU,W (9/1)
3159123,Darius Bradwell,RB,CAR,W (9/1)
26642430,Darius Clark,RB,CAR,W (9/1)
2000193,Darius Jackson,RB,HOU,W (9/1)
2183982,Darius Slayton,WR,NYG,W (9/1)
3117071,Darnell Holland,RB,NO,W (9/1)
2240651,Darnell Mooney,WR,CHI,VD
2131714,Darrel Williams,RB,ARI,MCM
2079698,Darrell Daniels,TE,HOU,W (9/1)
2240590,Darrell Henderson,RB,LAR,W (9/1)
2053740,Darren Fells,TE,TB,W (9/1)
1850793,Darren Waller,TE,LV,W (9/1)
3116786,Darrin Hall,RB,PIT,W (9/1)
3116850,Darrius Shepherd,WR,DEN,W (9/1)
2240806,Darrynton Evans,RB,CHI,W (9/1)
2962970,Darwin Thompson,RB,SEA,W (9/1)
2136930,Daurice Fountain,WR,KC,W (9/1)
1893167,Davante Adams,WR,LV,VD
3131708,David Bell,WR,CLE,GF
2131261,David Blough,QB,DET,W (9/1)
1760290,David Johnson,RB,HOU,W (9/1)
2261252,David Montgomery,RB,CHI,VD
2818351,David Moore,WR,CHI,W (9/1)
2136474,David Njoku,TE,CLE,W (9/1)
2179491,David Sills,WR,NYG,W (9/1)
2080164,David Wells,TE,ARI,W (9/1)
3116814,Davion Davis,WR,HOU,W (9/1)
2816170,Davis Cheek,QB,CAR,W (9/1)
2867381,Davis Mills,QB,HOU,VD
2061379,Davis Webb,QB,NYG,W (9/1)
2080267,Davon Grayson,WR,KC,W (9/1)
1892454,Davonte Allen,WR,BUF,W (9/1)
2186345,Dawson Knox,TE,BUF,W (9/1)
2975629,Dax Milne,WR,WAS,W (9/1)
2189163,Dax Raymond,TE,PIT,W (9/1)
2878374,Daylen Baldwin,WR,CLE,W (9/1)
2804309,Dazz Newsome,WR,CHI,W (9/1)
3159059,De'Michael Harris,WR,IND,W (9/1)
3125318,De'Montre Tuggle,RB,CHI,W (9/1)
2925144,De'Mornay Pierson-El,WR,DEN,W (9/1)
2180325,De'Quan Hampton,WR,SEA,W (9/1)
2174795,DeAndre Carter,WR,LAC,W (9/1)
1737078,DeAndre Hopkins,WR,ARI,W (9/1)
2131257,DeAndre Thompkins,WR,GB,W (9/1)
559554,DeSean Jackson,WR,LV,W (9/1)
2868230,DeShon Williams,TE,SEA,W (9/1)
2142291,DeShone Kizer,QB,TEN,W (9/1)
1851283,DeVante Parker,WR,NE,W (9/1)
2866975,DeVonta Smith,WR,PHI,CRB
1621175,DeVonte Christopher,WR,FA,W (9/1)
2137691,DeVonte Dedmon,WR,MIA,W (9/1)
2261694,DeVontres Dukes,WR,DEN,W (9/1)
2179672,Dede Westbrook,WR,MIN,W (9/1)
2239541,Dedrick Mills,RB,DET,W (9/1)
1824784,Dee Hart,RB,FA,W (9/1)
2804094,DeeJay Dallas,RB,SEA,W (9/1)
2139735,Deebo Samuel,WR,SF,ELP
2061095,Demarcus Robinson,WR,LV,W (9/1)
2131493,Demario Richard,RB,ATL,W (9/1)
2240193,Demetric Felton,RB,CLE,W (9/1)
2250830,Demetris Robertson,WR,SEA,W (9/1)
2060074,Demetrius Harris,TE,ARI,W (9/1)
2866062,Dennis Houston,WR,DAL,W (9/1)
2253076,Denzel Mims,WR,NYJ,W (9/1)
2179211,Deon Cain,WR,PHI,W (9/1)
2866237,Deon Jackson,RB,IND,W (9/1)
2925876,Deon Yelder,TE,ARI,W (9/1)
3116892,Deonte Harty,WR,NO,W (9/1)
2926949,Deontez Alexander,WR,SEA,W (9/1)
1664819,Derek Carr,QB,LV,GF
1977121,Derek Carrier,TE,LV,W (9/1)
1871361,Derek Watt,RB,PIT,W (9/1)
3124074,Derek Wright,WR,CAR,W (9/1)
2969083,Derrick Deese,TE,DET,W (9/1)
2180617,Derrick Dillon,WR,CLE,W (9/1)
3127656,Derrick Gore,RB,KC,W (9/1)
2061188,Derrick Henry,RB,TEN,VD
2130883,Derrick Johnson,WR,NYG,W (9/1)
2180624,Derrius Guice,RB,WAS,W (9/1)
2133482,Deshaun Watson,QB,CLE,NN
2864759,Desmond Ridder,QB,ATL,CRB
2925203,Detrich Clark,WR,ATL,W (9/1)
1868418,Devante Davis,WR,PHI,W (9/1)
2969006,Deven Thompkins,WR,TB,W (9/1)
2260483,Devin Asiasi,TE,NE,W (9/1)
2246849,Devin Duvernay,WR,BAL,W (9/1)
2001877,Devin Funchess,WR,DET,W (9/1)
2925207,Devin Gray,WR,BAL,W (9/1)
2082532,Devin Ross,WR,NE,W (9/1)
2241251,Devin Singletary,RB,BUF,W (9/1)
1871319,Devin Smith,WR,CAR,W (9/1)
2179635,Devine Ozigbo,RB,NO,W (9/1)
2071814,Devon Allen,WR,PHI,W (9/1)
1243006,Devon Ramsay,RB,FA,W (9/1)
2966004,Devon Williams,WR,BAL,W (9/1)
1824135,Devonta Freeman,RB,BAL,W (9/1)
2061491,Devontae Booker,RB,NYG,W (9/1)
2139449,Devonte Robinson,WR,GB,W (9/1)
2186678,Dexter Williams,RB,CLE,W (9/1)
2251151,Dez Fitzpatrick,WR,TEN,W (9/1)
2221990,Dezmon Patmon,WR,IND,W (9/1)
2221967,Dillon Mitchell,WR,MIN,W (9/1)
2250402,Dillon Stoner,WR,LV,W (9/1)
2194164,Diontae Johnson,WR,PIT,VD
2132892,Diontae Spencer,WR,DEN,W (9/1)
1915,Dolphins,DST,MIA,AFL
2967157,Dom Wood-Anderson,TE,SEA,W (9/1)
3172375,Dominique Dafney,TE,GB,W (9/1)
2183713,Donald Parham,TE,LAC,W (9/1)
2819119,Donovan Peoples-Jones,WR,CLE,CC
3122376,Dontario Drummond,WR,DAL,W (9/1)
26664285,Donte Sylencieux,WR,BAL,W (9/1)
2925536,Dontrell Hilliard,RB,TEN,W (9/1)
3127902,Drake London,WR,ATL,FRR
3117010,Drew Anderson,QB,ARI,W (9/1)
3117011,Drew Belcher,TE,WAS,W (9/1)
2242283,Drew Estrada,WR,HOU,W (9/1)
2185479,Drew Lock,QB,SEA,W (9/1)
2252376,Drew Plitt,QB,CIN,W (9/1)
2139646,Drew Sample,TE,CIN,W (9/1)
1998316,Duke Johnson,RB,BUF,W (9/1)
2082845,Durham Smythe,TE,MIA,W (9/1)
2867334,Dustin Crum,QB,KC,W (9/1)
2260980,Dwayne Haskins,QB,PIT,W (9/1)
2061078,Dwayne Washington,RB,NO,W (9/1)
1995653,Dy'Shawn Mobley,RB,CIN,W (9/1)
2965973,Dyami Brown,WR,WAS,W (9/1)
2080023,Dylan Cantrell,WR,WAS,W (9/1)
2223195,Dylan Parham,TE,DEN,W (9/1)
2261259,Dylan Soehner,TE,NO,W (9/1)
2804090,EJ Perry,QB,JAC,W (9/1)
1921,Eagles,DST,PHI,W (9/1)
3159184,Easop Winston,WR,NO,W (9/1)
2137911,Easton Stick,QB,LAC,W (9/1)
2241806,Eli Stove,WR,LAC,W (9/1)
3161106,Eli Wolf,TE,GB,W (9/1)
2248620,Elijah Holyfield,RB,CIN,W (9/1)
2064670,Elijah McGuire,RB,KC,W (9/1)
2819876,Elijah Mitchell,RB,SF,W (9/1)
2963569,Elijah Moore,WR,NYJ,FRR
2237090,Elijhaa Penny,RB,NYG,W (9/1)
2185471,Emanuel Hall,WR,WAS,W (9/1)
2142440,Emmanuel Butler,WR,NO,W (9/1)
564943,Emmanuel Sanders,WR,BUF,W (9/1)
2760832,Eno Benjamin,RB,ARI,W (9/1)
2186674,Equanimeous St Brown,WR,CHI,W (9/1)
3116821,Eric Dungey,QB,CIN,W (9/1)
1865396,Eric Ebron,TE,PIT,W (9/1)
2001018,Eric Saubert,TE,DEN,W (9/1)
1759992,Eric Tomlinson,TE,DEN,W (9/1)
2962352,Erik Ezukanma,WR,MIA,W (9/1)
2868233,Erik Krommenhoek,TE,LAC,W (9/1)
2412493,Ethan Fernea,WR,IND,W (9/1)
2131644,Ethan Wolf,TE,NO,W (9/1)
2079887,Evan Engram,TE,JAC,W (9/1)
2060769,Ezekiel Elliott,RB,DAL,W (9/1)
1902,Falcons,DST,ATL,W (9/1)
2186356,Farrod Green,TE,IND,W (9/1)
2221829,Feleipe Franks,QB,ATL,W (9/1)
2261052,Felix Harper,QB,CLE,W (9/1)
2186422,Felton Davis,WR,KC,W (9/1)
2180634,Foster Moreau,TE,LV,W (9/1)
2242757,Frank Darby,WR,ATL,W (9/1)
2221836,Freddie Swain,WR,SEA,W (9/1)
3159131,Gabe Nabers,RB,LAC,W (9/1)
2804813,Gabriel Davis,WR,BUF,WLW
2183083,Gardner Minshew,QB,PHI,W (9/1)
2136090,Garrett Gilbert,QB,LV,W (9/1)
2239251,Garrett Griffin,TE,DET,W (9/1)
2251875,Garrett Groshek,RB,MIN,W (9/1)
2239574,Garrett Walston,TE,SF,W (9/1)
3123864,Garrett Wilson,WR,NYJ,MAM
2870531,Gary Brightwell,RB,NYG,W (9/1)
1851098,Gary Chambers,WR,BUF,W (9/1)
2179483,Gary Jennings,WR,KC,W (9/1)
2819441,Gehrig Dieter,WR,KC,W (9/1)
1700358,Geno Smith,QB,SEA,CC
2174207,Geoff Swaim,TE,TEN,W (9/1)
3116741,George Aston,RB,NYG,W (9/1)
2818265,George Kittle,TE,SF,AFL
3123212,George Pickens,WR,PIT,CC
2142692,Gerald Everett,TE,LAC,MAM
2131172,Geronimo Allison,WR,ATL,W (9/1)
2240551,Gerrid Doaks,RB,MIA,W (9/1)
2969148,Gerrit Prince,WR,JAC,W (9/1)
1918,Giants,DST,NYG,W (9/1)
1737248,Giovani Bernard,RB,TB,W (9/1)
2189091,Giovanni Ricci,TE,CAR,W (9/1)
2071750,Godwin Igwebuike,RB,DET,W (9/1)
1265470,Golden Tate,WR,TEN,W (9/1)
2184656,Graham Adomitis,TE,IND,W (9/1)
2804129,Grant Calcaterra,TE,PHI,W (9/1)
2247058,Grayson Gunter,TE,JAC,W (9/1)
3137978,Greg Bell,RB,DET,W (9/1)
2223207,Greg Dortch,WR,ARI,W (9/1)
2964274,Greg Dulcich,TE,DEN,W (9/1)
2820084,Greg Ward,WR,PHI,W (9/1)
2233463,Griffin Neal,QB,NO,W (9/1)
3117210,Gunner Olszewski,WR,PIT,W (9/1)
2925410,Gus Edwards,RB,BAL,W (9/1)
2241240,Harrison Bryant,TE,CLE,W (9/1)
2252503,Harvey Binford,WR,IND,W (9/1)
2968506,Hassan Haskins,RB,TEN,AFL
2185053,Hayden Hurst,TE,CIN,W (9/1)
28869012,Henry Litwin,WR,CHI,W (9/1)
2815166,Hunter Bryant,TE,DET,W (9/1)
2079848,Hunter Henry,TE,NE,ELP
2221963,Hunter Kampmoyer,TE,LAC,W (9/1)
2867428,Hunter Long,TE,MIA,W (9/1)
2144726,Hunter Renfrow,WR,LV,MCM
2180777,Hunter Thedford,TE,DET,W (9/1)
2260674,Ian Book,QB,NO,W (9/1)
2136530,Ian Bunting,TE,DAL,W (9/1)
2253359,Ian Thomas,TE,CAR,W (9/1)
2865894,Ihmir Smith-Marsette,WR,MIN,W (9/1)
2257888,Irv Smith,TE,MIN,W (9/1)
2185963,Irvin Charles,WR,NYJ,W (9/1)
3117099,Isaac Zico,WR,ARI,W (9/1)
2830035,Isaiah Coulter,WR,CHI,W (9/1)
2139164,Isaiah Ford,WR,IND,W (9/1)
2783899,Isaiah Hodgins,WR,BUF,W (9/1)
2961906,Isaiah Likely,TE,BAL,W (9/1)
2131587,Isaiah McKenzie,WR,BUF,W (9/1)
2965743,Isaiah McKoy,WR,IND,W (9/1)
2182104,Isaiah Searight,TE,NYG,W (9/1)
3131703,Isaiah Spiller,RB,LAC,WLW
2247180,Isaiah Weston,WR,CLE,W (9/1)
2179609,Isaiah Zuber,WR,LV,W (9/1)
3116376,Ishmael Hyman,WR,GB,W (9/1)
1679913,Isi Sofele,RB,FA,W (9/1)
2966551,Isiah Pacheco,RB,KC,W (9/1)
2139965,Ito Smith,RB,DAL,W (9/1)
1752358,JC Copeland,RB,NYJ,W (9/1)
1886804,JD McKissic,RB,WAS,W (9/1)
2186820,JJ Arcega-Whiteside,WR,PHI,W (9/1)
2864966,JJ Howland,TE,TB,W (9/1)
3159111,JJ Koski,WR,LAR,W (9/1)
2174122,JJ Nelson,WR,IND,W (9/1)
2252786,JJ Taylor,RB,NE,W (9/1)
2804420,JK Dobbins,RB,BAL,CRB
2237671,JP Holtz,TE,NO,W (9/1)
2060760,JT Barrett,QB,PIT,W (9/1)
2188157,Ja'Marcus Bradley,WR,CLE,W (9/1)
2966320,Ja'Marr Chase,WR,CIN,FRR
2189504,JaMycal Hasty,RB,SF,W (9/1)
26653256,JaQuan Hardy,RB,DAL,W (9/1)
3126147,JaVonta Payton,WR,ARI,W (9/1)
2179567,Jace Sternberger,TE,PIT,W (9/1)
2804446,Jack Coan,QB,IND,W (9/1)
2240110,Jack Sorenson,WR,CIN,W (9/1)
2239684,Jack Stoll,TE,PHI,W (9/1)
2180288,Jacob Breeland,TE,BAL,W (9/1)
2240210,Jacob Eason,QB,SEA,W (9/1)
2189290,Jacob Harris,TE,LAR,W (9/1)
2818962,Jacob Hollister,TE,LV,W (9/1)
1877247,Jacoby Brissett,QB,CLE,W (9/1)
3158720,Jacques Patrick,RB,CIN,W (9/1)
2930527,Jaeden Graham,TE,PHI,W (9/1)
2836391,Jaelon Darden,WR,TB,W (9/1)
1913,Jaguars,DST,JAC,W (9/1)
2962944,Jahan Dotson,WR,WAS,MCM
2962413,Jaivon Heiligh,WR,CIN,W (9/1)
3159143,Jake Bargas,RB,MIN,W (9/1)
2180355,Jake Browning,QB,CIN,W (9/1)
3159209,Jake Burt,TE,NE,W (9/1)
3117019,Jake Dolegala,QB,MIA,W (9/1)
2867159,Jake Ferguson,TE,DAL,W (9/1)
2803326,Jake Fromm,QB,NYG,W (9/1)
2239544,Jake Funk,RB,LAR,W (9/1)
2260981,Jake Hausmann,TE,SEA,W (9/1)
2252298,Jake Herslow,WR,SEA,W (9/1)
2174839,Jake Kumerow,WR,BUF,W (9/1)
2132133,Jake Luton,QB,JAC,W (9/1)
2253478,Jake Phillips,TE,PIT,W (9/1)
2925215,Jake Roh,TE,ATL,W (9/1)
2870660,Jake Tonges,TE,CHI,W (9/1)
1860924,Jakeem Grant,WR,CLE,W (9/1)
3114047,Jakob Johnson,RB,LV,W (9/1)
2183835,Jakobi Meyers,WR,NE,W (9/1)
2243322,Jalen Camp,WR,HOU,W (9/1)
2186663,Jalen Guyton,WR,LAC,W (9/1)
2131633,Jalen Hurd,WR,SF,W (9/1)
2240246,Jalen Hurts,QB,PHI,W (9/1)
2185697,Jalen McCleskey,WR,NO,W (9/1)
3159098,Jalen Morton,QB,IND,W (9/1)
2967232,Jalen Nailor,WR,MIN,W (9/1)
2803733,Jalen Reagor,WR,PHI,W (9/1)
2237795,Jalen Richard,RB,LV,W (9/1)
2868238,Jalen Tolbert,WR,DAL,CRB
2240825,Jalen Virgil,WR,DEN,W (9/1)
2820236,Jalen Williams,WR,NYG,W (9/1)
3131559,Jalen Wydermyer,TE,BUF,W (9/1)
2001287,Jamaal Williams,RB,DET,W (9/1)
2818264,Jamal Agnew,WR,JAC,W (9/1)
2139136,Jamal Custis,WR,PIT,W (9/1)
2240263,Jamal Pettigrew,TE,LAR,W (9/1)
1998197,Jameis Winston,QB,NO,GF
2164714,James Butler,RB,LV,W (9/1)
2071585,James Conner,RB,ARI,GF
2975698,James Cook,RB,BUF,CC
2963242,James Mitchell,TE,DET,W (9/1)
2180077,James Morgan,QB,IND,W (9/1)
2174148,James O'Shaughnessy,TE,CHI,W (9/1)
2180769,James Proche,WR,BAL,W (9/1)
2257036,James Robinson,RB,JAC,W (9/1)
2146188,James Washington,WR,DAL,W (9/1)
1759592,James White,RB,NE,W (9/1)
3125968,Jameson Williams,WR,DET,GF
2223214,Jamie Newman,QB,PHI,W (9/1)
1850749,Jamison Crowder,WR,BUF,W (9/1)
2805613,Jaquarii Roberson,WR,DAL,W (9/1)
1824667,Jared Baker,RB,ARI,W (9/1)
28866852,Jared Bernhardt,QB,ATL,W (9/1)
584314,Jared Cook,TE,LAC,W (9/1)
2061053,Jared Goff,QB,DET,FRR
2180558,Jared Pinkney,TE,LAR,W (9/1)
2866491,Jared Scott,TE,CAR,W (9/1)
3123048,Jared Smart,WR,ARI,W (9/1)
2964701,Jaret Patterson,RB,WAS,W (9/1)
2247508,Jarrett Guarantano,QB,ARI,W (9/1)
2180697,Jarrett Stidham,QB,LV,W (9/1)
1824833,Jarvis Landry,WR,NO,W (9/1)
2965967,Jashaun Corbin,RB,NYG,W (9/1)
2139293,Jason Cabinda,RB,DET,W (9/1)
2819968,Jason Croom,TE,PHI,W (9/1)
2239939,Jason Huntley,RB,PHI,W (9/1)
3117063,Jason Moore,WR,LAC,W (9/1)
2180514,Jauan Jennings,WR,SF,W (9/1)
2965989,Javian Hawkins,RB,LAR,W (9/1)
2260685,Javon McKinley,WR,PIT,W (9/1)
2248628,Javon Wims,WR,CLE,W (9/1)
2961719,Javonte Williams,RB,DEN,FRR
2185207,Jawon Chisholm,RB,PIT,W (9/1)
1877289,Jay Rome,TE,PIT,W (9/1)
2237679,Jaydon Mickens,WR,JAC,W (9/1)
2136449,Jaylen Samuels,RB,ARI,W (9/1)
2181185,Jaylen Smith,WR,NE,W (9/1)
2962110,Jaylen Waddle,WR,MIA,FRR
3126535,Jaylen Warren,RB,PIT,W (9/1)
2181988,Jaylon Moore,WR,BAL,W (9/1)
2180620,Jazz Ferguson,WR,SEA,W (9/1)
2925550,Jeff Badet,WR,LV,W (9/1)
3159126,Jeff Cotton,WR,JAC,W (9/1)
1824745,Jeff Driskel,QB,HOU,W (9/1)
2185927,Jeff Smith,WR,NYJ,W (9/1)
2925161,Jeff Wilson,RB,SF,W (9/1)
2787078,Jelani Woods,TE,IND,VD
2237669,Jenson Stoshak,WR,CAR,W (9/1)
2260702,Jequez Ezzard,WR,WAS,W (9/1)
2804133,Jeremiah Hall,TE,NYG,W (9/1)
2815197,Jeremiah Haydel,WR,LAR,W (9/1)
2129680,Jeremy Gallon,WR,LV,W (9/1)
2139987,Jeremy McNichols,RB,PIT,W (9/1)
2965446,Jeremy Ruckert,TE,NYJ,W (9/1)
1999945,Jeremy Sprinkle,TE,DAL,W (9/1)
2176561,Jeret Smith,WR,KC,W (9/1)
2129436,Jerick McKinnon,RB,KC,W (9/1)
2964472,Jermar Jefferson,RB,DET,W (9/1)
2966543,Jerome Ford,RB,CLE,W (9/1)
2179406,Jerome Washington,TE,ARI,W (9/1)
3123544,Jerreth Sterns,WR,TB,W (9/1)
3126859,Jerrion Ealy,RB,KC,W (9/1)
2741201,Jerry Jeudy,WR,DEN,FRR
3117107,Jesper Horsted,TE,LV,W (9/1)
1983808,Jesse James,TE,CHI,W (9/1)
1919,Jets,DST,NYJ,W (9/1)
2758267,Jhamon Ausbon,WR,PHI,W (9/1)
2202419,Jibri Blount,TE,MIA,W (9/1)
1760229,Jimmy Garoppolo,QB,SF,AFL
1691166,Jimmy Graham,TE,CHI,W (9/1)
2818702,JoJo Natson,WR,CLE,W (9/1)
3159155,JoJo Ward,WR,ARI,W (9/1)
3117124,Jody Fortson,TE,KC,W (9/1)
2179798,Joe Burrow,QB,CIN,AFL
1250697,Joe Flacco,QB,NYJ,W (9/1)
2131143,Joe Mixon,RB,CIN,AFL
2251260,Joe Reed,WR,LAC,W (9/1)
2257291,John Bates,TE,WAS,W (9/1)
2129438,John Brown,WR,TB,W (9/1)
2975736,John FitzPatrick,TE,ATL,W (9/1)
2969061,John Hightower,WR,PHI,W (9/1)
3159214,John Hurst,WR,IND,W (9/1)
2180519,John Kelly,RB,CLE,W (9/1)
3116861,John Lovett,RB,MIA,W (9/1)
2868681,John Lovett,RB,CAR,W (9/1)
3121171,John Metchie,WR,HOU,AFL
2252295,John Mitchell,WR,SEA,W (9/1)
2241250,John Raine,TE,ATL,W (9/1)
2079710,John Ross,WR,NYG,W (9/1)
3116657,John Ursua,WR,SEA,W (9/1)
2983467,John Wolford,QB,LAR,W (9/1)
3159233,Johnathon Johnson,WR,WAS,W (9/1)
2131248,Johnnie Dixon,WR,DAL,W (9/1)
2864938,Johnny Johnson,WR,HOU,W (9/1)
2818622,Johnny Mundt,TE,MIN,W (9/1)
2925893,Johnny Stanton,RB,CLE,W (9/1)
2136691,Jon'Vea Johnson,WR,CHI,W (9/1)
2805617,Jonathan Adams,WR,DET,W (9/1)
3117025,Jonathan Duhart,WR,DET,W (9/1)
2866395,Jonathan Taylor,RB,IND,CC
3159088,Jonathan Ward,RB,ARI,W (9/1)
1999948,Jonathan Williams,RB,WAS,W (9/1)
2175993,Jonathon Rumph,WR,NYJ,W (9/1)
2081506,Jonnu Smith,TE,NE,W (9/1)
2804559,Jontre Kirklin,WR,ARI,W (9/1)
2142712,Jordan Akins,TE,NYG,W (9/1)
2139040,Jordan Ellis,RB,CIN,W (9/1)
2926472,Jordan Franks,TE,KC,W (9/1)
2083294,Jordan Howard,RB,PHI,W (9/1)
2239997,Jordan Love,QB,GB,W (9/1)
2967536,Jordan Mason,RB,SF,W (9/1)
1759816,Jordan Matthews,WR,SF,W (9/1)
2180445,Jordan Scarlett,RB,MIA,W (9/1)
2758265,Jordan Ta'amu-Perifanos,QB,CAR,W (9/1)
2249166,Jordan Thomas,TE,DET,W (9/1)
2926603,Jordan Veasy,WR,LV,W (9/1)
2079901,Jordan Wilkins,RB,TEN,W (9/1)
2237119,Jordan Williams-Lambert,WR,CHI,W (9/1)
2186572,Josh Adams,RB,NO,W (9/1)
2181054,Josh Allen,QB,BUF,CC
2869854,Josh Babicz,TE,CAR,W (9/1)
1825087,Josh Doctson,WR,ARI,W (9/1)
1686045,Josh Gordon,WR,KC,W (9/1)
2221831,Josh Hammond,WR,NE,W (9/1)
1766833,Josh Harper,WR,LV,W (9/1)
2257897,Josh Hokit,RB,SF,W (9/1)
2240184,Josh Imatorbhebhe,WR,JAC,W (9/1)
2257876,Josh Jacobs,RB,LV,W (9/1)
1684461,Josh Jarboe,WR,FA,W (9/1)
1325808,Josh Johnson,QB,DEN,W (9/1)
2989318,Josh Johnson,RB,SEA,W (9/1)
2867095,Josh Johnson,WR,DET,W (9/1)
3159112,Josh Love,QB,CAR,W (9/1)
2131636,Josh Malone,WR,TEN,W (9/1)
2184618,Josh Oliver,TE,BAL,W (9/1)
2867325,Josh Palmer,WR,LAC,W (9/1)
3159217,Josh Pearson,WR,TB,W (9/1)
2240612,Josh Pederson,TE,KC,W (9/1)
1884450,Josh Perkins,TE,NYJ,W (9/1)
2174982,Josh Reese,WR,PHI,W (9/1)
2131796,Josh Reynolds,WR,DET,W (9/1)
2180347,Josh Rosen,QB,CLE,W (9/1)
1893731,Josh Woodrum,QB,WAS,W (9/1)
2071844,Joshua Dobbs,QB,CLE,W (9/1)
2183195,Joshua Kelley,RB,LAC,W (9/1)
2181108,Josiah Deguara,TE,GB,W (9/1)
2139620,JuJu Smith-Schuster,WR,KC,FRR
1623794,Julio Jones,WR,TB,W (9/1)
2967664,Julius Chestnut,RB,TEN,W (9/1)
2250388,Justice Hill,RB,BAL,W (9/1)
1273205,Justin Fields,QB,CHI,MAM
2865819,Justin Hall,WR,LV,W (9/1)
2221960,Justin Herbert,QB,LAC,MCM
2155320,Justin Jackson,RB,DET,W (9/1)
2871343,Justin Jefferson,WR,MIN,NN
3117392,Justin Johnson,TE,ARI,W (9/1)
2245145,Justin Rigg,TE,CIN,W (9/1)
2174961,Justin Tukes,TE,PHI,W (9/1)
2137198,Justin Watson,WR,KC,W (9/1)
2965335,Justyn Ross,WR,KC,W (9/1)
2967680,Juwan Green,WR,TEN,W (9/1)
2186637,Juwan Johnson,TE,NO,W (9/1)
3116589,Juwann Winfree,WR,GB,W (9/1)
2251134,KJ Costello,QB,LAC,W (9/1)
2804432,KJ Hamler,WR,DEN,W (9/1)
2179813,KJ Hill,WR,LAC,W (9/1)
2184383,KJ Osborn,WR,MIN,CRB
2180870,KaVontae Turpin,WR,DAL,W (9/1)
2767487,Kadarius Toney,WR,NYG,AFL
28868815,Kaden Davis,WR,DEN,W (9/1)
2251343,Kaden Smith,TE,NYG,W (9/1)
2190068,Kahale Warring,TE,NO,W (9/1)
2186493,Kai Locksley,WR,MIA,W (9/1)
2131476,Kalen Ballage,RB,PIT,W (9/1)
2180433,Kalif Jackson,TE,MIA,W (9/1)
1999329,Kalif Raymond,WR,DET,W (9/1)
2247525,Kalija Lipscomb,WR,TEN,W (9/1)
2805116,Kalil Pimpleton,WR,DET,W (9/1)
2191099,Kameron Brown,WR,TB,W (9/1)
2139794,Kamryn Pettway,RB,MIN,W (9/1)
2185711,Karan Higdon,RB,HOU,W (9/1)
2079567,Kareem Hunt,RB,CLE,W (9/1)
2264866,Kawaan Baker,WR,NO,W (9/1)
3124929,Kaylon Geiger,WR,TB,W (9/1)
2179704,Ke'Shawn Vaughn,RB,TB,W (9/1)
2962791,Keaontay Ingram,RB,ARI,MCM
2142105,KeeSean Johnson,WR,SF,W (9/1)
2820044,Keelan Cole,WR,LV,W (9/1)
2137866,Keelan Doss,WR,NYG,W (9/1)
1737096,Keenan Allen,WR,LAC,GF
2139241,Keenen Brown,TE,HOU,W (9/1)
28867199,Kehinde Oginni,TE,KC,W (9/1)
2925874,Keith Kirkwood,WR,CAR,W (9/1)
2130290,Keith Smith,RB,ATL,W (9/1)
2819975,Keith Towbridge,TE,WAS,W (9/1)
2185733,Keke Coutee,WR,IND,W (9/1)
2260488,Kekoa Crawford,WR,IND,W (9/1)
2758278,Kellen Mond,QB,MIN,W (9/1)
2179210,Kelly Bryant,QB,FA,W (9/1)
2246942,Kelvin Harmon,WR,WAS,W (9/1)
2186057,Kelvin McKnight,WR,DEN,W (9/1)
2139213,Kendall Blanton,TE,LAR,W (9/1)
2179376,Kendall Hinton,WR,DEN,W (9/1)
2251888,Kendric Pryor,WR,CIN,W (9/1)
2088428,Kendrick Bourne,WR,NE,GF
2261254,Kene Nwangwu,RB,MIN,W (9/1)
2182974,Kenji Bahar,QB,BAL,W (9/1)
1631827,Kenjon Barner,RB,TB,W (9/1)
2867341,Kennedy Brooks,RB,PHI,W (9/1)
2968948,Kenneth Gainwell,RB,PHI,CC
2175119,Kenneth Harper,RB,NYG,W (9/1)
3121372,Kenneth Walker,RB,SEA,ELP
2005894,Kenny Golladay,WR,NYG,W (9/1)
2804969,Kenny Pickett,QB,PIT,FRR
1737295,Kenny Stills,WR,NO,W (9/1)
2256993,Kenny Yeboah,TE,NYJ,W (9/1)
2000903,Kenyan Drake,RB,LV,W (9/1)
2185868,Kenzel Doe,WR,PIT,W (9/1)
3122481,Keric Wheatfall,WR,PHI,W (9/1)
2183545,Kerrith Whyte,RB,GB,W (9/1)
2183973,Kerryon Johnson,RB,PHI,W (9/1)
3126551,Keshunn Abram,WR,NYJ,W (9/1)
2969073,Kevin Austin,WR,JAC,W (9/1)
3122797,Kevin Harris,RB,NE,W (9/1)
1851143,Kevin Hogan,QB,HOU,W (9/1)
2261023,Kevin Kassis,WR,SEA,W (9/1)
2868972,Kevin Marks,RB,LAC,W (9/1)
2925426,Kevin Rader,TE,PIT,W (9/1)
2965479,Kevin Shaa,WR,CHI,W (9/1)
2060558,Kevin White,WR,NO,W (9/1)
2954080,Khadarel Hodge,WR,ATL,W (9/1)
2818380,Khalfani Muhammad,RB,ARI,W (9/1)
2253041,Khalil Herbert,RB,CHI,VD
2866259,Khalil McClain,WR,MIA,W (9/1)
2969119,Khalil Shakir,WR,BUF,WLW
3159159,Khalil Tate,WR,PHI,W (9/1)
2139744,Khari Blasingame,RB,CHI,W (9/1)
1272574,Kirk Cousins,QB,MIN,CC
3159069,Kirk Merritt,WR,NO,W (9/1)
2239763,Ko Kieft,TE,TB,W (9/1)
3161137,Kristian Wilkerson,WR,NE,W (9/1)
2061565,Kurt Benkert,QB,GB,W (9/1)
2253045,Kwamie Lassiter,WR,CIN,W (9/1)
2131782,Kyle Allen,QB,HOU,W (9/1)
1683145,Kyle Juszczyk,RB,SF,W (9/1)
2084411,Kyle Lauletta,QB,CLE,W (9/1)
2185055,Kyle Markway,TE,LAR,W (9/1)
2966039,Kyle Philips,WR,TEN,W (9/1)
2964514,Kyle Pitts,TE,ATL,MCM
1633122,Kyle Rudolph,TE,TB,W (9/1)
2180561,Kyle Shurmur,QB,WAS,W (9/1)
2820013,Kyle Sloter,QB,JAC,W (9/1)
2221839,Kyle Trask,QB,TB,NN
2247146,Kylen Granson,TE,IND,W (9/1)
2180829,Kyler Murray,QB,ARI,NN
2876547,Kylin Hill,RB,GB,W (9/1)
3121836,Kyren Williams,RB,LAR,W (9/1)
2835698,Kyric McGowan,WR,WAS,W (9/1)
2925157,LaQuvionte Gonzalez,WR,LAR,W (9/1)
2185128,LaVance Taylor,RB,KC,W (9/1)
2181169,Lamar Jackson,QB,BAL,WLW
1691169,Lamar Miller,RB,NO,W (9/1)
2248610,Lamical Perine,RB,NYJ,W (9/1)
2838798,Lance Lenoir,WR,PHI,W (9/1)
2836356,Lance McCutcheon,WR,LAR,W (9/1)
2221935,Landen Akers,WR,LAR,W (9/1)
2247199,Landon Lenoir,WR,CHI,W (9/1)
2079899,Laquon Treadwell,WR,JAC,W (9/1)
2866927,Larry Rountree,RB,LAC,W (9/1)
1637004,Latavius Murray,RB,BAL,W (9/1)
2866321,Laviska Shenault,WR,JAC,W (9/1)
2183845,Lawrence Cager,WR,NYJ,W (9/1)
1751828,Le'Veon Bell,RB,TB,W (9/1)
2188191,LeVante Bellamy,RB,DEN,W (9/1)
2963315,Leddie Brown,RB,LAC,W (9/1)
1276441,Lee Smith,TE,ATL,W (9/1)
2131693,Leonard Fournette,RB,TB,W (9/1)
3123128,Leroy Watson,TE,ATL,W (9/1)
2819874,Levi Lewis,QB,SEA,W (9/1)
1685990,Levine Toilolo,TE,NYG,W (9/1)
2246852,Lil'Jordan Humphrey,WR,NE,W (9/1)
1910,Lions,DST,DET,W (9/1)
1691193,Logan Thomas,TE,WAS,AFL
2060999,Logan Woodside,QB,TEN,W (9/1)
2961761,Lucas Krull,TE,NO,W (9/1)
2927085,Luis Perez,QB,LAR,W (9/1)
2828807,Lujuan Winningham,WR,JAC,W (9/1)
2260977,Luke Farrell,TE,JAC,W (9/1)
1125485,Luke Stocker,TE,MIN,W (9/1)
2875380,Lynn Bowden,WR,MIA,W (9/1)
2741202,Mac Jones,QB,NE,ELP
2010349,Mack Hollins,WR,LV,W (9/1)
3122839,Makai Polk,WR,BAL,W (9/1)
1852916,Malcolm Brown,RB,NO,W (9/1)
2251971,Malcolm Perry,WR,NE,W (9/1)
2175065,Malcome Kennedy,WR,NO,W (9/1)
2773009,Malik Davis,RB,DAL,W (9/1)
3116830,Malik Henry,WR,NO,W (9/1)
3117089,Malik Taylor,WR,GB,W (9/1)
2136527,Malik Turner,WR,SF,W (9/1)
2780940,Malik Williams,WR,BUF,W (9/1)
2804167,Malik Willis,QB,TEN,WLW
3159152,Manasseh Bailey,WR,NYJ,W (9/1)
2131504,Manny Wilkins,QB,GB,W (9/1)
415313,Marcedes Lewis,TE,GB,W (9/1)
2079176,Marcell Ateman,WR,LV,W (9/1)
2181212,Marcus Green,WR,PHI,W (9/1)
2237683,Marcus Johnson,WR,SF,W (9/1)
2819444,Marcus Kemp,WR,NYG,W (9/1)
1880862,Marcus Mariota,QB,ATL,W (9/1)
2893412,Marcus Santos-Silva,TE,CLE,W (9/1)
3125670,Marcus Simms,WR,JAC,W (9/1)
2131121,Mark Andrews,TE,BAL,ELP
1623793,Mark Ingram,RB,NO,W (9/1)
2925520,Mark Thompson,RB,LV,W (9/1)
2354807,Mark Vital,TE,KC,W (9/1)
1853070,Marken Michel,WR,WAS,W (9/1)
2145762,Marlon Mack,RB,HOU,W (9/1)
2247505,Marquez Callaway,WR,NO,W (9/1)
2247547,Marquez Stevenson,WR,BUF,W (9/1)
2071540,Marquez Valdes-Scantling,WR,KC,W (9/1)
2804128,Marquise Brown,WR,ARI,ELP
1691489,Marquise Goodwin,WR,SEA,W (9/1)
2239250,Marvin Hall,WR,JAC,W (9/1)
1631804,Marvin Jones,WR,JAC,W (9/1)
3161133,Mason Kinsey,WR,TEN,W (9/1)
2131167,Mason Rudolph,QB,PIT,W (9/1)
2818374,Mason Schreck,TE,HOU,W (9/1)
2251890,Mason Stokke,RB,CAR,W (9/1)
2962320,Master Teague,RB,PIT,W (9/1)
2966697,Mataeo Durant,RB,PIT,W (9/1)
2240073,Mathew Sexton,WR,KC,W (9/1)
1664140,Matt Barkley,QB,BUF,W (9/1)
2819100,Matt Breida,RB,NYG,W (9/1)
2807406,Matt Bushman,TE,KC,W (9/1)
3159066,Matt Cole,WR,SEA,W (9/1)
2961962,Matt Corral,QB,CAR,MAM
1851039,Matt Johnson,QB,CIN,W (9/1)
2174931,Matt LaCosse,TE,NE,W (9/1)
420095,Matt Ryan,QB,IND,W (9/1)
2184386,Matt Seybert,TE,LAC,W (9/1)
2131215,Matt Sokol,TE,NE,W (9/1)
1615610,Matthew Slater,WR,NE,W (9/1)
1114942,Matthew Stafford,QB,LAR,W (9/1)
2250208,Maurice Ffrench,WR,LAC,W (9/1)
2965014,Max Borghi,RB,DEN,W (9/1)
1983769,Maxx Williams,TE,ARI,W (9/1)
2248618,Mecole Hardman,WR,KC,ELP
2967901,Mekhi Sargent,RB,JAC,W (9/1)
1871347,Melvin Gordon,RB,DEN,W (9/1)
2188221,Micah Simon,WR,CAR,W (9/1)
2245832,Michael Bandy,WR,LAC,W (9/1)
1759407,Michael Burton,RB,KC,W (9/1)
2804075,Michael Carter,RB,NYJ,GF
3161102,Michael Dereus,WR,BAL,W (9/1)
2080283,Michael Dyer,RB,LV,W (9/1)
2240415,Michael Gallup,WR,DAL,CRB
2202932,Michael Jacobson,TE,IND,W (9/1)
2185524,Michael Johnson,WR,PHI,W (9/1)
2240188,Michael Pittman,WR,IND,ELP
1983802,Michael Thomas,WR,NO,WLW
3117047,Michael Walker,WR,PHI,W (9/1)
2965459,Michael Woods,WR,CLE,W (9/1)
2868607,Michael Young,WR,IND,W (9/1)
2924894,Mikah Holder,WR,WAS,W (9/1)
2925551,Mike Boone,RB,DEN,W (9/1)
2000079,Mike Davis,RB,BAL,W (9/1)
1824909,Mike Evans,WR,TB,MAM
2139298,Mike Gesicki,TE,MIA,CC
1630353,Mike Glennon,QB,NYG,W (9/1)
2826762,Mike Harley,WR,CLE,W (9/1)
26650288,Mike Strachan,WR,IND,W (9/1)
2139967,Mike Thomas,WR,CIN,W (9/1)
2179830,Mike Weber,RB,NYG,W (9/1)
2072143,Mike White,QB,NYJ,W (9/1)
2082516,Mike Williams,WR,LAC,MCM
2195033,Mikey Daniel,RB,CAR,W (9/1)
2186656,Miles Boykin,WR,PIT,W (9/1)
2251305,Miles Sanders,RB,PHI,W (9/1)
2240245,Miller Forristall,TE,CLE,W (9/1)
2175046,Milton Williams,WR,LV,W (9/1)
2060476,Mitchell Trubisky,QB,PIT,W (9/1)
2188431,Mitchell Wilcox,TE,CIN,W (9/1)
2815925,Mo Alie-Cox,TE,IND,W (9/1)
1664646,Mohamed Sanu,WR,MIA,W (9/1)
1630429,Montel Harris,RB,FA,W (9/1)
2866191,Montrell Washington,WR,DEN,W (9/1)
2235403,Moritz Boehringer,TE,CIN,W (9/1)
1760327,MyCole Pruitt,TE,TEN,W (9/1)
2180360,Myles Gaskin,RB,MIA,W (9/1)
3123387,Myron Mitchell,WR,MIN,W (9/1)
2221807,N'Keal Harry,WR,CHI,W (9/1)
2741200,Najee Harris,RB,PIT,WLW
3159147,Nakia Griffin-Stewart,TE,CLE,W (9/1)
26664471,Nate McCrary,RB,BAL,W (9/1)
2251110,Nate Stanley,QB,MIN,W (9/1)
2001862,Nate Sudfeld,QB,SF,W (9/1)
2179741,Nate Wieting,TE,NYG,W (9/1)
2179289,Nathan Cottrell,RB,JAC,W (9/1)
1984209,Nathan Peterman,QB,CHI,W (9/1)
2893513,Naz Bohannon,TE,JAC,W (9/1)
2807947,Neil Pau'u,WR,BUF,W (9/1)
1996508,Nelson Agholor,WR,NE,W (9/1)
2131912,Nick Bawden,RB,NYJ,W (9/1)
1244136,Nick Bellore,RB,SEA,W (9/1)
2185960,Nick Bowers,TE,LV,W (9/1)
1888149,Nick Boyle,TE,BAL,W (9/1)
2180613,Nick Brossette,RB,DET,W (9/1)
2131579,Nick Chubb,RB,CLE,W (9/1)
2804380,Nick Easley,WR,BUF,W (9/1)
2260646,Nick Eubanks,TE,CIN,W (9/1)
2131743,Nick Fitzgerald,QB,TB,W (9/1)
1631750,Nick Foles,QB,IND,W (9/1)
26661732,Nick Guggemos,TE,CLE,W (9/1)
2819104,Nick Mullens,QB,LV,W (9/1)
2818056,Nick Muse,TE,MIN,W (9/1)
2180244,Nick Ralston,RB,DAL,W (9/1)
2925439,Nick Sharga,RB,LV,W (9/1)
2927394,Nick Stevens,QB,DEN,W (9/1)
1871322,Nick Vannett,TE,NO,W (9/1)
2185954,Nick Westbrook,WR,TEN,W (9/1)
2878193,Nico Collins,WR,HOU,AFL
2131958,Nico Evans,RB,PHI,W (9/1)
28867671,Nikola Kalinic,TE,IND,W (9/1)
2139270,Noah Brown,WR,DAL,W (9/1)
2251095,Noah Fant,TE,SEA,GF
2866903,Noah Gray,TE,KC,W (9/1)
3159160,Noah Togiai,TE,PHI,W (9/1)
2252366,Nolan Givan,TE,DET,W (9/1)
3117157,Nsimba Webster,WR,CHI,W (9/1)
2183832,Nyheim Hines,RB,IND,CC
2061190,OJ Howard,TE,BUF,W (9/1)
1824823,Odell Beckham,WR,LAR,W (9/1)
2186266,Olamide Zaccheaus,WR,ATL,W (9/1)
2179863,Omar Bayless,WR,KC,W (9/1)
2249164,Osirus Mitchell,WR,GB,W (9/1)
2804600,Otis Anderson,RB,LAR,W (9/1)
2818659,PJ Walker,QB,CAR,W (9/1)
1911,Packers,DST,GB,W (9/1)
1905,Panthers,DST,CAR,W (9/1)
2139547,Papi White,WR,TEN,W (9/1)
3117115,Parker Hesse,TE,ATL,W (9/1)
2139271,Parris Campbell,WR,IND,W (9/1)
2961270,Pat Freiermuth,TE,PIT,NN
3159195,Patrick Carr,RB,SEA,W (9/1)
2139562,Patrick Laird,RB,MIA,W (9/1)
2142052,Patrick Mahomes,QB,KC,FRR
2818911,Patrick Ricard,RB,BAL,W (9/1)
2256736,Patrick Taylor,RB,GB,W (9/1)
1931,Patriots,DST,NE,GF
3172008,Paul Quessenberry,TE,HOU,W (9/1)
1999663,Paxton Lynch,QB,PIT,W (9/1)
2183625,Penny Hart,WR,SEA,W (9/1)
3172327,Pete Guerriero,RB,PIT,W (9/1)
2079861,Peyton Barber,RB,LV,W (9/1)
2867545,Peyton Hendershot,TE,DAL,W (9/1)
2819155,Pharaoh Brown,TE,HOU,W (9/1)
2079796,Pharoh Cooper,WR,NYG,W (9/1)
1836058,Phillip Dorsett,WR,HOU,W (9/1)
2079084,Phillip Lindsay,RB,IND,W (9/1)
2175073,Phillip Sims,QB,SEA,W (9/1)
2819247,Pierre Strong,RB,NE,W (9/1)
2962347,Pooka Williams,RB,CIN,W (9/1)
3117057,Preston Williams,WR,MIA,W (9/1)
2965260,Pro Wells,TE,CIN,W (9/1)
2136496,Qadree Ollison,RB,ATL,W (9/1)
2249179,Quartney Davis,WR,IND,W (9/1)
2262953,Quez Watkins,WR,PHI,W (9/1)
2251870,Quintez Cephus,WR,DET,W (9/1)
2864581,Quintin Morris,TE,BUF,W (9/1)
2248189,Ra'Shaun Henry,WR,CAR,W (9/1)
2804561,Racey McMath,WR,TEN,W (9/1)
3169147,Rachaad White,RB,TB,MAM
2870476,Raheem Blackshear,RB,BUF,W (9/1)
2174957,Raheem Mostert,RB,MIA,W (9/1)
1920,Raiders,DST,LV,W (9/1)
2260196,Rakeem Boyd,RB,DET,W (9/1)
2248289,Raleigh Webb,WR,BAL,W (9/1)
2079834,Ralph Webb,RB,PIT,W (9/1)
1923,Rams,DST,LAR,W (9/1)
1632091,Randall Cobb,WR,GB,W (9/1)
2144893,Rashaad Penny,RB,SEA,W (9/1)
2873379,Rashard Davis,WR,NYJ,W (9/1)
2071919,Rashard Higgins,WR,CAR,W (9/1)
2250863,Rashid Shaheed,WR,NO,W (9/1)
2960940,Rashod Bateman,WR,BAL,WLW
2237133,Rashon Ceaser,WR,TEN,W (9/1)
1903,Ravens,DST,BAL,W (9/1)
2179226,Ray-Ray McCloud,WR,SF,W (9/1)
2252175,Raymond Calais,RB,LAR,W (9/1)
2239232,Reece Horn,WR,CIN,W (9/1)
2926462,Reggie Bonnafon,RB,WAS,W (9/1)
2820499,Reggie Davis,WR,DAL,W (9/1)
3161112,Reggie Gilliam,TE,BUF,W (9/1)
2835560,Reggie Roberson,WR,TEN,W (9/1)
3116826,Reggie White,WR,NYG,W (9/1)
3159194,Reid Sinnett,QB,PHI,W (9/1)
1679738,Rex Burkhead,RB,HOU,W (9/1)
3125832,Rhamondre Stevenson,RB,NE,MWM
2130257,Richard Rodgers,TE,PHI,W (9/1)
2132282,Richie James,WR,NYG,W (9/1)
2966141,Ricky Person,RB,BAL,W (9/1)
2080003,Ricky Seals-Jones,TE,NYG,W (9/1)
2251993,Rico Bussey,WR,PIT,W (9/1)
2252798,Rico Dowdle,RB,DAL,W (9/1)
2926601,Rico Gafford,WR,GB,W (9/1)
2247038,Riley Lees,WR,CIN,W (9/1)
2890282,River Cracraft,WR,MIA,W (9/1)
1244303,Rob Gronkowski,TE,TB,W (9/1)
1886746,Robbie Anderson,WR,CAR,W (9/1)
2082715,Robert Foster,WR,NYG,W (9/1)
2820026,Robert Tonyan,TE,GB,W (9/1)
1754280,Robert Woods,WR,TEN,W (9/1)
2079556,Rodney Adams,WR,NYJ,W (9/1)
2179644,Rodney Anderson,RB,CIN,W (9/1)
2165586,Rodney Smith,RB,DET,W (9/1)
2262718,Rodney Williams,WR,DEN,W (9/1)
2838581,Roger Carter,TE,LAR,W (9/1)
2961886,Romeo Doubs,WR,GB,CRB
2180329,Ronald Jones,RB,KC,W (9/1)
2968526,Rondale Moore,WR,ARI,CC
2804793,Ronnie Rivers,RB,ARI,W (9/1)
2924888,Ross Dwelley,TE,SF,W (9/1)
2195596,Ross Travis,TE,DET,W (9/1)
2139588,Royce Freeman,RB,HOU,W (9/1)
2131694,Russell Gage,WR,TB,CRB
1272242,Russell Wilson,QB,DEN,GF
1631205,Ryan Aplin,QB,FA,W (9/1)
3159083,Ryan Becker,TE,ATL,W (9/1)
547043,Ryan Fitzpatrick,QB,WAS,W (9/1)
2058361,Ryan Griffin,QB,TB,W (9/1)
2057695,Ryan Griffin,TE,CHI,W (9/1)
2138988,Ryan Izzo,TE,TEN,W (9/1)
2879694,Ryan McDaniel,WR,JAC,W (9/1)
2141896,Ryan Nall,RB,DAL,W (9/1)
2060475,Ryan Switzer,WR,CLE,W (9/1)
1273654,Ryan Tannehill,QB,TEN,W (9/1)
2219913,Ryan Williams,QB,GB,W (9/1)
2179571,Ryan Willis,QB,CHI,W (9/1)
2186616,Ryquell Armstead,RB,JAC,W (9/1)
3159167,Rysen John,TE,CHI,W (9/1)
2806063,Sage Surratt,WR,LAC,W (9/1)
1917,Saints,DST,NO,NN
2804541,Sal Cannella,TE,GB,W (9/1)
2815163,Salvon Ahmed,RB,MIA,W (9/1)
2180320,Sam Darnold,QB,CAR,W (9/1)
2803330,Sam Ehlinger,QB,IND,W (9/1)
3123797,Sam Howell,QB,WAS,ELP
2131148,Samaje Perine,RB,CIN,W (9/1)
2157431,Sammis Reyes,TE,WAS,W (9/1)
1850743,Sammy Watkins,WR,GB,W (9/1)
2245831,Samori Toure,WR,GB,W (9/1)
2260501,Samson Nacua,WR,IND,W (9/1)
3168435,Sandro Platzgummer,RB,NYG,W (9/1)
2185957,Saquon Barkley,RB,NYG,W (9/1)
2869196,Savon Scarver,WR,CHI,W (9/1)
2251139,Scooter Harrington,TE,CHI,W (9/1)
2180075,Scott Miller,WR,TB,W (9/1)
2060508,Scott Orndoff,TE,PHI,W (9/1)
2962972,Scottie Phillips,RB,HOU,W (9/1)
2186416,Scotty Washington,TE,CIN,W (9/1)
1926,Seahawks,DST,SEA,W (9/1)
1737484,Sean Mannion,QB,MIN,W (9/1)
2239736,Sean McKeon,TE,DAL,W (9/1)
3116763,Sean Modster,WR,BAL,W (9/1)
2239758,Seth Green,TE,HOU,W (9/1)
2965944,Seth Williams,WR,DEN,W (9/1)
2240338,Sewo Olonilua,RB,DAL,W (9/1)
2240307,Shane Buechele,QB,KC,W (9/1)
26688308,Shane Zylstra,TE,DET,W (9/1)
2926785,Shaq Roland,WR,CHI,W (9/1)
2251090,Shaun Beyer,TE,MIN,W (9/1)
3116832,Shawn Poindexter,WR,SF,W (9/1)
28866847,Shemar Bridges,WR,BAL,W (9/1)
3162906,Shermari Jones,RB,CIN,W (9/1)
2869963,Shi Smith,WR,CAR,W (9/1)
3161110,Siaosi Mariner,WR,BAL,W (9/1)
2965289,Simi Fehoko,WR,DAL,W (9/1)
3121308,Sincere McCormick,RB,LV,W (9/1)
2239649,Skylar Thompson,QB,MIA,W (9/1)
3126874,Skyy Moore,WR,KC,ELP
2960931,Slade Bolden,WR,BAL,W (9/1)
3121004,Snoop Conner,RB,JAC,W (9/1)
2131588,Sony Michel,RB,MIA,MAM
2867517,Spencer Brown,RB,CAR,W (9/1)
2870666,Stanley Berryhill,WR,ATL,W (9/1)
2179632,Stanley Morgan,WR,CIN,W (9/1)
1922,Steelers,DST,PIT,W (9/1)
2000038,Stefon Diggs,WR,BUF,MCM
1880821,Stephen Anderson,TE,ARI,W (9/1)
3116783,Stephen Carlson,TE,CLE,W (9/1)
2961462,Stephen Guidry,WR,DAL,W (9/1)
2223251,Stephen Sullivan,TE,CAR,W (9/1)
2961667,Stephon Robinson,WR,ARI,W (9/1)
1996786,Sterling Shepard,WR,NYG,W (9/1)
2925153,Steve Ishmael,WR,IND,W (9/1)
2185536,Steven Montez,QB,DET,W (9/1)
3116703,Steven Sims,WR,PIT,W (9/1)
2967217,Stevie Scott,RB,DEN,W (9/1)
2864800,Stone Smartt,QB,LAC,W (9/1)
2251097,TJ Hockenson,TE,DET,FRR
2963440,TJ Pledger,RB,ARI,W (9/1)
3116702,TJ Rahming,WR,MIA,W (9/1)
2240254,TJ Simmons,WR,TB,W (9/1)
2252275,TJ Vasher,WR,DAL,W (9/1)
1673733,TY Hilton,WR,IND,W (9/1)
1679885,Taimi Tutogi,RB,FA,W (9/1)
1682469,Taiwan Jones,RB,BUF,W (9/1)
3117391,Taj McGowan,RB,JAC,W (9/1)
2010724,Tajae Sharpe,WR,CHI,W (9/1)
2250273,Talolo Limu-Jones,WR,CAR,W (9/1)
2866340,Tamorrion Terry,WR,SEA,W (9/1)
2260697,Tanner Conner,WR,MIA,W (9/1)
2819979,Tanner Gentry,WR,BUF,W (9/1)
2926606,Tanner Hudson,TE,SF,W (9/1)
2819115,Tarik Black,WR,NYJ,W (9/1)
2091113,Tarik Cohen,RB,CHI,W (9/1)
2183276,Taryn Christion,QB,PIT,W (9/1)
2239519,Tavien Feaster,RB,ARI,W (9/1)
1700338,Tavon Austin,WR,BUF,W (9/1)
3153041,Tavonn Salter,WR,ATL,W (9/1)
2865709,Tay Martin,WR,SF,W (9/1)
2174914,Taylor Heinicke,QB,WAS,W (9/1)
2804284,Tayon Fleet-Davis,RB,KC,W (9/1)
2253350,Taysir Mack,WR,SF,W (9/1)
2818935,Taysom Hill,TE,NO,W (9/1)
2965963,Teagan Quitoriano,TE,HOU,W (9/1)
1825122,Teddy Bridgewater,QB,MIA,W (9/1)
2809208,Tee Higgins,WR,CIN,WLW
1888046,Temarrick Hemingway,TE,WAS,W (9/1)
2071631,Temuchin Hodges,TE,PIT,W (9/1)
2963214,Terrace Marshall,WR,CAR,WLW
2130333,Terrance Cobb,RB,LV,W (9/1)
2180462,Terry Godwin,WR,TEN,W (9/1)
2139279,Terry McLaurin,WR,WAS,AFL
3116837,Terry Wright,WR,MIA,W (9/1)
2001839,Tevin Coleman,RB,NYJ,W (9/1)
1932,Texans,DST,HOU,W (9/1)
2246946,Thaddeus Moss,TE,CIN,W (9/1)
2780930,Thomas Hennigan,WR,MIN,W (9/1)
3116774,Thomas Ives,WR,CHI,W (9/1)
2964832,Thomas Odukoya,TE,TEN,W (9/1)
2819114,Thomas Sperbeck,WR,TB,W (9/1)
2071997,Tim Boyle,QB,DET,W (9/1)
2236987,Tim Brown,TE,TB,W (9/1)
2839207,Tim Jones,WR,JAC,W (9/1)
2818910,Tim Patrick,WR,DEN,W (9/1)
1928,Titans,DST,TEN,W (9/1)
187741,Tom Brady,QB,TB,MWM
3117113,Tom Kennedy,WR,DET,W (9/1)
3161130,Tommy Hudson,TE,TEN,W (9/1)
2139106,Tommy Sweeney,TE,BUF,W (9/1)
2969027,Tommy Tremble,TE,CAR,W (9/1)
2237113,Tommylee Lewis,WR,MIA,W (9/1)
3117135,Tony Brooks-James,RB,PIT,W (9/1)
2260681,Tony Jones,RB,NO,W (9/1)
2240052,Tony Poljan,TE,BAL,W (9/1)
2184011,Tony Pollard,RB,DAL,W (9/1)
2804550,Tory Carter,RB,TEN,W (9/1)
1705702,Trabis Ward,RB,FA,W (9/1)
2139306,Trace McSorley,QB,ARI,W (9/1)
1685895,Tracy Moore,WR,FA,W (9/1)
2865807,Travell Harris,WR,CLE,W (9/1)
1630448,Travis Benjamin,WR,SF,W (9/1)
2809206,Travis Etienne,RB,JAC,MCM
2143075,Travis Fulgham,WR,DEN,W (9/1)
2249831,Travis Homer,RB,SEA,W (9/1)
3159190,Travis Jonsen,WR,TB,W (9/1)
1725130,Travis Kelce,TE,KC,CRB
3127726,Travis Koontz,TE,LV,W (9/1)
2261149,Travis Toivonen,WR,NYG,W (9/1)
2222046,Trayveon Williams,RB,CIN,W (9/1)
2239576,Tre Harbison,RB,CLE,W (9/1)
2260187,Tre Nixon,WR,NE,W (9/1)
2966451,Tre Turner,WR,LV,W (9/1)
2864807,Tre Walker,WR,BUF,W (9/1)
2804040,Tre' McKitty,TE,LAC,W (9/1)
2142731,Tre'Quan Smith,WR,NO,W (9/1)
2139758,Trent Sherfield,WR,MIA,W (9/1)
2060838,Trent Taylor,WR,CIN,W (9/1)
2924426,Trenton Cannon,RB,TEN,W (9/1)
3117052,Trenton Irwin,WR,CIN,W (9/1)
2868595,Trestan Ebner,RB,CHI,W (9/1)
2133481,Trevion Thompson,WR,TEN,W (9/1)
2240172,Trevon Bradford,WR,LAC,W (9/1)
3127826,Trevon Clark,WR,BAL,W (9/1)
2826772,Trevon Grimes,WR,PHI,W (9/1)
2243366,Trevon Wesco,TE,NYJ,W (9/1)
2967185,Trevor Lawrence,QB,JAC,NN
2174210,Trevor Siemian,QB,CHI,W (9/1)
2820531,Trey Edmunds,RB,PIT,W (9/1)
2969444,Trey Lance,QB,SF,AFL
2963385,Trey McBride,TE,ARI,MAM
2131704,Trey Quinn,WR,DEN,W (9/1)
2252190,Trey Ragas,RB,LAR,W (9/1)
2804142,Trey Sermon,RB,SF,GF
3122944,Treylon Burks,WR,TEN,NN
3116706,Trinity Benson,WR,DET,W (9/1)
2253371,Trishton Jackson,WR,MIN,W (9/1)
2071777,Troy Fumagalli,TE,SF,W (9/1)
2741209,Tua Tagovailoa,QB,MIA,MAM
2866766,Tucker Fisk,TE,ATL,W (9/1)
2965372,Tutu Atwell,WR,LAR,W (9/1)
2867472,Ty Chandler,RB,MIN,W (9/1)
2866135,Ty Fryfogle,WR,DAL,W (9/1)
2179323,Ty Johnson,RB,NYJ,W (9/1)
1851149,Ty Montgomery,RB,NE,W (9/1)
3172893,Ty'Son Williams,RB,IND,W (9/1)
2866424,Tylan Wallace,WR,BAL,W (9/1)
2975590,Tyler Allgeier,RB,ATL,NN
2964494,Tyler Badie,RB,BAL,W (9/1)
2071582,Tyler Boyd,WR,CIN,W (9/1)
1737685,Tyler Bray,QB,SF,W (9/1)
2165249,Tyler Conklin,TE,NYJ,W (9/1)
2182811,Tyler Davis,TE,GB,W (9/1)
2219915,Tyler Davis,WR,MIA,W (9/1)
2061073,Tyler Gaffney,RB,NE,W (9/1)
3122473,Tyler Goodson,RB,GB,W (9/1)
1853103,Tyler Higbee,TE,LAR,NN
3159137,Tyler Huntley,QB,BAL,W (9/1)
1620002,Tyler Johnson,WR,TB,W (9/1)
1824200,Tyler Kroft,TE,SF,W (9/1)
1860834,Tyler Lockett,WR,SEA,W (9/1)
3159198,Tyler Mabry,TE,SEA,W (9/1)
3159178,Tyler Simmons,WR,PIT,W (9/1)
2983342,Tyler Snead,WR,PIT,W (9/1)
2242770,Tyler Vaughns,WR,PIT,W (9/1)
2965066,Tyquan Thornton,WR,NE,NN
2184377,Tyree Jackson,TE,PHI,W (9/1)
2131163,Tyreek Hill,WR,MIA,ELP
28867646,Tyreik McAllister,RB,DEN,W (9/1)
2175352,Tyrell Williams,WR,DET,W (9/1)
2248604,Tyrie Cleveland,WR,DEN,W (9/1)
3123979,Tyrion Davis-Price,RB,SF,W (9/1)
1243338,Tyrod Taylor,QB,NYG,W (9/1)
2180626,Tyron Johnson,WR,LV,W (9/1)
2876686,Tyshaun James,WR,ATL,W (9/1)
3114048,Valentine Holmes,RB,NYJ,W (9/1)
2186342,Van Jefferson,WR,LAR,MWM
2242764,Velus Jones,WR,CHI,W (9/1)
2079642,Victor Bolden,WR,ARI,W (9/1)
1916,Vikings,DST,MIN,W (9/1)
2926495,Vyncint Smith,WR,TB,W (9/1)
3124107,Wan'Dale Robinson,WR,NYG,W (9/1)
2803784,Warren Jackson,WR,LAR,W (9/1)
2060407,Wayne Gallman,RB,MIN,W (9/1)
2060554,Wendell Smallwood,RB,WAS,W (9/1)
2867503,Whop Philyor,WR,MIN,W (9/1)
2139628,Will Dissly,TE,SEA,W (9/1)
2082827,Will Fuller,WR,MIA,W (9/1)
2131571,Will Grier,QB,DAL,W (9/1)
2263021,Willie Johnson,WR,JAC,W (9/1)
2130155,Willie Snead,WR,CAR,W (9/1)
3159182,Xavier Jones,RB,LAR,W (9/1)
3117016,Xavier Turner,RB,SEA,W (9/1)
2864584,ZaQuandre White,RB,MIA,W (9/1)
2175721,Zach D'Orazio,WR,NE,W (9/1)
26653246,Zach Davidson,TE,MIN,W (9/1)
1685963,Zach Ertz,TE,ARI,WLW
2185708,Zach Gentry,TE,PIT,W (9/1)
1989197,Zach Pascal,WR,PHI,W (9/1)
2960892,Zach Wilson,QB,NYJ,VD
2240516,Zack Moss,RB,BUF,W (9/1)
26695325,Zaire Mitchell-Paden,TE,CLE,W (9/1)
2963641,Zamir White,RB,LV,MCM
2871345,Zander Horvath,RB,LAC,W (9/1)
2080270,Zay Jones,WR,JAC,W (9/1)
3121860,Zonovan Knight,RB,NYJ,W (9/1)
