Season,Player,NFL,Pos,xFP,ActualPts,xTD,TD,Looks,Diff,In5,EZ
2022,Patrick Mahomes,KC,QB,334,402,2.7,4.0,59.0,1.3,3.0,0.0
2022,Josh Allen,BUF,QB,334,374,6.4,7.0,115.0,0.6,11.0,0.0
2022,Jalen Hurts,PHI,QB,314,370,14.5,13.0,156.0,1.5,20.0,0.0
2022,Tom Brady,TB,QB,312,264,1.5,1.0,30.0,0.5,2.0,0.0
2022,Justin Herbert,LAC,QB,310,262,1.6,0.0,54.0,1.6,1.0,0.0
2022,Joe Burrow,CIN,QB,298,339,5.1,5.0,72.0,0.1,7.0,0.0
2022,Kirk Cousins,MIN,QB,286,279,2.4,2.0,31.0,0.4,3.0,0.0
2022,Trevor Lawrence,JAC,QB,285,285,5.3,5.0,58.0,0.3,6.0,0.0
2022,Geno Smith,SEA,QB,268,290,1.1,1.0,64.0,0.1,0.0,0.0
2022,Justin Fields,CHI,QB,252,296,7.5,8.0,160.0,0.5,10.0,0.0
2022,Jared Goff,DET,QB,248,275,,,,,,
2022,Daniel Jones,NYG,QB,241,289,5.9,7.0,120.0,1.1,7.0,0.0
2022,Aaron Rodgers,GB,QB,236,228,,,,,,
2022,Lamar Jackson,BAL,QB,235,236,5.0,3.0,112.0,2.0,4.0,0.0
2022,Russell Wilson,DEN,QB,217,203,1.2,3.0,48.0,1.8,2.0,0.0
2022,Kyler Murray,ARI,QB,204,201,3.1,3.0,68.0,0.1,4.0,0.0
2022,Marcus Mariota,ATL,QB,194,197,3.8,4.0,85.0,0.2,4.0,0.0
2022,Davis Mills,HOU,QB,192,159,1.3,2.0,31.0,0.7,1.0,0.0
2022,Kenny Pickett,PIT,QB,188,136,3.2,3.0,52.0,0.2,5.0,0.0
2022,Jacoby Brissett,CLE,QB,185,169,1.6,2.0,49.0,0.4,2.0,0.0
2022,Dak Prescott,DAL,QB,177,190,1.1,1.0,40.0,0.1,0.0,0.0
2022,Tua Tagovailoa,MIA,QB,177,231,,,,,,
2022,Mac Jones,NE,QB,172,154,,,,,,
2022,Andy Dalton,NO,QB,150,163,1.1,0.0,29.0,1.1,2.0,0.0
2022,Jimmy Garoppolo,SF,QB,148,165,2.3,2.0,24.0,0.3,4.0,0.0
2022,Carson Wentz,WAS,QB,131,113,1.8,1.0,22.0,0.8,2.0,0.0
2022,Taylor Heinicke,WAS,QB,129,116,1.3,1.0,28.0,0.3,1.0,0.0
2022,Baker Mayfield,CAR,QB,78,74,,,,,,
2022,Baker Mayfield,LAR,QB,46,42,,,,,,
2022,Zach Wilson,NYJ,QB,118,99,3.1,2.0,29.0,1.1,2.0,1.0
2022,Mitchell Trubisky,PIT,QB,85,74,2.1,2.0,19.0,0.1,3.0,0.0
2022,Tyler Huntley,BAL,QB,74,50,2.0,1.0,43.0,1.0,1.0,0.0
2022,Mike White,NYJ,QB,74,57,1.3,1.0,6.0,0.3,1.0,0.0
2022,Deshaun Watson,CLE,QB,72,68,,,,,,
2022,Sam Darnold,CAR,QB,72,85,1.4,2.0,20.0,0.6,2.0,0.0
2022,Brock Purdy,SF,QB,67,86,,,,,,
2022,Cooper Rush,DAL,QB,60,57,,,,,,
2022,Jameis Winston,NO,QB,53,44,,,,,,
2022,Desmond Ridder,ATL,QB,43,23,,,,,,
2022,Phillip Walker,CAR,QB,41,39,,,,,,
2022,Brett Rypien,DEN,QB,41,18,,,,,,
2022,Teddy Bridgewater,MIA,QB,37,38,,,,,,
2022,Bailey Zappe,NE,QB,34,40,,,,,,
2022,Malik Willis,TEN,QB,34,19,,,,,,
2022,Kyle Allen,HOU,QB,33,16,,,,,,
2022,Sam Ehlinger,IND,QB,33,21,,,,,,
2022,Gardner Minshew,PHI,QB,33,37,,,,,,
2022,Jarrett Stidham,LV,QB,30,29,,,,,,
2022,Skylar Thompson,MIA,QB,27,11,,,,,,
2022,Trace McSorley,ARI,QB,26,8,,,,,,
2022,John Wolford,LAR,QB,26,15,,,,,,
2022,Bryce Perkins,LAR,QB,22,15,,,,,,
2022,Jeff Driskel,HOU,QB,21,16,,,,,,
2022,Trey Lance,SF,QB,21,12,,,,,,
2022,David Blough,ARI,QB,18,14,,,,,,
2022,Nick Foles,IND,QB,16,2,,,,,,
2022,Joshua Dobbs,TEN,QB,15,10,,,,,,
2022,Trevor Siemian,CHI,QB,15,10,,,,,,
2022,Chris Streveler,NYJ,QB,10,9,,,,,,
2022,Jordan Love,GB,QB,8,12,,,,,,
2022,Nick Mullens,MIN,QB,5,8,,,,,,
2022,Tyrod Taylor,NYG,QB,4,11,,,,,,
2022,Jacob Eason,CAR,QB,4,0,,,,,,
2022,CJ Beathard,JAC,QB,2,-1,,,,,,
2022,Nathan Peterman,CHI,QB,2,-1,,,,,,
2022,Chase Daniel,LAC,QB,1,1,,,,,,
2022,Anthony Brown,BAL,QB,1,0,,,,,,
2022,Brandon Allen,CIN,QB,1,1,,,,,,
2022,Brian Hoyer,NE,QB,0,1,,,,,,
2022,Josh Johnson,SF,QB,0,1,,,,,,
2022,Chad Henne,KC,QB,0,0,,,,,,
2022,Case Keenum,BUF,QB,0,0,,,,,,
2022,Nate Sudfeld,DET,QB,-1,0,,,,,,
2022,Joe Flacco,NYJ,QB,-2,43,,,,,,
2022,Colt McCoy,ARI,QB,-2,33,,,,,,
2022,Austin Ekeler,LAC,RB,335,364,12.9,18.0,317.0,5.1,7.0,3.0
2022,Christian McCaffrey,CAR,RB,110,118,11.0,12.0,338.0,1.0,9.0,3.0
2022,Christian McCaffrey,SF,RB,199,221,11.0,12.0,338.0,1.0,9.0,3.0
2022,Saquon Barkley,NYG,RB,287,284,8.8,10.0,372.0,1.2,14.0,1.0
2022,Josh Jacobs,LV,RB,284,321,9.5,12.0,385.0,2.5,11.0,0.0
2022,Joe Mixon,CIN,RB,255,222,12.2,8.0,270.0,4.2,13.0,5.0
2022,Rhamondre Stevenson,NE,RB,254,236,7.7,6.0,288.0,1.7,7.0,0.0
2022,Dalvin Cook,MIN,RB,253,235,10.8,10.0,308.0,0.8,15.0,1.0
2022,Leonard Fournette,TB,RB,248,225,8.0,6.0,272.0,2.0,8.0,0.0
2022,Derrick Henry,TEN,RB,245,289,9.9,13.0,359.0,3.1,15.0,0.0
2022,Najee Harris,PIT,RB,232,209,8.6,9.0,302.0,0.4,6.0,1.0
2022,Aaron Jones,GB,RB,224,241,6.1,7.0,269.0,0.9,2.0,1.0
2022,Alvin Kamara,NO,RB,214,200,4.8,4.0,275.0,0.8,4.0,2.0
2022,Travis Etienne,JAC,RB,209,200,9.2,5.0,256.0,4.2,10.0,1.0
2022,Nick Chubb,CLE,RB,208,258,7.8,12.0,322.0,4.2,12.0,0.0
2022,Jamaal Williams,DET,RB,207,207,14.1,15.0,262.0,0.9,24.0,0.0
2022,Antonio Gibson,WAS,RB,200,166,7.8,5.0,211.0,2.8,8.0,2.0
2022,James Conner,ARI,RB,196,200,5.1,8.0,241.0,2.9,6.0,0.0
2022,Tony Pollard,DAL,RB,185,247,5.9,12.0,239.0,6.1,6.0,0.0
2022,Dameon Pierce,HOU,RB,185,166,6.2,5.0,260.0,1.2,7.0,0.0
2022,Miles Sanders,PHI,RB,185,213,7.0,11.0,273.0,4.0,10.0,0.0
2022,Devin Singletary,BUF,RB,181,176,6.2,6.0,224.0,0.2,6.0,0.0
2022,Ezekiel Elliott,DAL,RB,181,185,9.7,12.0,244.0,2.3,16.0,0.0
2022,Jonathan Taylor,IND,RB,174,146,5.9,4.0,232.0,1.9,8.0,0.0
2022,Jerick McKinnon,KC,RB,174,188,7.2,9.0,138.0,1.8,5.0,1.0
2022,Ken Walker,SEA,RB,169,189,5.8,9.0,233.0,3.2,5.0,0.0
2022,AJ Dillon,GB,RB,169,164,6.5,7.0,217.0,0.5,9.0,0.0
2022,D'Andre Swift,DET,RB,169,176,6.5,8.0,156.0,1.5,4.0,2.0
2022,David Montgomery,CHI,RB,169,176,4.8,6.0,234.0,1.2,3.0,0.0
2022,Raheem Mostert,MIA,RB,157,160,4.9,5.0,209.0,0.1,3.0,1.0
2022,Rachaad White,TB,RB,157,138,3.6,3.0,183.0,0.6,3.0,0.0
2022,Jeff Wilson,MIA,RB,72,75,6.3,6.0,193.0,0.3,8.0,0.0
2022,Jeff Wilson,SF,RB,78,74,6.3,6.0,193.0,0.3,8.0,0.0
2022,Michael Carter,NYJ,RB,143,124,4.4,3.0,161.0,1.4,3.0,1.0
2022,Kareem Hunt,CLE,RB,137,121,5.0,4.0,159.0,1.0,4.0,1.0
2022,Brian Robinson,WAS,RB,134,113,5.4,3.0,217.0,2.4,5.0,0.0
2022,Cam Akers,LAR,RB,132,126,6.4,7.0,182.0,0.6,8.0,1.0
2022,Tyler Allgeier,ATL,RB,132,146,5.2,4.0,203.0,1.2,6.0,0.0
2022,Latavius Murray,DEN,RB,120,122,3.3,5.0,190.0,1.7,4.0,0.0
2022,Latavius Murray,NO,RB,10,14,3.3,5.0,190.0,1.7,4.0,0.0
2022,Cordarrelle Patterson,ATL,RB,128,145,5.0,7.0,167.0,2.0,4.0,1.0
2022,Samaje Perine,CIN,RB,125,139,3.4,6.0,139.0,2.6,0.0,0.0
2022,Isiah Pacheco,KC,RB,120,123,4.6,4.0,176.0,0.6,6.0,0.0
2022,D'Onta Foreman,CAR,RB,120,124,5.3,5.0,200.0,0.3,7.0,0.0
2022,Breece Hall,NYJ,RB,111,115,4.4,5.0,114.0,0.6,4.0,1.0
2022,Melvin Gordon,DEN,RB,110,87,4.2,2.0,122.0,2.2,6.0,0.0
2022,Eno Benjamin,ARI,RB,92,86,2.4,2.0,109.0,0.4,1.0,0.0
2022,Eno Benjamin,HOU,RB,1,0,2.4,2.0,109.0,0.4,1.0,0.0
2022,Eno Benjamin,NO,RB,3,3,2.4,2.0,109.0,0.4,1.0,0.0
2022,Rex Burkhead,HOU,RB,96,76,2.8,1.0,75.0,1.8,2.0,2.0
2022,James Cook,BUF,RB,93,99,2.4,3.0,110.0,0.6,0.0,2.0
2022,James Robinson,JAC,RB,72,72,4.0,5.0,124.0,1.0,4.0,1.0
2022,James Robinson,NYJ,RB,19,17,4.0,5.0,124.0,1.0,4.0,1.0
2022,Clyde Edwards-Helaire,KC,RB,91,98,4.6,6.0,94.0,1.4,4.0,1.0
2022,Khalil Herbert,CHI,RB,85,112,3.7,5.0,129.0,1.3,6.0,0.0
2022,Kenyan Drake,BAL,RB,84,88,3.0,4.0,114.0,1.0,2.0,1.0
2022,Damien Harris,NE,RB,83,85,3.0,3.0,112.0,0.0,2.0,0.0
2022,Kenneth Gainwell,PHI,RB,82,83,3.8,4.0,76.0,0.2,6.0,0.0
2022,Nyheim Hines,BUF,RB,22,16,2.7,2.0,61.0,0.7,1.0,0.0
2022,Nyheim Hines,IND,RB,59,53,2.7,2.0,61.0,0.7,1.0,0.0
2022,Jaylen Warren,PIT,RB,80,86,1.7,1.0,101.0,0.7,1.0,0.0
2022,Deon Jackson,IND,RB,76,68,1.8,2.0,87.0,0.2,1.0,0.0
2022,JD McKissic,WAS,RB,75,56,1.6,0.0,61.0,1.6,0.0,2.0
2022,Darrell Henderson,LAR,RB,74,74,2.0,3.0,93.0,1.0,3.0,0.0
2022,Chase Edmonds,DEN,RB,18,20,2.4,3.0,83.0,0.6,2.0,1.0
2022,Chase Edmonds,MIA,RB,56,50,2.4,3.0,83.0,0.6,2.0,1.0
2022,Joshua Kelley,LAC,RB,73,61,2.7,2.0,84.0,0.7,3.0,0.0
2022,Alexander Mattison,MIN,RB,68,69,2.3,4.0,81.0,1.7,1.0,0.0
2022,JK Dobbins,BAL,RB,67,81,3.0,3.0,100.0,0.0,4.0,0.0
2022,JaMycal Hasty,JAC,RB,66,70,2.1,3.0,68.0,0.9,2.0,0.0
2022,Zonovan Knight,NYJ,RB,64,57,2.0,1.0,87.0,1.0,3.0,0.0
2022,Chuba Hubbard,CAR,RB,63,81,1.3,2.0,90.0,0.7,1.0,0.0
2022,Javonte Williams,DEN,RB,62,42,2.1,0.0,69.0,2.1,1.0,1.0
2022,Zack Moss,BUF,RB,18,17,1.6,0.0,84.0,1.6,2.0,0.0
2022,Zack Moss,IND,RB,38,27,1.6,0.0,84.0,1.6,2.0,0.0
2022,Dontrell Hilliard,TEN,RB,55,77,1.4,4.0,48.0,2.6,0.0,1.0
2022,Ameer Abdullah,LV,RB,55,52,1.5,1.0,34.0,0.5,0.0,2.0
2022,Matt Breida,NYG,RB,52,49,1.4,1.0,67.0,0.4,1.0,0.0
2022,Justin Jackson,DET,RB,51,49,1.6,2.0,58.0,0.4,1.0,0.0
2022,Gus Edwards,BAL,RB,49,58,2.2,3.0,85.0,0.8,2.0,0.0
2022,Dare Ogunbowale,HOU,RB,48,40,1.3,1.0,51.0,0.3,2.0,0.0
2022,DeeJay Dallas,SEA,RB,46,43,,,,,,
2022,Caleb Huntley,ATL,RB,44,45,1.8,1.0,78.0,0.8,1.0,0.0
2022,Kyle Juszczyk,SF,RB,43,50,1.8,2.0,28.0,0.2,2.0,0.0
2022,Sony Michel,LAC,RB,42,25,1.1,0.0,50.0,1.1,2.0,0.0
2022,Ty Johnson,NYJ,RB,41,38,,,,,,
2022,Boston Scott,PHI,RB,39,35,1.6,2.0,52.0,0.4,2.0,0.0
2022,Alec Ingold,MIA,RB,39,38,1.3,2.0,28.0,0.7,2.0,0.0
2022,Justice Hill,BAL,RB,39,39,,,,,,
2022,Travis Homer,SEA,RB,36,43,,,,,,
2022,Raheem Blackshear,CAR,RB,36,43,1.5,3.0,34.0,1.5,2.0,0.0
2022,Mike Boone,DEN,RB,35,29,,,,,,
2022,Rashaad Penny,SEA,RB,33,52,,,,,,
2022,Kyren Williams,LAR,RB,33,31,,,,,,
2022,Elijah Mitchell,SF,RB,33,26,1.9,0.0,44.0,1.9,2.0,0.0
2022,Avery Williams,ATL,RB,32,33,,,,,,
2022,Craig Reynolds,DET,RB,31,31,,,,,,
2022,Royce Freeman,HOU,RB,29,18,,,,,,
2022,Malik Davis,DAL,RB,27,33,,,,,,
2022,Hassan Haskins,TEN,RB,27,22,,,,,,
2022,Brandon Bolden,LV,RB,27,27,1.1,1.0,26.0,0.1,1.0,0.0
2022,Darrel Williams,ARI,RB,27,21,1.1,1.0,29.0,0.1,1.0,0.0
2022,Malcolm Brown,LAR,RB,26,23,1.6,1.0,24.0,0.6,2.0,0.0
2022,Trestan Ebner,CHI,RB,24,6,0.9,0.0,30.0,0.9,1.0,0.0
2022,Marlon Mack,DEN,RB,23,38,,,,,,
2022,Marlon Mack,SF,RB,0,0,,,,,,
2022,Keaontay Ingram,ARI,RB,23,16,1.5,1.0,26.0,0.5,2.0,0.0
2022,Patrick Ricard,BAL,RB,23,20,,,,,,
2022,Jonathan Williams,WAS,RB,22,20,,,,,,
2022,CJ Ham,MIN,RB,22,23,1.5,2.0,12.0,0.5,2.0,0.0
2022,Gary Brightwell,NYG,RB,20,22,,,,,,
2022,Jordan Wilkins,IND,RB,20,15,,,,,,
2022,Zander Horvath,LAC,RB,20,19,1.2,2.0,12.0,0.8,1.0,2.0
2022,Tyrion Davis-Price,SF,RB,19,7,1.1,0.0,28.0,1.1,1.0,0.0
2022,Phillip Lindsay,IND,RB,17,15,,,,,,
2022,Pierre Strong,NE,RB,17,27,,,,,,
2022,Reggie Gilliam,BUF,RB,17,21,,,,,,
2022,Jordan Mason,SF,RB,17,29,,,,,,
2022,Chris Myarick,NYG,RB,16,20,,,,,,
2022,Benny Snell,PIT,RB,15,19,,,,,,
2022,Tevin Coleman,SF,RB,15,22,1.0,2.0,15.0,1.0,1.0,0.0
2022,Myles Gaskin,MIA,RB,15,9,,,,,,
2022,Tony Jones,NO,RB,4,4,,,,,,
2022,Tony Jones,SEA,RB,11,6,,,,,,
2022,Derek Watt,PIT,RB,14,14,,,,,,
2022,Troy Hairston,HOU,RB,13,7,,,,,,
2022,Ronnie Rivers,LAR,RB,12,10,,,,,,
2022,Spencer Brown,CAR,RB,12,7,,,,,,
2022,Isaiah Spiller,LAC,RB,12,8,,,,,,
2022,Mike Davis,BAL,RB,11,4,1.1,0.0,10.0,1.1,2.0,0.0
2022,Julius Chestnut,TEN,RB,9,8,,,,,,
2022,Kevin Harris,NE,RB,9,11,,,,,,
2022,Darrynton Evans,CHI,RB,8,11,,,,,,
2022,JJ Taylor,NE,RB,8,3,,,,,,
2022,David Johnson,NO,RB,8,4,,,,,,
2022,Zamir White,LV,RB,8,7,,,,,,
2022,Demetric Felton,CLE,RB,8,2,,,,,,
2022,Corey Clement,ARI,RB,8,8,,,,,,
2022,Chris Evans,CIN,RB,8,13,,,,,,
2022,Ke'Shawn Vaughn,TB,RB,7,5,,,,,,
2022,Jakob Johnson,LV,RB,7,5,,,,,,
2022,Patrick Taylor,GB,RB,7,6,,,,,,
2022,Trayveon Williams,CIN,RB,7,8,,,,,,
2022,Jason Cabinda,DET,RB,7,2,,,,,,
2022,Dwayne Washington,NO,RB,7,6,,,,,,
2022,Snoop Conner,JAC,RB,7,10,,,,,,
2022,D'Ernest Johnson,CLE,RB,7,5,,,,,,
2022,Salvon Ahmed,MIA,RB,6,14,,,,,,
2022,Michael Burton,KC,RB,6,4,,,,,,
2022,Anthony McFarland,PIT,RB,6,6,,,,,,
2022,Keith Smith,ATL,RB,6,2,,,,,,
2022,Larry Rountree,LAC,RB,6,4,,,,,,
2022,Adam Prentice,NO,RB,6,5,,,,,,
2022,Ronald Jones,KC,RB,5,6,,,,,,
2022,Kene Nwangwu,MIN,RB,4,8,,,,,,
2022,Jerome Ford,CLE,RB,4,1,,,,,,
2022,Justin Jefferson,MIN,WR,315,361,10.8,9.0,180.0,1.8,1.0,13.0
2022,Davante Adams,LV,WR,293,323,8.2,14.0,172.0,5.8,0.0,12.0
2022,Tyreek Hill,MIA,WR,292,343,6.1,8.0,172.0,1.9,1.0,5.0
2022,Stefon Diggs,BUF,WR,260,293,8.9,10.0,143.0,1.1,0.0,12.0
2022,DK Metcalf,SEA,WR,258,220,10.6,6.0,134.0,4.6,0.0,23.0
2022,CeeDee Lamb,DAL,WR,250,285,5.3,8.0,158.0,2.7,0.0,5.0
2022,Amari Cooper,CLE,WR,236,239,8.6,9.0,128.0,0.4,0.0,15.0
2022,Garrett Wilson,NYJ,WR,236,198,7.9,4.0,135.0,3.9,0.0,13.0
2022,Mike Evans,TB,WR,233,225,6.9,6.0,129.0,0.9,0.0,10.0
2022,Amon-Ra St Brown,DET,WR,232,257,5.8,6.0,145.0,0.2,0.0,4.0
2022,AJ Brown,PHI,WR,224,286,6.1,11.0,133.0,4.9,0.0,11.0
2022,Chris Godwin,TB,WR,223,213,4.2,3.0,139.0,1.2,0.0,4.0
2022,Diontae Johnson,PIT,WR,220,173,5.5,0.0,139.0,5.5,0.0,9.0
2022,Ja'Marr Chase,CIN,WR,219,220,7.9,8.0,126.0,0.1,0.0,11.0
2022,Michael Pittman,IND,WR,216,205,3.6,3.0,139.0,0.6,0.0,6.0
2022,Christian Kirk,JAC,WR,210,220,6.3,7.0,129.0,0.7,0.0,7.0
2022,DeVonta Smith,PHI,WR,208,241,4.7,7.0,127.0,2.3,0.0,6.0
2022,Zay Jones,JAC,WR,206,192,6.9,5.0,120.0,1.9,0.0,11.0
2022,Terry McLaurin,WAS,WR,196,213,4.5,4.0,121.0,0.5,0.0,6.0
2022,DJ Moore,CAR,WR,196,197,5.4,7.0,121.0,1.6,0.0,9.0
2022,Jaylen Waddle,MIA,WR,195,249,3.8,8.0,114.0,4.2,0.0,5.0
2022,Drake London,ATL,WR,191,161,5.8,4.0,109.0,1.8,0.0,8.0
2022,Tyler Lockett,SEA,WR,185,222,4.7,8.0,109.0,3.3,0.0,8.0
2022,Courtland Sutton,DEN,WR,184,147,5.9,1.0,103.0,4.9,0.0,11.0
2022,Adam Thielen,MIN,WR,182,171,5.1,5.0,106.0,0.1,0.0,6.0
2022,Deebo Samuel,SF,WR,181,164,4.9,5.0,130.0,0.1,1.0,4.0
2022,Brandon Aiyuk,SF,WR,181,218,3.7,8.0,111.0,4.3,0.0,3.0
2022,Chris Olave,NO,WR,177,183,3.6,3.0,108.0,0.6,0.0,4.0
2022,Allen Lazard,GB,WR,176,161,6.3,5.0,95.0,1.3,0.0,12.0
2022,Marquise Brown,ARI,WR,175,154,4.0,3.0,105.0,1.0,0.0,5.0
2022,Curtis Samuel,WAS,WR,174,176,4.5,5.0,128.0,0.5,0.0,2.0
2022,Cooper Kupp,LAR,WR,172,201,4.2,7.0,107.0,2.8,0.0,6.0
2022,Mack Hollins,LV,WR,168,151,5.2,4.0,95.0,1.2,0.0,9.0
2022,Jerry Jeudy,DEN,WR,167,180,5.0,6.0,95.0,1.0,0.0,9.0
2022,Josh Palmer,LAC,WR,167,159,4.3,3.0,104.0,1.3,0.0,4.0
2022,Tee Higgins,CIN,WR,165,219,4.2,7.0,102.0,2.8,0.0,5.0
2022,JuJu Smith-Schuster,KC,WR,165,180,3.4,3.0,101.0,0.4,0.0,4.0
2022,Donovan Peoples-Jones,CLE,WR,161,161,5.0,3.0,93.0,2.0,0.0,8.0
2022,Mike Williams,LAC,WR,157,169,4.8,4.0,88.0,0.8,0.0,8.0
2022,Gabriel Davis,BUF,WR,157,165,5.5,7.0,83.0,1.5,0.0,9.0
2022,Jakobi Meyers,NE,WR,146,168,2.8,5.0,89.0,2.2,0.0,3.0
2022,Brandin Cooks,HOU,WR,146,124,3.3,2.0,91.0,1.3,0.0,5.0
2022,KJ Osborn,MIN,WR,142,139,3.9,5.0,87.0,1.1,0.0,6.0
2022,George Pickens,PIT,WR,139,150,4.3,4.0,81.0,0.3,1.0,5.0
2022,Parris Campbell,IND,WR,135,136,2.4,3.0,88.0,0.6,0.0,2.0
2022,Keenan Allen,LAC,WR,134,134,3.7,2.0,80.0,1.7,0.0,7.0
2022,Marquez Valdes-Scantling,KC,WR,132,117,3.7,2.0,75.0,1.7,0.0,5.0
2022,Chase Claypool,CHI,WR,39,22,3.2,1.0,83.0,2.2,1.0,4.0
2022,Chase Claypool,PIT,WR,91,79,3.2,1.0,83.0,2.2,1.0,4.0
2022,Tyler Boyd,CIN,WR,128,157,3.5,5.0,76.0,1.5,0.0,4.0
2022,Marvin Jones,JAC,WR,126,112,3.4,3.0,74.0,0.4,0.0,6.0
2022,Christian Watson,GB,WR,125,148,5.0,9.0,65.0,4.0,0.0,7.0
2022,Robert Woods,TEN,WR,125,108,2.6,2.0,83.0,0.6,0.0,4.0
2022,Michael Gallup,DAL,WR,124,103,4.6,4.0,67.0,0.6,0.0,9.0
2022,Isaiah McKenzie,BUF,WR,122,116,4.4,5.0,72.0,0.6,0.0,4.0
2022,Alec Pierce,IND,WR,120,105,2.5,2.0,73.0,0.5,0.0,3.0
2022,Chris Moore,HOU,WR,120,111,3.0,2.0,71.0,1.0,0.0,4.0
2022,Russell Gage,TB,WR,120,113,4.2,4.0,67.0,0.2,0.0,7.0
2022,Noah Brown,DAL,WR,118,113,3.4,3.0,68.0,0.4,0.0,5.0
2022,Demarcus Robinson,BAL,WR,114,99,3.1,2.0,67.0,1.1,0.0,7.0
2022,Darius Slayton,NYG,WR,113,128,1.7,2.0,71.0,0.3,0.0,2.0
2022,Richie James,NYG,WR,110,133,1.9,4.0,71.0,2.1,0.0,1.0
2022,Nico Collins,HOU,WR,110,97,3.2,2.0,64.0,1.2,0.0,5.0
2022,DeAndre Carter,LAC,WR,110,107,3.2,3.0,63.0,0.2,0.0,5.0
2022,Jahan Dotson,WAS,WR,110,120,3.8,7.0,60.0,3.2,0.0,8.0
2022,Romeo Doubs,GB,WR,109,102,2.3,3.0,67.0,0.7,0.0,2.0
2022,Josh Reynolds,DET,WR,108,101,5.1,3.0,55.0,2.1,0.0,10.0
2022,Darnell Mooney,CHI,WR,108,102,3.4,2.0,62.0,1.4,0.0,7.0
2022,Corey Davis,NYJ,WR,107,95,2.9,2.0,60.0,0.9,0.0,5.0
2022,Greg Dortch,ARI,WR,106,105,2.5,2.0,66.0,0.5,1.0,1.0
2022,Elijah Moore,NYJ,WR,105,86,2.5,1.0,67.0,1.5,0.0,2.0
2022,Devin Duvernay,BAL,WR,102,116,3.9,4.0,61.0,0.1,0.0,7.0
2022,Kalif Raymond,DET,WR,101,106,2.0,0.0,64.0,2.0,0.0,2.0
2022,Rondale Moore,ARI,WR,95,88,1.8,1.0,62.0,0.8,0.0,2.0
2022,Ben Skowronek,LAR,WR,92,84,1.1,1.0,62.0,0.1,0.0,1.0
2022,Trent Sherfield,MIA,WR,90,84,2.4,2.0,52.0,0.4,0.0,2.0
2022,Olamide Zaccheaus,ATL,WR,90,96,1.3,2.0,56.0,0.7,0.0,0.0
2022,Jauan Jennings,SF,WR,90,81,2.0,1.0,55.0,1.0,0.0,3.0
2022,Treylon Burks,TEN,WR,89,88,2.3,1.0,52.0,1.3,0.0,4.0
2022,Julio Jones,TB,WR,89,70,3.2,2.0,49.0,1.2,0.0,4.0
2022,Nick Westbrook-Ikhine,TEN,WR,88,83,2.8,3.0,50.0,0.2,0.0,3.0
2022,DJ Chark,DET,WR,88,94,2.6,3.0,48.0,0.4,0.0,4.0
2022,Nelson Agholor,NE,WR,85,75,1.5,2.0,52.0,0.5,0.0,1.0
2022,Tyquan Thornton,NE,WR,84,64,3.4,3.0,45.0,0.4,0.0,4.0
2022,Isaiah Hodgins,BUF,WR,9,8,2.2,4.0,47.0,1.8,0.0,3.0
2022,Isaiah Hodgins,NYG,WR,73,92,2.2,4.0,47.0,1.8,0.0,3.0
2022,Quez Watkins,PHI,WR,83,81,2.2,3.0,49.0,0.8,0.0,2.0
2022,Randall Cobb,GB,WR,83,79,2.3,1.0,48.0,1.3,0.0,5.0
2022,Terrace Marshall,CAR,WR,81,79,3.0,1.0,43.0,2.0,0.0,6.0
2022,Kendrick Bourne,NE,WR,77,80,1.6,1.0,49.0,0.6,0.0,2.0
2022,DeVante Parker,NE,WR,76,77,2.7,1.0,41.0,1.7,0.0,4.0
2022,AJ Green,ARI,WR,73,44,3.0,1.0,40.0,2.0,0.0,6.0
2022,Robbie Anderson,ARI,WR,31,15,1.3,1.0,44.0,0.3,0.0,2.0
2022,Robbie Anderson,CAR,WR,40,38,1.3,1.0,44.0,0.3,0.0,2.0
2022,Van Jefferson,LAR,WR,70,70,1.8,3.0,37.0,1.2,0.0,3.0
2022,Mecole Hardman,KC,WR,69,94,2.9,6.0,38.0,3.1,1.0,2.0
2022,Scotty Miller,TB,WR,67,41,1.7,0.0,39.0,1.7,0.0,2.0
2022,Phillip Dorsett,HOU,WR,66,52,1.4,1.0,40.0,0.4,0.0,1.0
2022,Equanimeous St Brown,CHI,WR,65,63,1.4,1.0,43.0,0.4,0.0,2.0
2022,Dante Pettis,CHI,WR,65,61,2.2,3.0,39.0,0.8,0.0,5.0
2022,Hunter Renfrow,LV,WR,65,60,,,,,,
2022,Tutu Atwell,LAR,WR,65,51,1.8,1.0,40.0,0.8,0.0,2.0
2022,Braxton Berrios,NYJ,WR,64,58,1.6,2.0,41.0,0.4,0.0,1.0
2022,Shi Smith,CAR,WR,64,62,1.6,2.0,40.0,0.4,0.0,2.0
2022,Jamal Agnew,JAC,WR,63,69,2.1,3.0,41.0,0.9,0.0,2.0
2022,Justin Watson,KC,WR,62,51,2.4,2.0,32.0,0.4,0.0,6.0
2022,Brandon Powell,LAR,WR,58,45,1.5,0.0,44.0,1.5,0.0,0.0
2022,Marquez Callaway,NO,WR,58,38,2.0,1.0,31.0,1.0,0.0,4.0
2022,Skyy Moore,KC,WR,57,43,0.9,0.0,36.0,0.9,0.0,1.0
2022,Laviska Shenault,CAR,WR,55,71,,,,,,
2022,Kendall Hinton,DEN,WR,53,56,1.0,0.0,36.0,1.0,0.0,1.0
2022,Rashid Shaheed,NO,WR,52,93,,,,,,
2022,Rashod Bateman,BAL,WR,48,54,0.9,2.0,28.0,1.1,0.0,1.0
2022,David Bell,CLE,WR,47,45,,,,,,
2022,Ray-Ray McCloud,SF,WR,46,58,1.4,2.0,28.0,0.6,0.0,2.0
2022,Tre'Quan Smith,NO,WR,46,51,1.2,1.0,26.0,0.2,0.0,1.0
2022,Wan'Dale Robinson,NYG,WR,45,52,,,,,,
2022,Steven Sims,PIT,WR,44,30,,,,,,
2022,Sammy Watkins,BAL,WR,2,5,1.3,0.0,23.0,1.3,0.0,2.0
2022,Sammy Watkins,GB,WR,42,34,1.3,0.0,23.0,1.3,0.0,2.0
2022,Trenton Irwin,CIN,WR,43,61,2.1,4.0,22.0,1.9,0.0,4.0
2022,Ashton Dulin,IND,WR,43,43,1.5,1.0,24.0,0.5,0.0,2.0
2022,Michael Thomas,NO,WR,40,51,1.4,3.0,22.0,1.6,0.0,3.0
2022,Michael Thomas,CIN,WR,17,8,1.4,3.0,22.0,1.6,0.0,3.0
2022,Denzel Mims,NYJ,WR,39,30,,,,,,
2022,Keelan Cole,LV,WR,39,29,1.6,1.0,19.0,0.6,0.0,4.0
2022,Damiere Byrd,ATL,WR,38,51,,,,,,
2022,Kadarius Toney,KC,WR,29,41,,,,,,
2022,Kadarius Toney,NYG,WR,6,4,,,,,,
2022,Amari Rodgers,GB,WR,14,5,,,,,,
2022,Amari Rodgers,HOU,WR,20,29,,,,,,
2022,KJ Hamler,DEN,WR,34,26,0.9,0.0,18.0,0.9,0.0,1.0
2022,Sterling Shepard,NYG,WR,34,34,,,,,,
2022,KhaDarel Hodge,ATL,WR,34,41,,,,,,
2022,Breshad Perriman,TB,WR,33,21,1.0,1.0,19.0,0.0,0.0,3.0
2022,DeSean Jackson,BAL,WR,31,24,,,,,,
2022,Zach Pascal,PHI,WR,31,36,,,,,,
2022,Cedrick Wilson,MIA,WR,30,26,,,,,,
2022,Byron Pringle,CHI,WR,30,34,1.2,2.0,15.0,0.8,0.0,2.0
2022,Cam Sims,WAS,WR,28,17,,,,,,
2022,River Cracraft,MIA,WR,27,30,1.3,2.0,13.0,0.7,0.0,3.0
2022,Brandon Johnson,DEN,WR,26,16,1.2,1.0,14.0,0.2,0.0,3.0
2022,David Sills V,NYG,WR,25,22,,,,,,
2022,Dyami Brown,WAS,WR,25,33,,,,,,
2022,Michael Bandy,LAC,WR,25,19,,,,,,
2022,Tom Kennedy,DET,WR,25,22,,,,,,
2022,Velus Jones,CHI,WR,25,20,,,,,,
2022,Marcus Johnson,NYG,WR,25,12,0.9,0.0,15.0,0.9,0.0,2.0
2022,Mike Strachan,IND,WR,25,9,1.8,0.0,9.0,1.8,0.0,4.0
2022,Khalil Shakir,BUF,WR,24,30,,,,,,
2022,Montrell Washington,DEN,WR,24,5,,,,,,
2022,Jalen Reagor,MIN,WR,23,23,,,,,,
2022,D'Wayne Eskridge,SEA,WR,23,14,,,,,,
2022,James Proche,BAL,WR,23,12,,,,,,
2022,Samori Toure,GB,WR,20,19,,,,,,
2022,Trent Taylor,CIN,WR,20,12,,,,,,
2022,Anthony Schwartz,CLE,WR,19,19,,,,,,
2022,Kyle Philips,TEN,WR,19,12,,,,,,
2022,Jamison Crowder,BUF,WR,18,12,,,,,,
2022,Jeff Smith,NYJ,WR,17,21,,,,,,
2022,Gunner Olszewski,PIT,WR,17,12,,,,,,
2022,Michael Woods,CLE,WR,17,7,,,,,,
2022,Jameson Williams,DET,WR,16,15,,,,,,
2022,Tyrie Cleveland,DEN,WR,16,5,,,,,,
2022,Racey McMath,TEN,WR,16,6,,,,,,
2022,Kenny Golladay,NYG,WR,15,9,,,,,,
2022,Danny Gray,SF,WR,14,3,,,,,,
2022,N'Keal Harry,CHI,WR,14,23,,,,,,
2022,Andre Baccellia,ARI,WR,13,10,,,,,,
2022,Bryan Edwards,ATL,WR,13,5,0.9,0.0,5.0,0.9,0.0,1.0
2022,Dax Milne,WAS,WR,13,16,,,,,,
2022,Laquon Treadwell,SEA,WR,13,10,,,,,,
2022,Jalen Nailor,MIN,WR,12,23,,,,,,
2022,Dezmon Patmon,IND,WR,12,4,,,,,,
2022,Chris Conley,HOU,WR,3,0,,,,,,
2022,Chris Conley,TEN,WR,8,9,,,,,,
2022,Andy Isabella,ARI,WR,9,4,,,,,,
2022,Andy Isabella,BAL,WR,1,0,,,,,,
2022,Jake Kumerow,BUF,WR,10,10,,,,,,
2022,TY Hilton,DAL,WR,10,15,,,,,,
2022,Dennis Houston,DAL,WR,10,4,,,,,,
2022,Kevin White,NO,WR,10,9,,,,,,
2022,Cole Beasley,BUF,WR,3,4,,,,,,
2022,Cole Beasley,TB,WR,7,6,,,,,,
2022,Jalen Guyton,LAC,WR,10,8,,,,,,
2022,Cody Hollister,TEN,WR,9,8,,,,,,
2022,Ty Montgomery,NE,WR,9,10,,,,,,
2022,Tylan Wallace,BAL,WR,8,5,,,,,,
2022,Jalen Virgil,DEN,WR,8,14,,,,,,
2022,Lance McCutcheon,LAR,WR,7,0,,,,,,
2022,Simi Fehoko,DAL,WR,7,5,,,,,,
2022,Juwann Winfree,GB,WR,6,3,,,,,,
2022,Keith Kirkwood,NO,WR,6,4,,,,,,
2022,KaVontae Turpin,DAL,WR,6,2,,,,,,
2022,Penny Hart,SEA,WR,6,5,,,,,,
2022,Tim Jones,JAC,WR,6,6,,,,,,
2022,DJ Turner,LV,WR,6,3,,,,,,
2022,Lil'Jordan Humphrey,NE,WR,6,4,,,,,,
2022,Jason Moore,LAC,WR,5,2,,,,,,
2022,Ihmir Smith-Marsette,CHI,WR,5,0,,,,,,
2022,Ihmir Smith-Marsette,KC,WR,0,0,,,,,,
2022,Jalen Tolbert,DAL,WR,5,3,,,,,,
2022,Freddie Swain,DEN,WR,5,4,,,,,,
2022,Travis Kelce,KC,TE,276,307,10.0,12.0,151.0,2.0,1.0,11.0
2022,TJ Hockenson,DET,TE,75,86,6.6,6.0,129.0,0.6,0.0,9.0
2022,TJ Hockenson,MIN,TE,151,127,6.6,6.0,129.0,0.6,0.0,9.0
2022,Mark Andrews,BAL,TE,207,191,6.3,5.0,116.0,1.3,0.0,8.0
2022,Tyler Higbee,LAR,TE,169,145,4.7,3.0,101.0,1.7,0.0,6.0
2022,Evan Engram,JAC,TE,164,170,4.4,4.0,96.0,0.4,0.0,7.0
2022,Pat Freiermuth,PIT,TE,163,148,3.7,2.0,96.0,1.7,0.0,4.0
2022,Dalton Schultz,DAL,TE,152,135,5.7,5.0,80.0,0.7,0.0,7.0
2022,Gerald Everett,LAC,TE,145,130,4.8,3.0,82.0,1.8,0.0,6.0
2022,George Kittle,SF,TE,140,182,4.8,9.0,80.0,4.2,0.0,8.0
2022,Tyler Conklin,NYJ,TE,140,128,3.2,3.0,87.0,0.2,1.0,4.0
2022,David Njoku,CLE,TE,136,128,4.6,3.0,76.0,1.6,0.0,5.0
2022,Cade Otton,TB,TE,118,92,4.4,2.0,65.0,2.4,0.0,4.0
2022,Juwan Johnson,NO,TE,116,132,3.9,7.0,64.0,3.1,0.0,6.0
2022,Dawson Knox,BUF,TE,114,126,3.7,5.0,64.0,1.3,0.0,6.0
2022,Cole Kmet,CHI,TE,112,132,2.9,6.0,68.0,3.1,0.0,6.0
2022,Noah Fant,SEA,TE,111,117,3.9,4.0,60.0,0.1,0.0,6.0
2022,Kyle Pitts,ATL,TE,107,76,2.9,2.0,58.0,0.9,0.0,4.0
2022,Hayden Hurst,CIN,TE,103,100,2.3,2.0,63.0,0.3,0.0,1.0
2022,Robert Tonyan,GB,TE,103,106,2.5,2.0,62.0,0.5,0.0,3.0
2022,Dallas Goedert,PHI,TE,101,131,2.0,3.0,61.0,1.0,0.0,1.0
2022,Logan Thomas,WAS,TE,101,74,3.3,1.0,58.0,2.3,0.0,2.0
2022,Foster Moreau,LV,TE,97,83,3.1,2.0,54.0,1.1,0.0,5.0
2022,Mike Gesicki,MIA,TE,97,90,4.4,5.0,48.0,0.6,0.0,8.0
2022,Austin Hooper,TEN,TE,93,90,2.3,2.0,57.0,0.3,0.0,3.0
2022,Greg Dulcich,DEN,TE,90,86,1.7,2.0,54.0,0.3,0.0,3.0
2022,Darren Waller,LV,TE,88,79,4.4,3.0,38.0,1.4,0.0,5.0
2022,Taysom Hill,NO,TE,87,142,3.9,9.0,102.0,5.1,3.0,1.0
2022,Hunter Henry,NE,TE,86,94,1.9,2.0,52.0,0.1,0.0,1.0
2022,Isaiah Likely,BAL,TE,83,73,3.0,3.0,47.0,0.0,0.0,5.0
2022,Jordan Akins,HOU,TE,77,92,2.4,3.0,46.0,0.6,0.0,2.0
2022,Chigoziem Okonkwo,TEN,TE,73,84,1.9,2.0,44.0,0.1,0.0,2.0
2022,Harrison Bryant,CLE,TE,70,58,2.3,1.0,39.0,1.3,0.0,3.0
2022,Tommy Tremble,CAR,TE,68,51,3.8,3.0,31.0,0.8,0.0,5.0
2022,Jelani Woods,IND,TE,64,72,1.8,3.0,36.0,1.2,0.0,3.0
2022,Will Dissly,SEA,TE,63,87,1.4,3.0,38.0,1.6,0.0,1.0
2022,Kylen Granson,IND,TE,61,61,,,,,,
2022,Noah Gray,KC,TE,61,68,1.9,2.0,35.0,0.1,1.0,2.0
2022,Jonnu Smith,NE,TE,59,52,1.0,0.0,39.0,1.0,0.0,1.0
2022,Trey McBride,ARI,TE,57,54,,,,,,
2022,Daniel Bellinger,NYG,TE,56,75,1.4,3.0,36.0,1.6,1.0,1.0
2022,Irv Smith,MIN,TE,56,51,1.7,2.0,32.0,0.3,0.0,2.0
2022,Colby Parkinson,SEA,TE,55,63,1.9,2.0,31.0,0.1,0.0,2.0
2022,Mo Alie-Cox,IND,TE,50,47,1.7,2.0,28.0,0.3,0.0,2.0
2022,Josh Oliver,BAL,TE,50,41,2.3,2.0,24.0,0.3,0.0,3.0
2022,Eric Saubert,DEN,TE,46,36,1.7,1.0,24.0,0.7,0.0,3.0
2022,OJ Howard,HOU,TE,44,37,1.6,2.0,23.0,0.4,0.0,2.0
2022,Brock Wright,DET,TE,44,64,1.7,4.0,24.0,2.3,0.0,1.0
2022,CJ Uzomah,NYJ,TE,43,56,,,,,,
2022,Ian Thomas,CAR,TE,42,41,,,,,,
2022,Brevin Jordan,HOU,TE,42,27,,,,,,
2022,John Bates,WAS,TE,39,31,1.2,1.0,22.0,0.2,0.0,2.0
2022,Zach Gentry,PIT,TE,39,29,1.2,0.0,22.0,1.2,0.0,1.0
2022,Jody Fortson,KC,TE,34,30,2.5,2.0,13.0,0.5,0.0,4.0
2022,Shane Zylstra,DET,TE,34,41,2.1,4.0,15.0,1.9,0.0,4.0
2022,Jake Ferguson,DAL,TE,34,47,,,,,,
2022,Peyton Hendershot,DAL,TE,34,40,1.4,3.0,18.0,1.6,1.0,2.0
2022,Johnny Mundt,MIN,TE,33,39,,,,,,
2022,Adam Trautman,NO,TE,33,42,,,,,,
2022,Pharaoh Brown,CLE,TE,18,10,,,,,,
2022,Pharaoh Brown,HOU,TE,15,14,,,,,,
2022,Durham Smythe,MIA,TE,31,33,1.2,2.0,18.0,0.8,1.0,1.0
2022,MyCole Pruitt,ATL,TE,30,43,1.5,3.0,15.0,1.5,0.0,2.0
2022,Tre' McKitty,LAC,TE,30,17,1.2,0.0,17.0,1.2,0.0,2.0
2022,Albert Okwuegbunam,DEN,TE,29,26,0.9,1.0,17.0,0.1,0.0,1.0
2022,Geoff Swaim,TEN,TE,28,22,1.1,1.0,15.0,0.1,0.0,1.0
2022,Mitchell Wilcox,CIN,TE,27,37,,,,,,
2022,Eric Tomlinson,DEN,TE,26,22,1.5,1.0,12.0,0.5,0.0,3.0
2022,Teagan Quitoriano,HOU,TE,25,19,1.7,2.0,10.0,0.3,0.0,3.0
2022,Jack Stoll,PHI,TE,25,23,,,,,,
2022,Anthony Firkser,ATL,TE,22,17,,,,,,
2022,Tanner Hudson,NYG,TE,22,23,,,,,,
2022,Josiah Deguara,GB,TE,22,24,,,,,,
2022,Donald Parham,LAC,TE,21,24,1.0,1.0,10.0,0.0,0.0,2.0
2022,Quintin Morris,BUF,TE,20,20,1.2,1.0,11.0,0.2,0.0,2.0
2022,Connor Heyward,PIT,TE,20,28,,,,,,
2022,Marcedes Lewis,GB,TE,18,27,1.2,2.0,7.0,0.8,0.0,2.0
2022,James Mitchell,DET,TE,17,27,,,,,,
2022,Ko Kieft,TB,TE,17,21,,,,,,
2022,Dan Arnold,JAC,TE,17,23,,,,,,
2022,Parker Hesse,ATL,TE,16,16,,,,,,
2022,Grant Calcaterra,PHI,TE,16,13,,,,,,
2022,Andrew Beck,DEN,TE,16,12,,,,,,
2022,Brycen Hopkins,LAR,TE,16,18,,,,,,
2022,Cole Turner,WAS,TE,15,4,,,,,,
2022,Lawrence Cager,NYG,TE,13,16,,,,,,
2022,Lawrence Cager,NYJ,TE,2,0,,,,,,
2022,Giovanni Ricci,CAR,TE,13,18,,,,,,
2022,Ryan Griffin,CHI,TE,13,7,,,,,,
2022,Stephen Anderson,ARI,TE,12,4,,,,,,
2022,Tyler Kroft,SF,TE,12,10,,,,,,
2022,Chris Manhertz,JAC,TE,12,10,,,,,,
2022,Kyle Rudolph,TB,TE,10,4,,,,,,
2022,Stephen Sullivan,CAR,TE,9,7,,,,,,
2022,Armani Rogers,WAS,TE,9,14,,,,,,
2022,Tyler Davis,GB,TE,9,7,,,,,,
2022,Ross Dwelley,SF,TE,8,20,,,,,,
2022,Stone Smartt,LAC,TE,7,6,,,,,,
2022,Devin Asiasi,CIN,TE,7,3,,,,,,
2022,Nick Vannett,NO,TE,3,3,,,,,,
2022,Nick Vannett,NYG,TE,4,4,,,,,,
2022,Jesper Horsted,LV,TE,6,5,,,,,,
2022,Trevon Wesco,CHI,TE,5,7,,,,,,
2022,Feleipe Franks,ATL,TE,5,0,,,,,,
2022,Ben Ellefson,MIN,TE,4,6,,,,,,
2022,Maxx Williams,ARI,TE,4,5,,,,,,
2022,Luke Farrell,JAC,TE,4,6,,,,,,
2022,Tyler Mabry,SEA,TE,4,8,,,,,,
2022,Charlie Woerner,SF,TE,3,0,,,,,,
2022,Drew Sample,CIN,TE,3,2,,,,,,
2022,Kendall Blanton,LAR,TE,3,6,,,,,,
2022,Mason Schreck,HOU,TE,3,3,,,,,,
2022,Sean McKeon,DAL,TE,3,3,,,,,,
2022,Blake Bell,KC,TE,3,9,,,,,,
2022,Jake Tonges,CHI,TE,2,0,,,,,,
2022,Tanner Conner,MIA,TE,2,0,,,,,,
2022,Tommy Sweeney,BUF,TE,1,2,,,,,,
2022,Miller Forristall,CLE,TE,1,0,,,,,,
2022,Noah Togiai,PHI,TE,1,0,,,,,,
2022,Jeremy Ruckert,NYJ,TE,1,0,,,,,,
2022,Nikola Kalinic,IND,TE,0,0,,,,,,
2022,Nick Boyle,BAL,TE,0,0,,,,,,
2023,Josh Allen,BUF,QB,367,393,11.5,15,111,3.5,14,0
2023,Jalen Hurts,PHI,QB,358,357,14.3,15,157,0.7,16,0
2023,Dak Prescott,DAL,QB,337,343,2.3,2,55,-0.3,2,0
2023,Lamar Jackson,BAL,QB,317,331,6.7,5,148,-1.7,5,0
2023,Jordan Love,GB,QB,301,319,2.9,4,50,1.1,3,0
2023,Trevor Lawrence,JAC,QB,294,263,4.9,4,70,-0.9,4,0
2023,Sam Howell,WAS,QB,291,258,3.1,5,49,1.9,2,0
2023,Patrick Mahomes,KC,QB,291,280,1.2,0,75,-1.2,5,0
2023,Baker Mayfield,TB,QB,286,274,2.8,1,62,-1.8,3,0
2023,Russell Wilson,DEN,QB,260,257,4.2,3,80,-1.2,4,0
2023,Justin Herbert,LAC,QB,257,234,4.4,3,53,-1.4,5,0
2023,Tua Tagovailoa,MIA,QB,255,270,-,-,-,-,-,-
2023,Jared Goff,DET,QB,247,289,1.7,2,32,0.3,2,0
2023,CJ Stroud,HOU,QB,245,276,2.9,3,40,0.1,3,0
2023,Derek Carr,NO,QB,241,241,-,-,-,-,-,-
2023,Matthew Stafford,LAR,QB,241,243,1.1,0,21,-1.1,1,0
2023,Justin Fields,CHI,QB,240,230,4.9,4,124,-0.9,5,0
2023,Geno Smith,SEA,QB,238,227,1.5,1,38,-0.5,0,0
2023,Joshua Dobbs,ARI,QB,138,125,2.5,6,77,3.5,2,0
2023,Joshua Dobbs,MIN,QB,79,76,2.5,6,77,3.5,2,0
2023,Gardner Minshew,IND,QB,209,196,2.7,3,34,0.3,4,0
2023,Brock Purdy,SF,QB,205,296,1.9,2,39,0.1,2,0
2023,Bryce Young,CAR,QB,201,156,-,-,-,-,-,-
2023,Desmond Ridder,ATL,QB,192,177,2.6,5,54,2.4,2,0
2023,Joe Burrow,CIN,QB,160,147,-,-,-,-,-,-
2023,Kirk Cousins,MIN,QB,154,150,1.1,0,14,-1.1,2,0
2023,Kyler Murray,ARI,QB,145,146,3.9,3,44,-0.9,5,0
2023,Zach Wilson,NYJ,QB,143,120,-,-,-,-,-,-
2023,Aidan O'Connell,LV,QB,142,126,2.1,1,17,-1.1,3,0
2023,Mac Jones,NE,QB,140,106,-,-,-,-,-,-
2023,Kenny Pickett,PIT,QB,136,110,1.2,1,42,-0.2,2,0
2023,Jake Browning,CIN,QB,126,144,3.5,3,28,-0.5,4,0
2023,Will Levis,TEN,QB,121,102,1.3,1,25,-0.3,2,0
2023,Ryan Tannehill,TEN,QB,103,80,-,-,-,-,-,-
2023,Easton Stick,LAC,QB,88,68,2.0,1,27,-1.0,2,0
2023,Joe Flacco,CLE,QB,88,101,-,-,-,-,-,-
2023,Tommy DeVito,NYG,QB,86,94,-,-,-,-,-,-
2023,Tyrod Taylor,NYG,QB,83,87,-,-,-,-,-,-
2023,Deshaun Watson,CLE,QB,82,87,-,-,-,-,-,-
2023,Tyson Bagent,CHI,QB,79,53,2.3,2,23,-0.3,3,0
2023,Bailey Zappe,NE,QB,78,69,-,-,-,-,-,-
2023,Daniel Jones,NYG,QB,76,57,1.1,1,40,-0.1,0,0
2023,Jimmy Garoppolo,LV,QB,74,64,-,-,-,-,-,-
2023,Nick Mullens,MIN,QB,72,67,-,-,-,-,-,-
2023,Taylor Heinicke,ATL,QB,61,66,-,-,-,-,-,-
2023,Mitchell Trubisky,PIT,QB,58,49,2.1,2,16,-0.1,3,0
2023,Trevor Siemian,NYJ,QB,57,27,-,-,-,-,-,-
2023,Anthony Richardson,IND,QB,56,73,2.4,4,25,1.6,3,0
2023,Phillip Walker,CLE,QB,49,20,-,-,-,-,-,-
2023,Dorian Thompson-Robinson,CLE,QB,49,22,-,-,-,-,-,-
2023,Sam Darnold,SF,QB,31,23,-,-,-,-,-,-
2023,Mason Rudolph,PIT,QB,28,40,-,-,-,-,-,-
2023,Drew Lock,SEA,QB,27,29,-,-,-,-,-,-
2023,CJ Beathard,JAC,QB,26,21,-,-,-,-,-,-
2023,Jarrett Stidham,DEN,QB,25,27,-,-,-,-,-,-
2023,Tyler Huntley,BAL,QB,25,26,-,-,-,-,-,-
2023,Jacoby Brissett,WAS,QB,24,23,-,-,-,-,-,-
2023,Case Keenum,HOU,QB,24,10,-,-,-,-,-,-
2023,Tim Boyle,NYJ,QB,23,11,-,-,-,-,-,-
2023,Davis Mills,HOU,QB,21,18,-,-,-,-,-,-
2023,Carson Wentz,LAR,QB,21,26,-,-,-,-,-,-
2023,Christian McCaffrey,SF,RB,324,391,15.7,21,355,5.3,17,3
2023,Joe Mixon,CIN,RB,298,267,14.8,12,324,-2.8,18,0
2023,Tony Pollard,DAL,RB,278,223,11.6,6,319,-5.6,13,2
2023,Rachaad White,TB,RB,269,268,8.1,9,344,0.9,8,1
2023,Travis Etienne,JAC,RB,269,282,8.1,12,341,3.9,9,0
2023,Bijan Robinson,ATL,RB,260,246,7.2,8,301,0.8,2,2
2023,Breece Hall,NYJ,RB,254,291,4.2,9,317,4.8,1,0
2023,Alvin Kamara,NO,RB,249,233,7.8,6,267,-1.8,8,0
2023,Kyren Williams,LAR,RB,248,255,12.4,15,276,2.6,13,0
2023,Jahmyr Gibbs,DET,RB,244,242,9.5,11,254,1.5,8,0
2023,Austin Ekeler,LAC,RB,237,185,9.6,6,253,-3.6,13,1
2023,Saquon Barkley,NYG,RB,233,223,7.6,10,306,2.4,6,1
2023,James Cook,BUF,RB,226,233,7.1,6,291,-1.1,4,2
2023,Isiah Pacheco,KC,RB,224,214,9.6,9,257,-0.6,9,1
2023,Josh Jacobs,LV,RB,224,181,8.0,6,290,-2.0,8,2
2023,Javonte Williams,DEN,RB,220,179,7.4,5,275,-2.4,8,0
2023,Derrick Henry,TEN,RB,218,247,9.3,12,316,2.7,12,0
2023,Raheem Mostert,MIA,RB,218,268,13.2,21,242,7.8,19,0
2023,D'Andre Swift,PHI,RB,216,199,8.0,6,277,-2.0,10,0
2023,Jerome Ford,CLE,RB,209,211,5.0,9,268,4.0,4,2
2023,Kenneth Walker,SEA,RB,205,199,9.1,9,257,-0.1,13,0
2023,Jaylen Warren,PIT,RB,200,196,4.4,4,224,-0.4,4,0
2023,Najee Harris,PIT,RB,199,196,7.0,8,293,1.0,7,0
2023,Chuba Hubbard,CAR,RB,198,183,6.1,5,283,-1.1,8,0
2023,Ezekiel Elliott,NE,RB,197,175,4.0,5,249,1.0,4,0
2023,David Montgomery,DET,RB,191,207,10.3,13,244,2.7,17,0
2023,Alexander Mattison,MIN,RB,191,133,8.1,3,225,-5.1,9,3
2023,Devin Singletary,HOU,RB,184,167,6.1,4,254,-2.1,7,0
2023,James Conner,ARI,RB,181,202,7.6,9,241,1.4,9,1
2023,Brian Robinson,WAS,RB,171,198,6.0,9,221,3.0,7,2
2023,Zack Moss,IND,RB,169,170,6.5,7,220,0.5,9,0
2023,Tyjae Spears,TEN,RB,166,154,3.4,3,170,-0.4,3,1
2023,Rhamondre Stevenson,NE,RB,163,146,3.3,4,209,0.7,3,0
2023,Gus Edwards,BAL,RB,159,187,10.1,13,211,2.9,19,0
2023,Aaron Jones,GB,RB,153,135,5.5,3,185,-2.5,6,0
2023,AJ Dillon,GB,RB,151,118,6.2,2,205,-4.2,7,0
2023,Jonathan Taylor,IND,RB,151,156,7.2,8,192,0.8,9,0
2023,Tyler Allgeier,ATL,RB,137,138,4.7,5,209,0.3,4,0
2023,Miles Sanders,CAR,RB,134,88,3.0,1,171,-2.0,4,0
2023,De'Von Achane,MIA,RB,131,191,5.0,11,140,6.0,4,2
2023,Zach Charbonnet,SEA,RB,128,106,4.0,1,149,-3.0,3,0
2023,Kareem Hunt,CLE,RB,125,119,6.5,9,156,2.5,11,0
2023,Antonio Gibson,WAS,RB,124,127,2.2,3,125,0.8,1,0
2023,Samaje Perine,DEN,RB,117,121,2.7,1,108,-1.7,3,0
2023,Khalil Herbert,CHI,RB,117,113,3.7,3,163,-0.7,1,3
2023,Justice Hill,BAL,RB,116,109,4.3,4,123,-0.3,4,0
2023,Dameon Pierce,HOU,RB,115,83,5.4,2,161,-3.4,8,0
2023,Roschon Johnson,CHI,RB,115,102,3.3,2,124,-1.3,5,0
2023,Latavius Murray,BUF,RB,104,83,6.6,4,101,-2.6,11,0
2023,Kenneth Gainwell,PHI,RB,102,97,2.7,2,121,-0.7,3,0
2023,Jaleel McLaughlin,DEN,RB,99,106,2.1,3,111,0.9,0,0
2023,Ty Chandler,MIN,RB,99,101,2.8,3,127,0.2,3,0
2023,Rico Dowdle,DAL,RB,96,92,3.9,4,112,0.1,4,1
2023,D'Onta Foreman,CHI,RB,92,91,4.1,5,124,0.9,6,0
2023,Zamir White,LV,RB,88,74,2.9,1,123,-1.9,3,0
2023,Clyde Edwards-Helaire,KC,RB,85,70,3.6,2,92,-1.6,2,1
2023,Jamaal Williams,NO,RB,84,61,2.1,1,126,-1.1,2,0
2023,Joshua Kelley,LAC,RB,80,62,2.6,2,119,-0.6,3,0
2023,Emari Demercado,ARI,RB,74,73,1.3,2,87,0.7,1,1
2023,Jerick McKinnon,KC,RB,70,84,1.8,5,54,3.2,0,0
2023,Elijah Mitchell,SF,RB,67,48,4.3,2,83,-2.3,8,0
2023,Dalvin Cook,NYJ,RB,62,40,-,-,-,-,-,-
2023,Matt Breida,NYG,RB,58,47,-,-,-,-,-,-
2023,Darrell Henderson,LAR,RB,57,44,2.8,2,60,-0.8,3,0
2023,Michael Carter,ARI,RB,31,33,1.0,1,62,0.0,0,0
2023,Michael Carter,NYJ,RB,25,26,1.0,1,62,0.0,0,0
2023,Cordarrelle Patterson,ATL,RB,56,37,2.7,1,62,-1.7,2,1
2023,Cam Akers,LAR,RB,14,9,1.9,2,72,0.1,2,0
2023,Cam Akers,MIN,RB,40,38,1.9,2,72,0.1,2,0
2023,Royce Freeman,LAR,RB,55,46,3.1,2,79,-1.1,4,0
2023,Jeff Wilson,MIA,RB,52,41,1.5,0,58,-1.5,1,1
2023,Salvon Ahmed,MIA,RB,48,43,1.4,2,45,0.6,1,0
2023,Pierre Strong,CLE,RB,48,43,1.5,1,71,-0.5,2,0
2023,Chase Edmonds,TB,RB,48,40,-,-,-,-,-,-
2023,Chase Brown,CIN,RB,45,54,-,-,-,-,-,-
2023,Ameer Abdullah,LV,RB,42,41,-,-,-,-,-,-
2023,D'Ernest Johnson,JAC,RB,42,35,-,-,-,-,-,-
2023,Patrick Taylor,GB,RB,41,30,1.2,0,47,-1.2,1,0
2023,Kendre Miller,NO,RB,40,43,-,-,-,-,-,-
2023,Keaton Mitchell,BAL,RB,40,70,-,-,-,-,-,-
2023,Kyle Juszczyk,SF,RB,39,39,2.0,2,22,0.0,1,0
2023,Tank Bigsby,JAC,RB,38,23,1.9,2,54,0.1,2,0
2023,Andrew Beck,HOU,RB,37,39,2.9,3,18,0.1,3,2
2023,Chris Rodriguez,WAS,RB,37,38,2.0,2,53,0.0,3,0
2023,Craig Reynolds,DET,RB,34,30,1.4,1,47,-0.4,2,0
2023,Darrynton Evans,CHI,RB,33,28,1.2,1,44,-0.2,0,1
2023,Darrynton Evans,MIA,RB,1,2,1.2,1,44,-0.2,0,1
2023,Tony Jones,ARI,RB,8,7,1.5,2,36,0.5,2,0
2023,Tony Jones,NO,RB,25,25,1.5,2,36,0.5,2,0
2023,Ty Johnson,BUF,RB,29,32,-,-,-,-,-,-
2023,Isaiah Spiller,LAC,RB,29,19,-,-,-,-,-,-
2023,Jordan Mason,SF,RB,27,45,-,-,-,-,-,-
2023,Israel Abanikanda,NYJ,RB,26,16,-,-,-,-,-,-
2023,Alec Ingold,MIA,RB,25,25,-,-,-,-,-,-
2023,Trey Sermon,IND,RB,25,20,-,-,-,-,-,-
2023,Tyler Goodson,IND,RB,23,18,-,-,-,-,-,-
2023,Ronnie Rivers,LAR,RB,23,20,-,-,-,-,-,-
2023,Deuce Vaughn,DAL,RB,23,15,-,-,-,-,-,-
2023,La'Mical Perine,KC,RB,22,14,-,-,-,-,-,-
2023,Trayveon Williams,CIN,RB,22,15,-,-,-,-,-,-
2023,Nick Chubb,CLE,RB,22,23,-,-,-,-,-,-
2023,Boston Scott,PHI,RB,22,16,-,-,-,-,-,-
2023,Damien Harris,BUF,RB,21,19,1.5,1,25,-0.5,2,0
2023,Keaontay Ingram,ARI,RB,21,14,-,-,-,-,-,-
2023,DeeJay Dallas,SEA,RB,21,8,-,-,-,-,-,-
2023,Ke'Shawn Vaughn,TB,RB,19,6,-,-,-,-,-,-
2023,Deon Jackson,CLE,RB,0,0,-,-,-,-,-,-
2023,Deon Jackson,IND,RB,19,4,-,-,-,-,-,-
2023,Deon Jackson,NYG,RB,0,0,-,-,-,-,-,-
2023,Eric Gray,NYG,RB,19,13,-,-,-,-,-,-
2023,Melvin Gordon,BAL,RB,18,20,-,-,-,-,-,-
2023,Raheem Blackshear,CAR,RB,17,17,-,-,-,-,-,-
2023,Mike Boone,HOU,RB,16,13,-,-,-,-,-,-
2023,Emanuel Wilson,GB,RB,14,15,-,-,-,-,-,-
2023,Dare Ogunbowale,HOU,RB,14,10,-,-,-,-,-,-
2023,CJ Ham,MIN,RB,13,10,-,-,-,-,-,-
2023,Gary Brightwell,NYG,RB,13,12,-,-,-,-,-,-
2023,Kevin Harris,NE,RB,13,21,-,-,-,-,-,-
2023,JK Dobbins,BAL,RB,12,12,-,-,-,-,-,-
2023,Patrick Ricard,BAL,RB,12,16,-,-,-,-,-,-
2023,Khari Blasingame,CHI,RB,12,6,-,-,-,-,-,-
2023,Hunter Luepke,DAL,RB,12,13,-,-,-,-,-,-
2023,Leonard Fournette,BUF,RB,10,4,-,-,-,-,-,-
2023,Sean Tucker,TB,RB,10,5,-,-,-,-,-,-
2023,Chris Brooks,MIA,RB,10,11,-,-,-,-,-,-
2023,Nick Bawden,NYJ,RB,9,12,-,-,-,-,-,-
2023,Michael Burton,DEN,RB,9,7,-,-,-,-,-,-
2023,Rashaad Penny,PHI,RB,6,5,-,-,-,-,-,-
2023,Damien Williams,ARI,RB,6,8,-,-,-,-,-,-
2023,Jordan Mims,NO,RB,6,0,-,-,-,-,-,-
2023,Kenyan Drake,BAL,RB,5,3,-,-,-,-,-,-
2023,Kenyan Drake,GB,RB,0,0,-,-,-,-,-,-
2023,Jashaun Corbin,NYG,RB,5,4,-,-,-,-,-,-
2023,Elijah Dotson,LAC,RB,5,4,-,-,-,-,-,-
2023,CeeDee Lamb,DAL,WR,347,403,12.7,14,195,1.3,1,20
2023,Tyreek Hill,MIA,WR,313,376,8.9,13,177,4.1,0,12
2023,Davante Adams,LV,WR,307,265,9.0,8,177,-1.0,0,9
2023,Puka Nacua,LAR,WR,284,299,7.0,6,173,-1.0,0,11
2023,Amon-Ra St Brown,DET,WR,278,331,6.7,10,169,3.3,0,6
2023,Calvin Ridley,JAC,WR,274,230,11.9,8,146,-3.9,0,25
2023,Garrett Wilson,NYJ,WR,273,213,6.1,3,171,-3.1,0,7
2023,Stefon Diggs,BUF,WR,272,274,6.1,8,161,1.9,0,9
2023,AJ Brown,PHI,WR,270,290,7.5,7,159,-0.5,0,13
2023,Keenan Allen,LAC,WR,254,279,6.0,7,153,1.0,0,7
2023,DeAndre Hopkins,TEN,WR,252,224,7.7,7,140,-0.7,0,14
2023,Mike Evans,TB,WR,249,283,9.0,13,133,4.0,0,19
2023,Ja'Marr Chase,CIN,WR,244,263,6.2,7,147,0.8,0,10
2023,Chris Olave,NO,WR,244,231,6.4,5,140,-1.4,0,10
2023,Michael Pittman,IND,WR,241,250,4.6,4,154,-0.6,0,5
2023,DJ Moore,CHI,WR,241,287,6.9,9,141,2.1,0,15
2023,Chris Godwin,TB,WR,232,209,6.7,3,138,-3.7,0,11
2023,DK Metcalf,SEA,WR,228,225,9.3,8,120,-1.3,0,16
2023,Terry McLaurin,WAS,WR,226,209,5.5,4,131,-1.5,0,9
2023,Adam Thielen,CAR,WR,224,231,4.8,4,137,-0.8,0,5
2023,Amari Cooper,CLE,WR,221,227,5.4,5,129,-0.4,0,7
2023,Tyler Lockett,SEA,WR,214,202,6.6,5,123,-1.6,0,13
2023,Jordan Addison,MIN,WR,204,221,7.4,10,109,2.6,0,10
2023,DeVonta Smith,PHI,WR,200,228,5.1,7,114,1.9,0,9
2023,Nico Collins,HOU,WR,198,260,5.9,8,109,2.1,0,10
2023,Jakobi Meyers,LV,WR,194,219,6.1,10,111,3.9,0,7
2023,Deebo Samuel,SF,WR,193,244,6.0,12,126,6.0,2,4
2023,Jaylen Waddle,MIA,WR,188,199,4.2,4,109,-0.2,0,6
2023,Zay Flowers,BAL,WR,188,206,4.5,6,116,1.5,0,5
2023,Justin Jefferson,MIN,WR,186,202,5.7,5,101,-0.7,0,10
2023,Romeo Doubs,GB,WR,185,174,7.4,8,97,0.6,0,16
2023,Elijah Moore,CLE,WR,183,132,4.5,2,112,-2.5,0,7
2023,Drake London,ATL,WR,182,174,4.2,2,109,-2.2,0,5
2023,Rashee Rice,KC,WR,180,213,5.2,7,104,1.8,0,6
2023,Brandon Aiyuk,SF,WR,180,249,4.2,7,104,2.8,0,7
2023,Jayden Reed,GB,WR,177,217,5.2,10,105,4.8,0,8
2023,Courtland Sutton,DEN,WR,174,190,7.1,10,92,2.9,0,14
2023,George Pickens,PIT,WR,174,209,3.4,5,108,1.6,0,5
2023,Curtis Samuel,WAS,WR,171,157,6.2,5,99,-1.2,1,8
2023,Cooper Kupp,LAR,WR,170,164,5.7,5,98,-0.7,0,8
2023,Brandin Cooks,DAL,WR,169,173,7.3,8,86,0.7,0,15
2023,Marquise Brown,ARI,WR,166,135,3.9,4,103,0.1,0,5
2023,Tyler Boyd,CIN,WR,159,145,3.5,2,100,-1.5,0,4
2023,Jerry Jeudy,DEN,WR,158,142,4.3,2,86,-2.3,0,6
2023,Gabe Davis,BUF,WR,158,161,6.6,7,81,0.4,0,13
2023,Jaxon Smith-Njigba,SEA,WR,156,150,3.5,4,93,0.5,0,5
2023,Josh Downs,IND,WR,152,157,2.8,2,98,-0.8,0,3
2023,Diontae Johnson,PIT,WR,150,153,4.4,5,86,0.6,0,7
2023,Rashid Shaheed,NO,WR,146,156,4.2,5,82,0.8,0,6
2023,Tee Higgins,CIN,WR,142,138,4.9,5,77,0.1,0,8
2023,Jahan Dotson,WAS,WR,140,125,4.5,4,81,-0.5,0,9
2023,Tank Dell,HOU,WR,140,165,3.7,7,86,3.3,0,5
2023,KJ Osborn,MIN,WR,136,120,3.9,3,75,-0.9,0,6
2023,DeMario Douglas,NE,WR,133,107,2.2,0,85,-2.2,0,3
2023,Christian Kirk,JAC,WR,133,150,2.5,3,84,0.5,0,3
2023,Robert Woods,HOU,WR,130,89,3.1,1,78,-2.1,0,6
2023,Jonathan Mingo,CAR,WR,130,85,1.8,0,84,-1.8,0,2
2023,Odell Beckham,BAL,WR,125,108,5.2,3,64,-2.2,0,10
2023,Christian Watson,GB,WR,124,101,6.4,5,57,-1.4,0,14
2023,Tutu Atwell,LAR,WR,124,112,3.4,3,74,-0.4,0,5
2023,Darius Slayton,NYG,WR,123,151,1.7,4,79,2.3,0,1
2023,DJ Chark,CAR,WR,123,116,3.5,5,67,1.5,0,4
2023,Quentin Johnston,LAC,WR,121,94,3.7,2,69,-1.7,0,7
2023,Rondale Moore,ARI,WR,120,105,2.1,2,91,-0.1,0,2
2023,Alec Pierce,IND,WR,118,95,3.2,2,67,-1.2,0,3
2023,Trey Palmer,TB,WR,118,96,2.9,3,71,0.1,0,4
2023,Wan'Dale Robinson,NYG,WR,117,133,1.2,2,85,0.8,0,1
2023,Josh Reynolds,DET,WR,116,129,4.3,5,61,0.7,0,8
2023,Zay Jones,JAC,WR,115,78,3.8,2,64,-1.8,0,7
2023,Michael Thomas,NO,WR,111,90,3.5,1,63,-2.5,0,8
2023,Joshua Palmer,LAC,WR,107,107,3.1,2,62,-1.1,0,5
2023,Justin Watson,KC,WR,104,89,3.3,3,54,-0.3,0,6
2023,Darnell Mooney,CHI,WR,102,79,3.0,1,60,-2.0,0,6
2023,Noah Brown,HOU,WR,98,102,2.8,2,55,-0.8,0,5
2023,Dontayvion Wicks,GB,WR,98,120,2.4,4,59,1.6,0,2
2023,Michael Wilson,ARI,WR,98,115,2.9,3,56,0.1,0,5
2023,Michael Gallup,DAL,WR,97,88,2.6,2,56,-0.6,0,5
2023,Kendrick Bourne,NE,WR,97,100,2.4,4,58,1.6,0,2
2023,Rashod Bateman,BAL,WR,93,77,2.2,1,55,-1.2,0,3
2023,DeVante Parker,NE,WR,89,72,1.3,0,55,-1.3,0,0
2023,Nick Westbrook-Ikhine,TEN,WR,83,85,2.8,3,45,0.2,0,5
2023,Marquez Valdes-Scantling,KC,WR,81,57,2.2,1,44,-1.2,0,4
2023,Nelson Agholor,BAL,WR,80,97,2.2,4,45,1.8,0,5
2023,Allen Robinson,PIT,WR,78,62,1.7,0,49,-1.7,0,2
2023,Kalif Raymond,DET,WR,78,97,1.2,1,52,-0.2,0,0
2023,Brandon Powell,MIN,WR,77,67,2.1,1,50,-1.1,0,3
2023,Allen Lazard,NYJ,WR,77,60,1.1,1,49,-0.1,0,1
2023,Cedric Tillman,CLE,WR,76,44,2.0,0,44,-2.0,0,4
2023,Jameson Williams,DET,WR,76,80,1.7,3,44,1.3,0,1
2023,Demarcus Robinson,LAR,WR,75,87,3.1,4,39,0.9,0,7
2023,Van Jefferson,ATL,WR,47,22,1.6,0,44,-1.6,0,2
2023,Van Jefferson,LAR,WR,28,19,1.6,0,44,-1.6,0,2
2023,Khalil Shakir,BUF,WR,75,113,1.1,2,47,0.9,0,0
2023,Tre Tucker,LV,WR,74,72,2.1,2,45,-0.1,0,4
2023,Jalin Hyatt,NYG,WR,73,60,1.5,0,41,-1.5,0,1
2023,JuJu Smith-Schuster,NE,WR,72,61,1.1,1,47,-0.1,0,1
2023,Kadarius Toney,KC,WR,69,53,1.7,1,48,-0.7,0,0
2023,Cedrick Wilson,MIA,WR,69,70,2.5,3,37,0.5,0,5
2023,Xavier Gipson,NYJ,WR,69,59,1.9,1,46,-0.9,0,0
2023,Jalen Tolbert,DAL,WR,69,59,2.4,2,37,-0.4,0,5
2023,Skyy Moore,KC,WR,67,54,2.1,1,41,-1.1,0,3
2023,Marvin Mims,DEN,WR,67,71,1.7,1,42,-0.7,0,1
2023,Greg Dortch,ARI,WR,62,65,0.9,2,42,1.1,0,2
2023,Tyler Scott,CHI,WR,61,36,1.8,0,39,-1.8,0,3
2023,Chris Moore,TEN,WR,59,68,-,-,-,-,-,-
2023,Trenton Irwin,CIN,WR,58,63,1.6,1,32,-0.6,0,1
2023,Isaiah Hodgins,NYG,WR,58,60,1.8,3,33,1.2,0,4
2023,Braxton Berrios,MIA,WR,56,58,1.2,1,35,-0.2,0,2
2023,Calvin Austin,PIT,WR,56,53,-,-,-,-,-,-
2023,John Metchie,HOU,WR,56,32,1.8,0,31,-1.8,0,3
2023,Treylon Burks,TEN,WR,56,40,1.0,0,34,-1.0,0,0
2023,Hunter Renfrow,LV,WR,55,49,-,-,-,-,-,-
2023,Brandon Johnson,DEN,WR,53,73,1.9,4,30,2.1,0,3
2023,Deven Thompkins,TB,WR,51,35,1.7,1,32,-0.7,0,3
2023,Mack Hollins,ATL,WR,50,43,1.1,0,30,-1.1,0,1
2023,Terrace Marshall,CAR,WR,50,33,-,-,-,-,-,-
2023,Dyami Brown,WAS,WR,50,35,2.1,1,24,-1.1,0,4
2023,Sterling Shepard,NYG,WR,49,20,2.6,1,24,-1.6,0,5
2023,Jauan Jennings,SF,WR,49,52,-,-,-,-,-,-
2023,Andrei Iosivas,CIN,WR,48,51,2.1,4,25,1.9,0,4
2023,KaVontae Turpin,DAL,WR,47,60,2.1,4,29,1.9,0,3
2023,Malik Heath,GB,WR,47,34,1.9,1,24,-0.9,0,5
2023,Alex Erickson,LAC,WR,46,45,-,-,-,-,-,-
2023,Mike Williams,LAC,WR,46,50,1.1,1,27,-0.1,0,2
2023,Jake Bobo,SEA,WR,45,57,1.8,3,26,1.2,1,2
2023,Bo Melton,GB,WR,43,46,1.3,1,27,-0.3,0,2
2023,Parris Campbell,NYG,WR,43,30,-,-,-,-,-,-
2023,Derius Davis,LAC,WR,42,36,1.1,0,32,-1.1,0,0
2023,Xavier Hutchinson,HOU,WR,42,22,1.5,0,25,-1.5,1,1
2023,Jalen Guyton,LAC,WR,40,25,1.4,1,22,-0.4,0,2
2023,Jalen Reagor,NE,WR,39,29,-,-,-,-,-,-
2023,Trent Sherfield,BUF,WR,39,26,1.0,1,22,0.0,0,2
2023,Deonte Harty,BUF,WR,38,40,-,-,-,-,-,-
2023,Tyquan Thornton,NE,WR,38,27,-,-,-,-,-,-
2023,AT Perry,NO,WR,38,61,1.6,4,18,2.4,0,4
2023,Samori Toure,GB,WR,37,16,1.2,0,18,-1.2,0,3
2023,KhaDarel Hodge,ATL,WR,37,37,-,-,-,-,-,-
2023,Chase Claypool,CHI,WR,24,15,1.1,1,20,-0.1,0,3
2023,Chase Claypool,MIA,WR,12,7,1.1,1,20,-0.1,0,3
2023,Quez Watkins,PHI,WR,36,35,-,-,-,-,-,-
2023,Kyle Philips,TEN,WR,35,31,-,-,-,-,-,-
2023,Donovan Peoples-Jones,CLE,WR,26,18,-,-,-,-,-,-
2023,Donovan Peoples-Jones,DET,WR,9,11,-,-,-,-,-,-
2023,Parker Washington,JAC,WR,35,39,1.0,2,21,1.0,0,2
2023,Jamal Agnew,JAC,WR,35,40,-,-,-,-,-,-
2023,Byron Pringle,WAS,WR,34,28,-,-,-,-,-,-
2023,Lil'Jordan Humphrey,DEN,WR,34,47,1.2,3,19,1.8,0,2
2023,Olamide Zaccheaus,PHI,WR,34,38,1.5,2,19,0.5,0,3
2023,Mecole Hardman,KC,WR,30,24,-,-,-,-,-,-
2023,Mecole Hardman,NYJ,WR,3,2,-,-,-,-,-,-
2023,Jamison Crowder,WAS,WR,33,36,-,-,-,-,-,-
2023,Julio Jones,PHI,WR,32,36,1.0,3,18,2.0,0,2
2023,Scotty Miller,ATL,WR,32,39,1.1,2,17,0.9,0,2
2023,David Bell,CLE,WR,31,49,-,-,-,-,-,-
2023,Marquise Goodwin,CLE,WR,30,14,-,-,-,-,-,-
2023,Ronnie Bell,SF,WR,29,31,1.4,3,13,1.6,0,3
2023,Randall Cobb,NYJ,WR,28,17,-,-,-,-,-,-
2023,Lynn Bowden,NO,WR,28,23,-,-,-,-,-,-
2023,Tim Jones,JAC,WR,28,19,-,-,-,-,-,-
2023,River Cracraft,MIA,WR,28,27,1.6,1,12,-0.6,0,3
2023,Laviska Shenault,CAR,WR,26,22,-,-,-,-,-,-
2023,Ray-Ray McCloud,SF,WR,26,29,-,-,-,-,-,-
2023,Zach Pascal,ARI,WR,26,6,-,-,-,-,-,-
2023,Richie James,KC,WR,24,19,-,-,-,-,-,-
2023,Isaiah McKenzie,IND,WR,23,17,-,-,-,-,-,-
2023,Ben Skowronek,LAR,WR,21,22,-,-,-,-,-,-
2023,Ihmir Smith-Marsette,CAR,WR,21,33,-,-,-,-,-,-
2023,Keith Kirkwood,NO,WR,20,15,1.1,1,9,-0.1,0,3
2023,Devin Duvernay,BAL,WR,20,7,-,-,-,-,-,-
2023,Velus Jones,CHI,WR,18,11,-,-,-,-,-,-
2023,Keelan Doss,LAC,WR,18,9,-,-,-,-,-,-
2023,Justyn Ross,KC,WR,17,11,-,-,-,-,-,-
2023,Ty Montgomery,NE,WR,17,10,-,-,-,-,-,-
2023,Charlie Jones,CIN,WR,17,21,-,-,-,-,-,-
2023,Jason Brownlee,NYJ,WR,16,17,-,-,-,-,-,-
2023,Marvin Jones,DET,WR,14,7,-,-,-,-,-,-
2023,DJ Montgomery,IND,WR,14,15,-,-,-,-,-,-
2023,Rakim Jarrett,TB,WR,14,10,-,-,-,-,-,-
2023,Kayshon Boutte,NE,WR,14,4,-,-,-,-,-,-
2023,DeAndre Carter,LV,WR,12,10,-,-,-,-,-,-
2023,Chris Conley,SF,WR,12,10,-,-,-,-,-,-
2023,Britain Covey,PHI,WR,11,8,-,-,-,-,-,-
2023,Jalen Nailor,MIN,WR,10,6,-,-,-,-,-,-
2023,Evan Engram,JAC,TE,222,230,3.8,4,143,0.2,0,5
2023,TJ Hockenson,MIN,TE,217,219,5.1,5,127,-0.1,0,5
2023,Travis Kelce,KC,TE,214,219,6.2,5,121,-1.2,0,7
2023,Sam LaPorta,DET,TE,213,239,6.2,10,122,3.8,0,7
2023,David Njoku,CLE,TE,212,201,6.4,6,122,-0.4,0,10
2023,Jake Ferguson,DAL,TE,184,177,6.8,5,103,-1.8,0,10
2023,Trey McBride,ARI,TE,182,182,4.3,3,108,-1.3,0,6
2023,Cole Kmet,CHI,TE,160,181,5.7,6,93,0.3,0,7
2023,Taysom Hill,NO,TE,160,144,11.2,6,121,-5.2,7,2
2023,George Kittle,SF,TE,157,203,3.6,6,91,2.4,0,5
2023,Dalton Schultz,HOU,TE,154,151,4.6,5,86,0.4,0,8
2023,Dalton Kincaid,BUF,TE,152,150,3.1,2,94,-1.1,0,3
2023,Kyle Pitts,ATL,TE,152,137,2.7,3,91,0.3,0,4
2023,Tyler Conklin,NYJ,TE,143,123,3.0,0,88,-3.0,0,3
2023,Logan Thomas,WAS,TE,135,127,4.3,4,80,-0.3,0,8
2023,Chigoziem Okonkwo,TEN,TE,132,113,2.7,1,81,-1.7,0,3
2023,Cade Otton,TB,TE,128,117,4.4,4,69,-0.4,0,6
2023,Dallas Goedert,PHI,TE,127,136,2.2,3,83,0.8,0,3
2023,Jonnu Smith,ATL,TE,125,124,3.8,3,71,-0.8,1,3
2023,Gerald Everett,LAC,TE,123,111,3.9,3,73,-0.9,0,3
2023,Mark Andrews,BAL,TE,119,135,4.5,6,63,1.5,0,6
2023,Darren Waller,NYG,TE,116,113,1.5,1,74,-0.5,0,2
2023,Hunter Henry,NE,TE,110,120,3.3,6,61,2.7,0,6
2023,Tyler Higbee,LAR,TE,107,109,1.6,2,70,0.4,0,1
2023,Juwan Johnson,NO,TE,102,98,2.9,4,58,1.1,0,3
2023,Donald Parham,LAC,TE,88,80,4.3,4,41,-0.3,0,7
2023,Kylen Granson,IND,TE,86,73,2.4,1,52,-1.4,0,0
2023,Pat Freiermuth,PIT,TE,82,77,2.3,2,47,-0.3,0,5
2023,Adam Trautman,DEN,TE,78,60,4.4,3,35,-1.4,0,6
2023,Dawson Knox,BUF,TE,77,55,3.7,2,37,-1.7,0,5
2023,Mike Gesicki,NE,TE,77,65,2.5,2,43,-0.5,0,5
2023,Luke Musgrave,GB,TE,76,75,1.4,1,46,-0.4,0,1
2023,Noah Gray,KC,TE,75,71,1.9,2,45,0.1,0,2
2023,Tanner Hudson,CIN,TE,72,80,-,-,-,-,-,-
2023,Zach Ertz,ARI,TE,70,52,1.9,1,40,-0.9,0,1
2023,Isaiah Likely,BAL,TE,69,101,1.6,5,41,3.4,0,1
2023,Durham Smythe,MIA,TE,68,72,1.1,0,43,-1.1,0,2
2023,Noah Fant,SEA,TE,65,73,-,-,-,-,-,-
2023,Colby Parkinson,SEA,TE,63,62,3.0,2,33,-1.0,0,3
2023,Michael Mayer,LV,TE,62,71,1.4,2,40,0.6,0,1
2023,Tucker Kraft,GB,TE,61,79,1.1,2,40,0.9,0,0
2023,Connor Heyward,PIT,TE,56,40,1.1,0,35,-1.1,0,1
2023,Tommy Tremble,CAR,TE,53,60,1.4,3,33,1.6,0,2
2023,Hayden Hurst,CAR,TE,53,42,1.4,1,32,-0.4,0,2
2023,John Bates,WAS,TE,50,34,1.5,0,29,-1.5,0,3
2023,Austin Hooper,LV,TE,49,48,-,-,-,-,-,-
2023,Josh Oliver,MIN,TE,49,53,1.8,2,28,0.2,0,2
2023,Irv Smith,CIN,TE,47,34,1.5,1,27,-0.5,0,2
2023,Mo Alie-Cox,IND,TE,42,49,1.4,3,23,1.6,0,2
2023,Drew Sample,CIN,TE,41,50,-,-,-,-,-,-
2023,Stephen Sullivan,CAR,TE,41,25,-,-,-,-,-,-
2023,Foster Moreau,NO,TE,40,46,-,-,-,-,-,-
2023,Daniel Bellinger,NYG,TE,39,51,-,-,-,-,-,-
2023,Johnny Mundt,MIN,TE,38,40,-,-,-,-,-,-
2023,Harrison Bryant,CLE,TE,37,38,1.6,3,24,1.4,0,3
2023,Stone Smartt,LAC,TE,37,33,1.1,1,21,-0.1,0,2
2023,Andrew Ogletree,IND,TE,37,36,1.4,2,21,0.6,0,2
2023,Will Mallory,IND,TE,35,39,-,-,-,-,-,-
2023,Josh Whyle,TEN,TE,34,24,1.6,1,15,-0.6,0,2
2023,Will Dissly,SEA,TE,32,40,-,-,-,-,-,-
2023,Cole Turner,WAS,TE,32,23,1.5,0,15,-1.5,0,2
2023,Luke Schoonmaker,DAL,TE,32,27,1.8,2,15,0.2,0,3
2023,Brevin Jordan,HOU,TE,32,51,-,-,-,-,-,-
2023,Jeremy Ruckert,NYJ,TE,31,31,-,-,-,-,-,-
2023,Jordan Akins,CLE,TE,30,28,-,-,-,-,-,-
2023,Lucas Krull,DEN,TE,28,24,1.3,1,14,-0.3,0,2
2023,Elijah Higgins,ARI,TE,28,36,-,-,-,-,-,-
2023,Robert Tonyan,CHI,TE,28,22,-,-,-,-,-,-
2023,Luke Farrell,JAC,TE,25,29,-,-,-,-,-,-
2023,MyCole Pruitt,ATL,TE,25,26,1.4,1,12,-0.4,0,3
2023,CJ Uzomah,NYJ,TE,24,20,1.2,1,12,-0.2,0,2
2023,Pharaoh Brown,NE,TE,23,38,-,-,-,-,-,-
2023,Jimmy Graham,NO,TE,23,34,2.1,4,7,1.9,0,4
2023,Brock Wright,DET,TE,21,28,-,-,-,-,-,-
2023,Brenton Strange,JAC,TE,18,15,-,-,-,-,-,-
2023,Peyton Hendershot,DAL,TE,18,8,1.4,0,8,-1.4,1,0
2023,Davis Allen,LAR,TE,18,26,-,-,-,-,-,-
2023,Mitchell Wilcox,CIN,TE,18,15,-,-,-,-,-,-
2023,Ian Thomas,CAR,TE,17,11,-,-,-,-,-,-
2023,Geoff Swaim,ARI,TE,17,19,-,-,-,-,-,-
2023,Charlie Kolar,BAL,TE,17,22,-,-,-,-,-,-
2023,Darnell Washington,PIT,TE,17,13,-,-,-,-,-,-
2023,Blake Bell,KC,TE,16,12,-,-,-,-,-,-
2023,Julian Hill,MIA,TE,15,9,-,-,-,-,-,-
2023,Payne Durham,TB,TE,13,11,-,-,-,-,-,-
2023,Jack Stoll,PHI,TE,12,9,-,-,-,-,-,-
2023,Ben Sims,GB,TE,12,12,-,-,-,-,-,-
2023,Josiah Deguara,GB,TE,12,15,-,-,-,-,-,-
2023,Brycen Hopkins,LAR,TE,11,13,-,-,-,-,-,-
2023,Ko Kieft,TB,TE,11,7,-,-,-,-,-,-
2023,Marcedes Lewis,CHI,TE,11,13,-,-,-,-,-,-
2023,Lawrence Cager,NYG,TE,10,14,-,-,-,-,-,-
2023,Quintin Morris,BUF,TE,10,11,-,-,-,-,-,-
2023,Chris Manhertz,DEN,TE,7,4,-,-,-,-,-,-
2023,Nate Adkins,DEN,TE,7,6,-,-,-,-,-,-
2023,Kevin Rader,TEN,TE,6,2,-,-,-,-,-,-
2023,Kenny Yeboah,NYJ,TE,6,5,-,-,-,-,-,-
2023,Grant Calcaterra,PHI,TE,6,8,-,-,-,-,-,-
2023,Greg Dulcich,DEN,TE,6,6,-,-,-,-,-,-
2023,Charlie Woerner,SF,TE,5,6,-,-,-,-,-,-
2023,Teagan Quitoriano,HOU,TE,4,5,-,-,-,-,-,-
2023,Eric Saubert,DAL,TE,0,0,-,-,-,-,-,-
2023,Eric Saubert,HOU,TE,4,4,-,-,-,-,-,-
2023,Trevon Wesco,TEN,TE,4,3,-,-,-,-,-,-
2023,Sean McKeon,DAL,TE,4,0,-,-,-,-,-,-
2023,Ross Dwelley,SF,TE,3,2,-,-,-,-,-,-
2023,James Mitchell,DET,TE,3,5,-,-,-,-,-,-
2023,Rodney Williams,PIT,TE,3,0,-,-,-,-,-,-
2023,Nick Vannett,LAC,TE,3,1,-,-,-,-,-,-
2023,David Wells,TB,TE,3,1,-,-,-,-,-,-
2023,Nick Muse,MIN,TE,2,3,-,-,-,-,-,-
2024,Jayden Daniels,WAS,QB,131,134,4.3,4,63,-0.3,5,0
2024,Lamar Jackson,BAL,QB,116,143,1.6,2,64,0.4,0,0
2024,Joe Burrow,CIN,QB,110,121,1.4,1,18,-0.4,2,0
2024,Brock Purdy,SF,QB,110,102,0.2,0,26,-0.2,0,0
2024,Geno Smith,SEA,QB,108,104,0.8,1,21,0.2,1,0
2024,Justin Fields,PIT,QB,106,113,3.9,5,55,1.1,4,0
2024,Bo Nix,DEN,QB,104,89,2.2,3,37,0.8,3,0
2024,Daniel Jones,NYG,QB,103,86,1.3,0,45,-1.3,4,0
2024,Trevor Lawrence,JAX,QB,102,87,0.7,0,14,-0.7,1,0
2024,Caleb Williams,CHI,QB,99,96,0.5,0,25,-0.5,0,0
2024,Aaron Rodgers,NYJ,QB,97,86,0.2,0,11,-0.2,0,0
2024,Baker Mayfield,TB,QB,96,135,1.0,2,21,1.0,2,0
2024,Jalen Hurts,PHI,QB,96,89,2.7,2,56,-0.7,4,0
2024,Deshaun Watson,CLE,QB,96,72,1.3,1,29,-0.3,1,0
2024,Dak Prescott,DAL,QB,96,91,1.1,1,9,-0.1,2,0
2024,Josh Allen,BUF,QB,95,118,1.9,3,35,1.1,1,0
2024,CJ Stroud,HOU,QB,90,101,1.0,0,17,-1.0,2,0
2024,Kyler Murray,ARI,QB,87,104,0.4,1,30,0.6,0,0
2024,Kirk Cousins,ATL,QB,79,89,-,-,-,-,-,-
2024,Jared Goff,DET,QB,75,87,0.5,1,12,0.5,0,0
2024,Matthew Stafford,LAR,QB,72,51,-,-,-,-,-,-
2024,Jordan Love,GB,QB,72,86,-,-,-,-,-,-
2024,Derek Carr,NO,QB,71,72,2.0,1,8,-1.0,3,0
2024,Patrick Mahomes,KC,QB,70,71,-,-,-,-,-,-
2024,Sam Darnold,MIN,QB,69,83,-,-,-,-,-,-
2024,Andy Dalton,CAR,QB,63,59,-,-,-,-,-,-
2024,Will Levis,TEN,QB,60,39,0.3,0,16,-0.3,0,0
2024,Justin Herbert,LAC,QB,59,55,-,-,-,-,-,-
2024,Jacoby Brissett,NE,QB,56,37,-,-,-,-,-,-
2024,Joe Flacco,IND,QB,55,55,-,-,-,-,-,-
2024,Gardner Minshew,LV,QB,55,50,0.3,0,11,-0.3,0,0
2024,Anthony Richardson,IND,QB,52,46,2.0,1,21,-1.0,2,0
2024,Bryce Young,CAR,QB,30,15,0.6,1,6,0.4,1,0
2024,Tyler Huntley,MIA,QB,29,18,0.7,1,11,0.3,1,0
2024,Tua Tagovailoa,MIA,QB,25,24,-,-,-,-,-,-
2024,Aidan O'Connell,LV,QB,25,20,-,-,-,-,-,-
2024,Malik Willis,GB,QB,22,38,0.6,1,12,0.4,0,0
2024,Drake Maye,NE,QB,17,22,-,-,-,-,-,-
2024,Skylar Thompson,MIA,QB,16,8,-,-,-,-,-,-
2024,Spencer Rattler,NO,QB,14,12,-,-,-,-,-,-
2024,Davis Mills,HOU,QB,11,3,-,-,-,-,-,-
2024,Cooper Rush,DAL,QB,9,0,-,-,-,-,-,-
2024,Tim Boyle,MIA,QB,8,4,-,-,-,-,-,-
2024,Tyrod Taylor,NYJ,QB,6,6,-,-,-,-,-,-
2024,Mason Rudolph,TEN,QB,5,3,-,-,-,-,-,-
2024,Mac Jones,JAX,QB,4,-1,-,-,-,-,-,-
2024,Jake Haener,NO,QB,3,1,-,-,-,-,-,-
2024,Marcus Mariota,WAS,QB,1,0,-,-,-,-,-,-
2024,Jameis Winston,CLE,QB,1,1,-,-,-,-,-,-
2024,Taylor Heinicke,LAC,QB,1,1,-,-,-,-,-,-
2024,Mitchell Trubisky,BUF,QB,0,0,-,-,-,-,-,-
2024,Kyle Allen,PIT,QB,0,1,-,-,-,-,-,-
2024,Nick Mullens,MIN,QB,0,1,-,-,-,-,-,-
2024,Hendon Hooker,DET,QB,0,1,-,-,-,-,-,-
2024,Josh Johnson,BAL,QB,0,0,-,-,-,-,-,-
2024,Jeff Driskel,WAS,QB,0,0,-,-,-,-,-,-
2024,Drew Lock,NYG,QB,0,0,-,-,-,-,-,-
2024,Clayton Tune,ARI,QB,0,-3,-,-,-,-,-,-
2024,Brandon Allen,SF,QB,0,0,-,-,-,-,-,-
2024,Kyle Trask,TB,QB,0,0,-,-,-,-,-,-
2024,Tyson Bagent,CHI,QB,-1,-1,-,-,-,-,-,-
2024,Alvin Kamara,NO,RB,120,137,4.4,7,141,2.6,4,0
2024,Breece Hall,NYJ,RB,107,93,4.0,3,117,-1.0,5,1
2024,D'Andre Swift,CHI,RB,98,91,4.4,3,115,-1.4,6,0
2024,Kyren Williams,LAR,RB,96,97,5.7,7,110,1.3,9,0
2024,Chuba Hubbard,CAR,RB,91,96,3.6,3,110,-0.6,4,0
2024,Derrick Henry,BAL,RB,91,135,5.5,9,127,3.5,10,0
2024,Aaron Jones,MIN,RB,87,79,5.0,2,91,-3.0,5,0
2024,Bijan Robinson,ATL,RB,86,93,2.7,3,106,0.3,2,0
2024,Saquon Barkley,PHI,RB,86,105,4.1,5,108,0.9,5,1
2024,Josh Jacobs,GB,RB,86,72,3.3,1,122,-2.3,5,1
2024,Jordan Mason,SF,RB,85,92,4.3,3,124,-1.3,5,0
2024,Zack Moss,CIN,RB,81,67,4.4,3,84,-1.4,5,0
2024,Jahmyr Gibbs,DET,RB,81,83,4.3,4,86,-0.3,4,0
2024,De'Von Achane,MIA,RB,81,70,4.1,2,79,-2.1,4,1
2024,Najee Harris,PIT,RB,78,71,2.0,1,115,-1.0,2,0
2024,Kenneth Walker,SEA,RB,76,88,3.4,5,75,1.6,4,0
2024,James Conner,ARI,RB,75,81,2.6,3,105,0.4,2,0
2024,Brian Robinson,WAS,RB,74,77,4.7,5,84,0.3,7,0
2024,Rhamondre Stevenson,NE,RB,74,66,3.3,3,94,-0.3,3,1
2024,Travis Etienne,JAX,RB,74,58,3.0,2,79,-1.0,3,2
2024,Javonte Williams,DEN,RB,74,52,2.3,0,85,-2.3,3,0
2024,David Montgomery,DET,RB,73,91,4.8,6,85,1.2,8,0
2024,Tony Pollard,TEN,RB,72,76,2.5,3,96,0.5,3,0
2024,Jonathan Taylor,IND,RB,65,73,3.6,4,82,0.4,6,0
2024,James Cook,BUF,RB,63,84,2.6,5,83,2.4,2,0
2024,Bucky Irving,TB,RB,63,60,3.5,2,70,-1.5,6,0
2024,JK Dobbins,LAC,RB,62,79,1.6,3,95,1.4,1,0
2024,Rico Dowdle,DAL,RB,62,66,1.6,2,79,0.4,1,1
2024,Rachaad White,TB,RB,61,48,2.2,0,70,-2.2,1,0
2024,Zach Charbonnet,SEA,RB,61,77,1.3,4,72,2.7,2,0
2024,Jerome Ford,CLE,RB,60,61,1.1,1,73,-0.1,1,0
2024,Alexander Mattison,LV,RB,56,69,2.1,4,64,1.9,4,0
2024,Chase Brown,CIN,RB,55,71,2.2,4,66,1.8,2,0
2024,Joe Mixon,HOU,RB,55,62,3.0,3,63,0.0,3,1
2024,Trey Sermon,IND,RB,48,31,3.8,2,44,-1.8,6,0
2024,Justice Hill,BAL,RB,48,51,1.5,1,42,-0.5,0,1
2024,Devin Singletary,NYG,RB,46,47,1.6,2,67,0.4,2,0
2024,Tyrone Tracy,NYG,RB,46,48,1.0,1,61,0.0,1,0
2024,Tyler Allgeier,ATL,RB,45,48,2.1,1,58,-1.1,2,0
2024,Jaleel McLaughlin,DEN,RB,42,36,1.6,2,48,0.4,2,0
2024,Austin Ekeler,WAS,RB,42,58,1.3,1,44,-0.3,1,0
2024,Antonio Gibson,NE,RB,41,45,0.5,0,61,-0.5,0,0
2024,Isiah Pacheco,KC,RB,40,32,2.3,1,42,-1.3,3,0
2024,Braelon Allen,NYJ,RB,38,42,0.6,2,50,1.4,0,0
2024,Miles Sanders,CAR,RB,38,34,1.1,1,44,-0.1,1,0
2024,Ray Davis,BUF,RB,37,38,1.1,1,54,-0.1,1,0
2024,Roschon Johnson,CHI,RB,37,39,2.2,3,38,0.8,3,0
2024,Dare Ogunbowale,HOU,RB,36,41,0.8,1,37,0.2,0,0
2024,Tyjae Spears,TEN,RB,35,37,0.5,1,46,0.5,0,0
2024,Ezekiel Elliott,DAL,RB,35,27,0.9,1,48,0.1,1,0
2024,Emanuel Wilson,GB,RB,34,38,0.5,1,51,0.5,0,0
2024,D'Onta Foreman,CLE,RB,33,22,1.6,0,44,-1.6,2,0
2024,Cam Akers,HOU,RB,32,30,0.9,2,47,1.1,1,0
2024,Ty Chandler,MIN,RB,31,25,0.7,0,48,-0.7,0,0
2024,Zamir White,LV,RB,31,18,0.5,0,56,-0.5,0,0
2024,Carson Steele,KC,RB,30,10,1.8,0,38,-1.8,4,0
2024,Kareem Hunt,KC,RB,29,29,0.8,1,46,0.2,0,0
2024,Ameer Abdullah,LV,RB,28,24,1.2,1,23,-0.2,2,0
2024,Tank Bigsby,JAX,RB,28,46,1.5,2,42,0.5,3,0
2024,Ty Johnson,BUF,RB,25,30,1.7,2,20,0.3,2,1
2024,Emari Demercado,ARI,RB,24,26,0.3,0,23,-0.3,0,0
2024,Jamaal Williams,NO,RB,23,22,0.6,1,33,0.4,0,0
2024,Eric Gray,NYG,RB,23,8,1.9,0,16,-1.9,2,0
2024,Kyle Juszczyk,SF,RB,22,25,0.4,1,15,0.6,0,0
2024,Jaylen Warren,PIT,RB,21,18,0.2,0,28,-0.2,0,0
2024,Tyler Goodson,IND,RB,20,20,0.4,0,22,-0.4,1,0
2024,Samaje Perine,KC,RB,20,21,1.0,1,19,0.0,1,1
2024,Gus Edwards,LAC,RB,20,13,0.6,0,39,-0.6,0,0
2024,Cordarrelle Patterson,PIT,RB,20,18,0.4,0,23,-0.4,0,0
2024,Raheem Mostert,MIA,RB,19,16,0.2,0,30,-0.2,0,0
2024,Pierre Strong,CLE,RB,18,17,-,-,-,-,-,-
2024,Trey Benson,ARI,RB,18,14,0.3,0,32,-0.3,0,0
2024,D'Ernest Johnson,JAX,RB,17,13,0.3,0,22,-0.3,0,0
2024,Jaylen Wright,MIA,RB,17,14,0.3,0,30,-0.3,0,0
2024,Khalil Herbert,CHI,RB,16,10,1.8,1,10,-0.8,4,0
2024,Kenneth Gainwell,PHI,RB,16,9,0.7,0,14,-0.7,1,0
2024,Sean Tucker,TB,RB,15,37,0.5,2,20,1.5,0,0
2024,Blake Corum,LAR,RB,14,7,1.1,0,14,-1.1,2,0
2024,Jeremy McNichols,WAS,RB,13,32,0.7,3,19,2.3,1,0
2024,Hunter Luepke,DAL,RB,13,18,-,-,-,-,-,-
2024,Isaac Guerendo,SF,RB,12,12,0.5,0,22,-0.5,0,0
2024,Alec Ingold,MIA,RB,10,12,0.4,1,10,0.6,1,0
2024,JJ Taylor,HOU,RB,9,4,0.2,0,10,-0.2,0,0
2024,JaMycal Hasty,NE,RB,8,5,-,-,-,-,-,-
2024,Deuce Vaughn,DAL,RB,8,5,-,-,-,-,-,-
2024,Tyler Badie,DEN,RB,8,9,-,-,-,-,-,-
2024,Jordan Mims,NO,RB,8,5,-,-,-,-,-,-
2024,Dameon Pierce,HOU,RB,7,16,-,-,-,-,-,-
2024,Ronnie Rivers,LAR,RB,7,6,-,-,-,-,-,-
2024,Jeff Wilson,MIA,RB,6,7,-,-,-,-,-,-
2024,CJ Ham,MIN,RB,6,8,0.5,1,4,0.5,1,0
2024,Kimani Vidal,LAC,RB,6,13,0.3,1,6,0.7,0,0
2024,Michael Burton,DEN,RB,6,5,-,-,-,-,-,-
2024,Patrick Taylor,SF,RB,5,4,0.2,0,6,-0.2,0,0
2024,Aaron Shampklin,PIT,RB,5,2,0.4,0,6,-0.4,1,0
2024,MarShawn Lloyd,GB,RB,4,3,-,-,-,-,-,-
2024,Chris Brooks,GB,RB,4,2,-,-,-,-,-,-
2024,Myles Gaskin,MIN,RB,3,2,-,-,-,-,-,-
2024,Terrell Jennings,NE,RB,3,1,-,-,-,-,-,-
2024,Scott Matlock,LAC,RB,3,2,-,-,-,-,-,-
2024,Craig Reynolds,DET,RB,3,2,-,-,-,-,-,-
2024,Jonathan Ward,PIT,RB,2,2,-,-,-,-,-,-
2024,Hassan Haskins,LAC,RB,2,2,-,-,-,-,-,-
2024,Audric Estime,DEN,RB,2,3,-,-,-,-,-,-
2024,Sione Vaki,DET,RB,2,3,-,-,-,-,-,-
2024,Travis Homer,CHI,RB,2,2,-,-,-,-,-,-
2024,Isaiah Davis,NYJ,RB,1,1,-,-,-,-,-,-
2024,Patrick Ricard,BAL,RB,1,6,-,-,-,-,-,-
2024,Mike Boone,CAR,RB,1,1,-,-,-,-,-,-
2024,Andrew Beck,GB,RB,1,0,-,-,-,-,-,-
2024,Kenny McIntosh,SEA,RB,1,1,-,-,-,-,-,-
2024,Adam Prentice,NO,RB,1,0,-,-,-,-,-,-
2024,Julius Chestnut,TEN,RB,1,0,-,-,-,-,-,-
2024,Dylan Laube,LV,RB,0,-2,-,-,-,-,-,-
2024,British Brooks,HOU,RB,0,0,-,-,-,-,-,-
2024,Raheem Blackshear,CAR,RB,0,0,-,-,-,-,-,-
2024,DeeJay Dallas,ARI,RB,0,6,-,-,-,-,-,-
2024,Trayveon Williams,CIN,RB,0,0,-,-,-,-,-,-
2024,Will Shipley,PHI,RB,0,0,-,-,-,-,-,-
2024,DJ Williams,TB,RB,0,0,-,-,-,-,-,-
2024,John Kelly,BAL,RB,0,0,-,-,-,-,-,-
2024,Chris Collier,BAL,RB,0,0,-,-,-,-,-,-
2024,Gary Brightwell,CLE,RB,0,0,-,-,-,-,-,-
2024,Avery Williams,ATL,RB,0,0,-,-,-,-,-,-
2024,Khari Blasingame,CHI,RB,0,0,-,-,-,-,-,-
2024,Sincere McCormick X,LV,RB,0,0,-,-,-,-,-,-
2024,George Holani,SEA,RB,0,0,-,-,-,-,-,-
2024,Jakob Johnson,NYG,RB,0,0,-,-,-,-,-,-
2024,Rasheen Ali,BAL,RB,0,0,-,-,-,-,-,-
2024,Reggie Gilliam,BUF,RB,0,0,-,-,-,-,-,-
2024,Keaontay Ingram,KC,RB,0,0,-,-,-,-,-,-
2024,Dante Miller,NYG,RB,0,0,-,-,-,-,-,-
2024,Chris Rodriguez,WAS,RB,0,0,-,-,-,-,-,-
2024,Blake Watson,DEN,RB,0,0,-,-,-,-,-,-
2024,Garrett Wilson,NYJ,WR,113,97,3.5,3,66,-0.5,0,4
2024,Diontae Johnson,CAR,WR,106,82,4.7,3,57,-1.7,0,11
2024,CeeDee Lamb,DAL,WR,96,92,2.3,2,63,-0.3,0,5
2024,Drake London,ATL,WR,94,105,3.0,4,55,1.0,0,4
2024,Malik Nabers,NYG,WR,94,92,2.6,3,56,0.4,0,4
2024,Courtland Sutton,DEN,WR,91,61,3.3,2,48,-1.3,0,6
2024,DK Metcalf,SEA,WR,90,86,2.1,2,54,-0.1,0,3
2024,Wan'Dale Robinson,NYG,WR,90,79,1.6,2,60,0.4,0,0
2024,Amari Cooper,CLE,WR,89,61,1.9,2,53,0.1,0,3
2024,Chris Godwin,TB,WR,88,124,2.0,5,55,3.0,0,2
2024,Jaxon Smith-Njigba,SEA,WR,86,71,2.9,1,50,-1.9,0,5
2024,Nico Collins,HOU,WR,86,107,3.4,3,44,-0.4,0,7
2024,Rashid Shaheed,NO,WR,86,80,3.0,3,47,0.0,0,2
2024,DJ Moore,CHI,WR,85,81,2.8,3,50,0.2,0,5
2024,Terry McLaurin,WAS,WR,82,87,3.0,4,45,1.0,0,6
2024,Darnell Mooney,ATL,WR,80,82,2.5,3,45,0.5,0,1
2024,Zay Flowers,BAL,WR,79,82,1.2,1,52,-0.2,0,1
2024,Stefon Diggs,HOU,WR,79,102,1.9,4,49,2.1,0,3
2024,Mike Evans,TB,WR,78,86,3.2,5,41,1.8,0,7
2024,George Pickens,PIT,WR,77,59,3.0,0,44,-3.0,0,4
2024,Deebo Samuel,SF,WR,75,71,3.3,2,51,-1.3,2,2
2024,Allen Lazard,NYJ,WR,75,91,2.6,5,41,2.4,0,5
2024,Justin Jefferson,MIN,WR,75,95,2.1,4,43,1.9,0,4
2024,Ja'Marr Chase,CIN,WR,74,121,2.1,5,42,2.9,0,2
2024,Brian Thomas,JAX,WR,74,87,2.4,3,41,0.6,0,5
2024,Jauan Jennings,SF,WR,72,83,3.5,3,36,-0.5,0,6
2024,Tyler Lockett,SEA,WR,72,66,2.8,1,40,-1.8,0,6
2024,Michael Pittman,IND,WR,72,64,2.1,2,42,-0.1,0,4
2024,Brandon Aiyuk,SF,WR,71,58,2.5,0,40,-2.5,0,5
2024,Amon-Ra St Brown,DET,WR,71,82,2.0,3,42,1.0,0,2
2024,Christian Kirk,JAX,WR,70,60,1.8,1,39,-0.8,0,2
2024,Tyreek Hill,MIA,WR,69,61,1.5,1,43,-0.5,0,3
2024,Gabe Davis,JAX,WR,69,47,3.6,2,33,-1.6,0,7
2024,Jayden Reed,GB,WR,66,106,1.6,4,43,2.4,0,1
2024,Marvin Harrison,ARI,WR,65,69,2.7,4,36,1.3,0,6
2024,Tee Higgins,CIN,WR,64,63,2.3,2,36,-0.3,0,3
2024,Jerry Jeudy,CLE,WR,62,53,2.0,1,36,-1.0,0,4
2024,Jakobi Meyers,LV,WR,62,61,1.6,1,37,-0.6,0,3
2024,Jalen Tolbert,DAL,WR,61,65,2.0,2,34,0.0,0,4
2024,Darius Slayton,NYG,WR,61,60,1.5,1,37,-0.5,0,2
2024,Dontayvion Wicks,GB,WR,60,42,2.1,3,32,0.9,0,5
2024,Jameson Williams,DET,WR,60,74,2.1,3,33,0.9,0,2
2024,Josh Downs,IND,WR,58,63,1.7,2,36,0.3,0,1
2024,Tank Dell,HOU,WR,58,48,1.7,1,37,-0.7,0,2
2024,Rome Odunze,CHI,WR,58,48,1.9,1,31,-0.9,0,4
2024,Ladd McConkey,LAC,WR,55,53,1.6,2,32,0.4,0,3
2024,DeVonta Smith,PHI,WR,55,66,1.6,2,32,0.4,0,3
2024,Ray-Ray McCloud,ATL,WR,54,51,0.7,0,37,-0.7,0,1
2024,DeMario Douglas,NE,WR,52,55,0.5,1,35,0.5,0,1
2024,Calvin Ridley,TEN,WR,51,38,1.4,2,30,0.6,0,1
2024,Chris Olave,NO,WR,51,56,1.4,1,30,-0.4,0,2
2024,Michael Wilson,ARI,WR,50,55,1.4,2,30,0.6,0,2
2024,Davante Adams,LV,WR,50,45,1.8,1,27,-0.8,0,3
2024,Rashod Bateman,BAL,WR,50,56,1.3,2,27,0.7,0,3
2024,Rashee Rice,KC,WR,49,65,0.4,2,33,1.6,0,0
2024,Tre Tucker,LV,WR,49,50,1.3,2,30,0.7,1,1
2024,Adonai Mitchell,IND,WR,48,18,1.9,0,26,-1.9,0,3
2024,Jaylen Waddle,MIA,WR,48,48,0.7,0,30,-0.7,0,0
2024,Andrei Iosivas,CIN,WR,48,51,2.4,3,23,0.6,0,4
2024,Demarcus Robinson,LAR,WR,47,37,2.3,1,23,-1.3,0,4
2024,Xavier Legette,CAR,WR,46,46,1.8,2,26,0.2,0,4
2024,Romeo Doubs,GB,WR,46,49,1.9,2,24,0.1,0,1
2024,Tutu Atwell,LAR,WR,45,46,0.7,0,26,-0.7,0,0
2024,Keenan Allen,CHI,WR,44,39,2.2,2,24,-0.2,0,5
2024,Xavier Worthy,KC,WR,44,58,1.9,4,26,2.1,1,3
2024,Cooper Kupp,LAR,WR,44,40,0.9,1,29,0.1,0,1
2024,Alec Pierce,IND,WR,43,68,1.2,3,21,1.8,0,1
2024,Greg Dortch,ARI,WR,42,35,0.6,0,28,-0.6,0,0
2024,Quentin Johnston,LAC,WR,40,49,1.4,3,24,1.6,0,3
2024,KaVontae Turpin,DAL,WR,37,36,1.2,1,24,-0.2,0,2
2024,Ja'Lynn Polk,NE,WR,37,24,1.2,1,24,-0.2,0,2
2024,Mack Hollins,BUF,WR,37,27,1.5,2,19,0.5,0,3
2024,Keon Coleman,BUF,WR,36,44,1.5,2,20,0.5,0,2
2024,Jordan Whittington,LAR,WR,35,38,0.5,0,23,-0.5,0,1
2024,Jonathan Mingo,CAR,WR,35,23,0.2,0,24,-0.2,0,0
2024,DeAndre Hopkins,TEN,WR,34,38,0.8,1,20,0.2,0,1
2024,Khalil Shakir,BUF,WR,34,57,0.3,2,22,1.7,0,0
2024,Josh Reynolds,DEN,WR,34,36,0.9,1,20,0.1,0,2
2024,Curtis Samuel,BUF,WR,33,22,1.4,0,20,-1.4,0,3
2024,Elijah Moore,CLE,WR,33,26,0.3,0,23,-0.3,0,0
2024,Jordan Addison,MIN,WR,32,36,0.9,2,17,1.1,0,1
2024,Brandin Cooks,DAL,WR,32,24,1.2,1,20,-0.2,0,1
2024,AJ Brown,PHI,WR,32,47,0.9,2,19,1.1,0,2
2024,Tyler Boyd,TEN,WR,31,26,0.5,0,21,-0.5,0,0
2024,Olamide Zaccheaus,WAS,WR,31,30,-,-,-,-,-,-
2024,Noah Brown,WAS,WR,31,30,0.8,0,18,-0.8,0,0
2024,Jalen Nailor,MIN,WR,30,38,2.1,3,13,0.9,1,4
2024,Mike Williams,NYJ,WR,29,25,0.8,0,17,-0.8,0,1
2024,Troy Franklin,DEN,WR,29,20,0.9,1,16,0.1,0,2
2024,Christian Watson,GB,WR,28,35,1.6,2,12,0.4,0,4
2024,Calvin Austin,PIT,WR,28,33,0.5,1,17,0.5,0,1
2024,Lil'Jordan Humphrey,DEN,WR,26,27,-,-,-,-,-,-
2024,JuJu Smith-Schuster,KC,WR,26,30,1.2,1,13,-0.2,0,2
2024,Tyler Johnson,LAR,WR,25,22,0.9,0,15,-0.9,0,2
2024,Jalen Brooks,DAL,WR,24,13,0.9,0,13,-0.9,0,1
2024,Sterling Shepard,TB,WR,23,24,1.0,1,14,0.0,0,1
2024,Nelson Agholor,BAL,WR,22,18,0.3,0,14,-0.3,0,0
2024,Joshua Palmer,LAC,WR,22,20,0.7,0,12,-0.7,0,1
2024,Trenton Irwin,CIN,WR,22,3,2.2,0,8,-2.2,0,5
2024,Van Jefferson,PIT,WR,21,14,0.4,0,13,-0.4,0,0
2024,DJ Turner,LV,WR,21,18,0.5,1,14,0.5,0,0
2024,DeAndre Carter,CHI,WR,21,13,0.6,0,12,-0.6,0,1
2024,Devaughn Vele,DEN,WR,21,24,-,-,-,-,-,-
2024,Adam Thielen,CAR,WR,20,25,0.3,1,12,0.7,0,1
2024,Luke McCaffrey,WAS,WR,20,21,0.7,0,11,-0.7,0,0
2024,Dyami Brown,WAS,WR,20,25,1.1,1,10,-0.1,0,3
2024,Tim Patrick,DET,WR,18,22,0.4,0,10,-0.4,0,0
2024,Bo Melton,GB,WR,18,11,0.6,0,12,-0.6,0,1
2024,Kalif Raymond,DET,WR,17,20,-,-,-,-,-,-
2024,Mason Tipton,NO,WR,17,10,0.2,0,11,-0.2,0,0
2024,Simi Fehoko,LAC,WR,17,9,1.0,0,8,-1.0,0,2
2024,Jahan Dotson,PHI,WR,16,11,0.3,0,12,-0.3,0,1
2024,Marvin Mims,DEN,WR,15,7,0.3,0,9,-0.3,0,0
2024,KJ Osborn,NE,WR,15,8,0.2,0,12,-0.2,0,0
2024,Jake Bobo,SEA,WR,15,15,0.3,0,9,-0.3,0,0
2024,Treylon Burks,TEN,WR,15,8,0.2,0,10,-0.2,0,0
2024,Bub Means,NO,WR,15,16,0.4,1,9,0.6,0,1
2024,Marquez Valdes-Scantling,BUF,WR,14,5,-,-,-,-,-,-
2024,David Moore,CAR,WR,14,9,-,-,-,-,-,-
2024,Justin Watson,KC,WR,14,15,0.2,0,8,-0.2,0,0
2024,Jalin Hyatt,NYG,WR,12,2,0.2,0,7,-0.2,0,0
2024,Jalen Coker,CAR,WR,12,17,-,-,-,-,-,-
2024,Jalen McMillan,TB,WR,12,15,0.3,1,7,0.7,0,0
2024,Xavier Hutchinson,HOU,WR,12,6,-,-,-,-,-,-
2024,Kayshon Boutte,NE,WR,12,24,0.2,1,8,0.8,0,0
2024,Parris Campbell,PHI,WR,11,15,0.5,1,6,0.5,0,1
2024,Britain Covey,PHI,WR,11,10,0.3,0,7,-0.3,0,0
2024,Robbie Chosen,MIA,WR,11,2,0.8,0,4,-0.8,0,1
2024,Trey Palmer,TB,WR,10,15,0.4,1,6,0.6,0,1
2024,Johnny Wilson,PHI,WR,10,2,0.5,0,6,-0.5,0,1
2024,Tyquan Thornton,NE,WR,10,5,0.3,0,5,-0.3,0,0
2024,Parker Washington,JAX,WR,10,5,0.4,0,5,-0.4,0,1
2024,Brandon Powell,MIN,WR,9,6,-,-,-,-,-,-
2024,Xavier Gipson,NYJ,WR,9,5,-,-,-,-,-,-
2024,Ashton Dulin,IND,WR,9,16,-,-,-,-,-,-
2024,Derius Davis,LAC,WR,8,5,0.2,0,7,-0.2,0,0
2024,Robert Woods,HOU,WR,7,6,-,-,-,-,-,-
2024,Kristian Wilkerson,LV,WR,7,10,0.6,1,3,0.4,0,1
2024,Braxton Berrios,MIA,WR,7,0,0.4,0,4,-0.4,0,1
2024,Trent Sherfield,MIN,WR,7,6,-,-,-,-,-,-
2024,Malik Heath,GB,WR,7,7,-,-,-,-,-,-
2024,Puka Nacua,LAR,WR,7,8,-,-,-,-,-,-
2024,Laviska Shenault,SEA,WR,7,11,-,-,-,-,-,-
2024,Mecole Hardman,KC,WR,6,7,-,-,-,-,-,-
2024,Cedric Tillman,CLE,WR,6,3,-,-,-,-,-,-
2024,Cedrick Wilson,NO,WR,6,4,-,-,-,-,-,-
2024,Jermaine Burton,CIN,WR,5,6,0.3,0,2,-0.3,0,0
2024,Grant DuBose,MIA,WR,5,2,-,-,-,-,-,-
2024,Nick Westbrook-Ikhine,TEN,WR,5,8,0.4,1,2,0.6,0,1
2024,Ronnie Bell,SF,WR,5,2,-,-,-,-,-,-
2024,Chris Conley,SF,WR,5,1,-,-,-,-,-,-
2024,John Ross,PHI,WR,5,2,0.3,0,2,-0.3,0,0
2024,Devin Duvernay,JAX,WR,5,2,0.2,0,4,-0.2,0,0
2024,David Bell,CLE,WR,5,6,-,-,-,-,-,-
2024,Odell Beckham,MIA,WR,4,0,0.3,0,2,-0.3,0,1
2024,Alex Bachman,LV,WR,4,6,-,-,-,-,-,-
2024,Kendrick Bourne,NE,WR,4,5,-,-,-,-,-,-
2024,Xavier Weaver,ARI,WR,3,0,0.4,0,1,-0.4,0,0
2024,Kameron Johnson,TB,WR,3,0,0.2,0,2,-0.2,0,1
2024,Tylan Wallace,BAL,WR,3,5,-,-,-,-,-,-
2024,KhaDarel Hodge,ATL,WR,3,21,-,-,-,-,-,-
2024,Xavier Smith,LAR,WR,3,3,-,-,-,-,-,-
2024,Velus Jones,CHI,WR,3,1,-,-,-,-,-,-
2024,Scotty Miller,PIT,WR,3,5,-,-,-,-,-,-
2024,Skyy Moore,KC,WR,2,0,-,-,-,-,-,-
2024,Tom Kennedy,DET,WR,2,0,-,-,-,-,-,-
2024,D'Wayne Eskridge,MIA,WR,2,4,-,-,-,-,-,-
2024,Charlie Jones,CIN,WR,2,-1,-,-,-,-,-,-
2024,Dareke Young,SEA,WR,2,0,-,-,-,-,-,-
2024,Brandon Johnson,PIT,WR,1,2,-,-,-,-,-,-
2024,Jaelon Darden,CLE,WR,1,2,-,-,-,-,-,-
2024,Isaiah Hodgins,NYG,WR,1,2,-,-,-,-,-,-
2024,John Metchie,HOU,WR,1,2,-,-,-,-,-,-
2024,Jamison Crowder,WAS,WR,1,2,-,-,-,-,-,-
2024,Ryan Flournoy,DAL,WR,1,0,-,-,-,-,-,-
2024,Brycen Tremayne,WAS,WR,1,1,-,-,-,-,-,-
2024,Malachi Corley,NYJ,WR,1,1,-,-,-,-,-,-
2024,Ryan Miller,TB,WR,1,5,-,-,-,-,-,-
2024,Malik Washington,MIA,WR,1,2,-,-,-,-,-,-
2024,Tyreik McAllister,LV,WR,1,1,-,-,-,-,-,-
2024,Erik Ezukanma,MIA,WR,1,0,-,-,-,-,-,-
2024,James Proche,CLE,WR,1,1,-,-,-,-,-,-
2024,Allen Robinson,DET,WR,1,0,-,-,-,-,-,-
2024,George Kittle,SF,TE,73,86,3.6,5,36,1.4,0,5
2024,Brock Bowers,LV,TE,68,83,0.5,1,46,0.5,0,0
2024,Trey McBride,ARI,TE,63,61,1.1,0,38,-1.1,0,1
2024,Travis Kelce,KC,TE,55,47,1.3,0,33,-1.3,1,0
2024,Colby Parkinson,LAR,TE,54,36,1.7,0,32,-1.7,0,3
2024,Tyler Conklin,NYJ,TE,53,38,1.5,0,31,-1.5,0,1
2024,Cole Kmet,CHI,TE,52,73,1.5,3,29,1.5,0,2
2024,Dalton Kincaid,BUF,TE,52,49,1.2,1,31,-0.2,0,2
2024,Isaiah Likely,BAL,TE,52,57,2.6,3,25,0.4,0,5
2024,Zach Ertz,WAS,TE,52,46,1.4,0,29,-1.4,0,2
2024,Cade Otton,TB,TE,52,39,1.3,1,32,-0.3,0,2
2024,Hunter Henry,NE,TE,51,47,1.7,1,30,-0.7,0,2
2024,Jake Ferguson,DAL,TE,50,49,0.6,0,34,-0.6,0,0
2024,Dallas Goedert,PHI,TE,48,54,0.9,0,29,-0.9,0,0
2024,Dalton Schultz,HOU,TE,46,32,0.7,0,30,-0.7,0,1
2024,Kyle Pitts,ATL,TE,46,50,1.4,1,27,-0.4,0,3
2024,Pat Freiermuth,PIT,TE,41,51,0.7,2,26,1.3,0,0
2024,Brenton Strange,JAX,TE,39,38,1.8,2,20,0.2,0,4
2024,Tucker Kraft,GB,TE,38,59,0.5,3,27,2.5,0,0
2024,Noah Fant,SEA,TE,38,40,0.5,0,24,-0.5,0,1
2024,Mike Gesicki,CIN,TE,37,35,1.0,0,21,-1.0,0,2
2024,Mark Andrews,BAL,TE,34,38,0.8,1,18,0.2,0,1
2024,Jonnu Smith,MIA,TE,32,28,-,-,-,-,-,-
2024,Jordan Akins,CLE,TE,29,28,0.9,1,17,0.1,0,1
2024,Theo Johnson,NYG,TE,28,23,0.9,0,16,-0.9,0,2
2024,Ja'Tavion Sanders,CAR,TE,28,22,0.5,0,18,-0.5,0,0
2024,Austin Hooper,NE,TE,25,20,0.7,1,16,0.3,0,1
2024,Sam LaPorta,DET,TE,25,39,0.5,1,15,0.5,0,1
2024,Mo Alie-Cox,IND,TE,24,23,1.3,1,11,-0.3,0,3
2024,Erick All,CIN,TE,24,26,-,-,-,-,-,-
2024,Hayden Hurst,LAC,TE,23,12,1.4,0,11,-1.4,0,3
2024,Chigoziem Okonkwo,TEN,TE,23,23,0.8,1,13,0.2,0,2
2024,Juwan Johnson,NO,TE,22,30,0.4,1,14,0.6,0,1
2024,David Njoku,CLE,TE,21,19,0.2,0,15,-0.2,0,0
2024,Foster Moreau,NO,TE,21,32,1.0,2,10,1.0,0,2
2024,Evan Engram,JAX,TE,21,20,-,-,-,-,-,-
2024,Johnny Mundt,MIN,TE,21,23,0.6,1,13,0.4,0,1
2024,Noah Gray,KC,TE,20,22,0.6,0,11,-0.6,0,1
2024,Will Dissly,LAC,TE,18,24,-,-,-,-,-,-
2024,Greg Dulcich,DEN,TE,18,8,0.4,0,12,-0.4,0,0
2024,Brock Wright,DET,TE,17,12,0.5,0,9,-0.5,0,0
2024,Jeremy Ruckert,NYJ,TE,17,9,0.4,0,11,-0.4,0,1
2024,Luke Schoonmaker,DAL,TE,16,14,0.4,0,10,-0.4,0,0
2024,Elijah Higgins,ARI,TE,16,25,0.9,2,8,1.1,0,2
2024,Taysom Hill,NO,TE,15,22,1.1,2,17,0.9,1,1
2024,Josh Whyle,TEN,TE,15,14,0.3,0,9,-0.3,0,0
2024,Grant Calcaterra,PHI,TE,14,20,-,-,-,-,-,-
2024,Darnell Washington,PIT,TE,14,18,0.6,1,7,0.4,0,1
2024,Gerald Everett,CHI,TE,13,7,0.4,0,8,-0.4,0,1
2024,Tommy Tremble,CAR,TE,13,11,-,-,-,-,-,-
2024,Julian Hill,MIA,TE,12,6,0.8,0,5,-0.8,0,1
2024,Durham Smythe,MIA,TE,12,3,0.6,0,7,-0.6,0,1
2024,Charlie Kolar,BAL,TE,12,21,0.5,1,7,0.5,0,1
2024,Harrison Bryant,LV,TE,12,10,-,-,-,-,-,-
2024,Josh Oliver,MIN,TE,11,14,0.6,1,5,0.4,0,0
2024,AJ Barner,SEA,TE,11,20,-,-,-,-,-,-
2024,Dawson Knox,BUF,TE,11,14,0.5,1,6,0.5,0,1
2024,Michael Mayer,LV,TE,10,6,-,-,-,-,-,-
2024,Luke Farrell,JAX,TE,10,8,-,-,-,-,-,-
2024,Connor Heyward,PIT,TE,10,13,-,-,-,-,-,-
2024,Luke Musgrave,GB,TE,10,7,-,-,-,-,-,-
2024,Andrew Ogletree,IND,TE,9,17,-,-,-,-,-,-
2024,Eric Saubert,SF,TE,9,11,-,-,-,-,-,-
2024,Kylen Granson,IND,TE,9,7,0.2,0,5,-0.2,0,0
2024,Nick Vannett,TEN,TE,8,12,0.5,1,4,0.5,0,1
2024,Blake Whiteheart,CLE,TE,8,10,0.7,1,3,0.3,0,1
2024,Nate Adkins,DEN,TE,8,6,-,-,-,-,-,-
2024,Cade Stover,HOU,TE,8,9,-,-,-,-,-,-
2024,Tanner Conner,MIA,TE,7,5,-,-,-,-,-,-
2024,Pharaoh Brown,SEA,TE,7,5,-,-,-,-,-,-
2024,Lucas Krull,DEN,TE,6,5,-,-,-,-,-,-
2024,Brevyn Spann-Ford,DAL,TE,6,4,-,-,-,-,-,-
2024,Drew Sample,CIN,TE,6,7,-,-,-,-,-,-
2024,Ian Thomas,CAR,TE,5,0,-,-,-,-,-,-
2024,Tanner Hudson,CIN,TE,5,2,-,-,-,-,-,-
2024,Brevin Jordan,HOU,TE,4,3,-,-,-,-,-,-
2024,Adam Trautman,DEN,TE,4,5,-,-,-,-,-,-
2024,Josiah Deguara,JAX,TE,4,3,-,-,-,-,-,-
2024,Ben Sims,GB,TE,3,6,-,-,-,-,-,-
2024,Daniel Bellinger,NYG,TE,3,4,-,-,-,-,-,-
2024,Hunter Long,LAR,TE,3,4,-,-,-,-,-,-
2024,MyCole Pruitt,PIT,TE,3,2,-,-,-,-,-,-
2024,Will Mallory,IND,TE,3,2,-,-,-,-,-,-
2024,Davis Allen,LAR,TE,3,0,-,-,-,-,-,-
2024,Jack Stoll,PHI,TE,3,1,-,-,-,-,-,-
2024,Charlie Woerner,ATL,TE,2,1,-,-,-,-,-,-
2024,John Bates,WAS,TE,2,3,-,-,-,-,-,-
2024,Stone Smartt,LAC,TE,1,2,-,-,-,-,-,-
2024,Jared Wiley,KC,TE,1,2,-,-,-,-,-,-
2024,Tip Reiman,ARI,TE,1,2,-,-,-,-,-,-
2024,Jordan Matthews,CAR,TE,1,0,-,-,-,-,-,-
2024,Payne Durham,TB,TE,1,2,-,-,-,-,-,-
2024,Marcedes Lewis,CHI,TE,1,1,-,-,-,-,-,-
2024,Jody Fortson,KC,TE,1,2,-,-,-,-,-,-
2024,Eric Tomlinson,LAC,TE,1,0,-,-,-,-,-,-
2024,Feleipe Franks,CAR,TE,1,0,-,-,-,-,-,-
2024,Anthony Firkser,NYJ,TE,0,0,-,-,-,-,-,-
2024,Brenden Bates,NYJ,TE,0,0,-,-,-,-,-,-
2024,Nick Muse,MIN,TE,0,0,-,-,-,-,-,-
2024,Brady Russell,SEA,TE,0,0,-,-,-,-,-,-
2024,Mitchell Wilcox,NE,TE,0,0,-,-,-,-,-,-
2024,Dallin Holker,NO,TE,0,0,-,-,-,-,-,-
2024,Quintin Morris,BUF,TE,0,0,-,-,-,-,-,-
2024,Rodney Williams,PIT,TE,0,0,-,-,-,-,-,-
2024,Colson Yankoff,WAS,TE,0,0,-,-,-,-,-,-
2024,Ross Dwelley,ATL,TE,0,0,-,-,-,-,-,-
2024,Chris Manhertz,NYG,TE,0,0,-,-,-,-,-,-
2024,Jake Tonges,SF,TE,0,0,-,-,-,-,-,-
2024,Nikola Kalinic,LAR,TE,0,0,-,-,-,-,-,-
2024,Robert Tonyan,MIN,TE,0,0,-,-,-,-,-,-
2024,Jaheim Bell,NE,TE,0,0,-,-,-,-,-,-
2024,Wanya Morris X,-,-,-,-,0.5,1,1,0.5,0,1
2024,Trent Scott X,-,-,-,-,0.5,1,1,0.5,0,1
2024,Taylor Decker X,-,-,-,-,0.5,0,1,-0.5,0,1
