Season,Week,TRUFFLE,Pos,NFL,Player,Opp,OpRk,PaCmp,PaAtt,PaYd,PaTD,PaInt,RuAtt,RuYd,RuTD,RuFD,Tar,Rec,ReYd,ReTD,ReFD,FL,Avg,FPts
2022,9,AFL,RB,CIN,Joe Mixon,CAR,30.0,0.0,0.0,0.0,0.0,0.0,22.0,153.0,4.0,12.0,5.0,4.0,58.0,1.0,3.0,0.0,66.1,66.1
2022,9,MAM,QB,CHI,Justin Fields,MIA,32.0,17.0,28.0,123.0,3.0,0.0,15.0,178.0,1.0,12.0,0.0,0.0,0.0,0.0,0.0,0.0,54.72,54.72
2022,9,FRR,QB,KC,Patrick Mahomes,TEN,26.0,43.0,68.0,446.0,1.0,1.0,6.0,63.0,1.0,3.0,0.0,0.0,0.0,0.0,0.0,0.0,37.14,37.14
2022,9,ELP,RB,SEA,Kenneth Walker,@ARI,23.0,0.0,0.0,0.0,0.0,0.0,26.0,109.0,2.0,7.0,4.0,3.0,20.0,0.0,1.0,0.0,32.9,32.9
2022,9,MCM,RB,JAC,Travis Etienne,LV,26.0,0.0,0.0,0.0,0.0,0.0,28.0,109.0,2.0,8.0,2.0,2.0,17.0,0.0,0.0,0.0,32.6,32.6
2022,9,MCM,WR,LV,Davante Adams,@JAC,22.0,0.0,0.0,0.0,0.0,0.0,0.0,0.0,0.0,0.0,17.0,10.0,146.0,2.0,6.0,0.0,32.6,32.6
2022,9,CC,QB,BUF,Josh Allen,@NYJ,14.0,18.0,34.0,205.0,0.0,2.0,9.0,86.0,2.0,7.0,0.0,0.0,0.0,0.0,0.0,0.0,31.8,31.8
2022,9,ELP,RB,TEN,Derrick Henry,@KC,24.0,0.0,0.0,0.0,0.0,0.0,17.0,115.0,2.0,5.0,0.0,0.0,0.0,0.0,0.0,0.0,28.5,28.5
2022,9,ELP,WR,MIA,Tyreek Hill,@CHI,13.0,0.0,0.0,0.0,0.0,0.0,0.0,0.0,0.0,0.0,8.0,7.0,143.0,1.0,7.0,0.0,27.3,27.3
2022,9,MAM,QB,MIA,Tua Tagovailoa,@CHI,19.0,21.0,30.0,302.0,3.0,0.0,5.0,0.0,0.0,0.0,0.0,0.0,0.0,0.0,0.0,0.0,24.08,24.08
2022,9,ELP,QB,SEA,Geno Smith,@ARI,29.0,26.0,34.0,275.0,2.0,1.0,6.0,38.0,0.0,3.0,0.0,0.0,0.0,0.0,0.0,0.0,23.8,23.8
2022,9,NN,WR,MIN,Justin Jefferson,@WAS,26.0,0.0,0.0,0.0,0.0,0.0,1.0,10.0,0.0,1.0,13.0,7.0,115.0,1.0,4.0,0.0,23.5,23.5
2022,9,CRB,QB,PHI,Jalen Hurts,@HOU,5.0,21.0,27.0,243.0,2.0,0.0,9.0,23.0,0.0,3.0,0.0,0.0,0.0,0.0,0.0,1.0,23.02,23.02
2022,9,MAM,TE,PHI,Dallas Goedert,@HOU,19.0,0.0,0.0,0.0,0.0,0.0,0.0,0.0,0.0,0.0,9.0,8.0,100.0,1.0,7.0,0.0,23.0,23.0
2022,9,FRR,QB,CIN,Joe Burrow,CAR,18.0,22.0,28.0,206.0,1.0,0.0,4.0,9.0,1.0,3.0,0.0,0.0,0.0,0.0,0.0,0.0,22.14,22.14
2022,9,FRR,RB,HOU,Dameon Pierce,PHI,19.0,0.0,0.0,0.0,0.0,0.0,27.0,139.0,0.0,8.0,0.0,0.0,0.0,0.0,0.0,0.0,21.9,21.9
2022,9,MCM,RB,ATL,Cordarrelle Patterson,LAC,31.0,0.0,0.0,0.0,0.0,0.0,13.0,44.0,2.0,4.0,1.0,1.0,9.0,0.0,0.0,0.0,21.3,21.3
2022,9,MCM,RB,LAC,Austin Ekeler,@ATL,25.0,0.0,0.0,0.0,0.0,0.0,14.0,47.0,1.0,1.0,9.0,7.0,24.0,1.0,3.0,1.0,21.1,21.1
2022,9,W (9/1),TE,CHI,Cole Kmet,MIA,27.0,0.0,0.0,0.0,0.0,0.0,2.0,9.0,0.0,1.0,6.0,5.0,41.0,2.0,3.0,0.0,21.0,21.0
2022,9,NN,QB,ARI,Kyler Murray,SEA,22.0,25.0,35.0,175.0,2.0,0.0,8.0,60.0,0.0,2.0,0.0,0.0,0.0,0.0,0.0,1.0,21.0,21.0
2022,9,MWM,WR,LAR,Cooper Kupp,@TB,15.0,0.0,0.0,0.0,0.0,0.0,3.0,1.0,0.0,0.0,9.0,8.0,127.0,1.0,2.0,0.0,20.8,20.8
2022,9,GF,RB,NYJ,Michael Carter,BUF,12.0,0.0,0.0,0.0,0.0,0.0,12.0,76.0,1.0,4.0,1.0,1.0,10.0,0.0,1.0,0.0,19.6,19.6
2022,9,AFL,RB,PHI,Miles Sanders,@HOU,32.0,0.0,0.0,0.0,0.0,0.0,17.0,93.0,1.0,4.0,0.0,0.0,0.0,0.0,0.0,0.0,19.3,19.3
2022,9,NN,QB,JAC,Trevor Lawrence,LV,31.0,25.0,31.0,235.0,1.0,0.0,6.0,53.0,0.0,2.0,0.0,0.0,0.0,0.0,0.0,1.0,18.7,18.7
2022,9,VD,WR,GB,Allen Lazard,@DET,29.0,0.0,0.0,0.0,0.0,0.0,0.0,0.0,0.0,0.0,10.0,4.0,87.0,1.0,4.0,0.0,18.7,18.7
2022,9,NN,WR,JAC,Christian Kirk,LV,20.0,0.0,0.0,0.0,0.0,0.0,0.0,0.0,0.0,0.0,9.0,8.0,76.0,1.0,5.0,0.0,18.6,18.6
2022,9,FRR,WR,MIA,Jaylen Waddle,@CHI,13.0,0.0,0.0,0.0,0.0,0.0,0.0,0.0,0.0,0.0,7.0,5.0,85.0,1.0,4.0,0.0,18.5,18.5
2022,9,GF,QB,LV,Derek Carr,@JAC,21.0,21.0,36.0,259.0,2.0,0.0,0.0,0.0,0.0,0.0,0.0,0.0,0.0,0.0,0.0,0.0,18.36,18.36
2022,9,FRR,RB,NE,Rhamondre Stevenson,IND,17.0,0.0,0.0,0.0,0.0,0.0,15.0,60.0,0.0,4.0,7.0,3.0,10.0,1.0,1.0,0.0,18.0,18.0
2022,9,FRR,TE,KC,Travis Kelce,TEN,30.0,0.0,0.0,0.0,0.0,0.0,0.0,0.0,0.0,0.0,17.0,10.0,106.0,0.0,7.0,0.0,17.6,17.6
2022,9,CC,QB,MIN,Kirk Cousins,@WAS,20.0,22.0,40.0,265.0,2.0,1.0,2.0,-2.0,0.0,1.0,0.0,0.0,0.0,0.0,0.0,0.0,17.6,17.6
2022,9,NN,RB,ATL,Tyler Allgeier,LAC,31.0,0.0,0.0,0.0,0.0,0.0,10.0,99.0,0.0,4.0,1.0,1.0,24.0,0.0,1.0,0.0,17.3,17.3
2022,9,AFL,WR,WAS,Curtis Samuel,MIN,27.0,0.0,0.0,0.0,0.0,0.0,1.0,16.0,0.0,1.0,4.0,3.0,65.0,1.0,2.0,0.0,17.1,17.1
2022,9,ELP,WR,KC,Mecole Hardman,TEN,30.0,0.0,0.0,0.0,0.0,0.0,0.0,0.0,0.0,0.0,9.0,6.0,79.0,1.0,3.0,0.0,16.9,16.9
2022,9,W (9/1),TE,TB,Cade Otton,LAR,5.0,0.0,0.0,0.0,0.0,0.0,0.0,0.0,0.0,0.0,6.0,5.0,68.0,1.0,4.0,0.0,16.8,16.8
2022,9,CC,WR,SEA,Tyler Lockett,@ARI,16.0,0.0,0.0,0.0,0.0,0.0,0.0,0.0,0.0,0.0,5.0,5.0,67.0,1.0,3.0,0.0,15.7,15.7
2022,9,ELP,QB,GB,Aaron Rodgers,@DET,30.0,23.0,43.0,291.0,1.0,3.0,4.0,40.0,0.0,2.0,0.0,0.0,0.0,0.0,0.0,0.0,15.64,15.64
2022,9,NN,WR,LAC,Josh Palmer,@ATL,31.0,0.0,0.0,0.0,0.0,0.0,0.0,0.0,0.0,0.0,10.0,8.0,106.0,0.0,5.0,0.0,15.6,15.6
2022,9,WLW,RB,NYJ,James Robinson,BUF,12.0,0.0,0.0,0.0,0.0,0.0,13.0,48.0,0.0,3.0,2.0,2.0,5.0,1.0,1.0,0.0,15.3,15.3
2022,9,VD,RB,MIA,Jeff Wilson,@CHI,29.0,0.0,0.0,0.0,0.0,0.0,9.0,51.0,0.0,1.0,3.0,3.0,21.0,1.0,1.0,0.0,15.2,15.2
2022,9,MWM,QB,TB,Tom Brady,LAR,7.0,36.0,58.0,280.0,1.0,0.0,0.0,0.0,0.0,0.0,0.0,0.0,0.0,0.0,0.0,0.0,15.2,15.2
2022,9,AFL,WR,PHI,AJ Brown,@HOU,8.0,0.0,0.0,0.0,0.0,0.0,0.0,0.0,0.0,0.0,6.0,4.0,59.0,1.0,3.0,0.0,14.9,14.9
2022,9,NN,RB,LV,Josh Jacobs,@JAC,20.0,0.0,0.0,0.0,0.0,0.0,17.0,67.0,0.0,5.0,3.0,3.0,20.0,0.0,1.0,0.0,14.7,14.7
2022,9,MCM,WR,BUF,Stefon Diggs,@NYJ,6.0,0.0,0.0,0.0,0.0,0.0,0.0,0.0,0.0,0.0,10.0,5.0,93.0,0.0,5.0,0.0,14.3,14.3
2022,9,VD,WR,CAR,Terrace Marshall,@CIN,11.0,0.0,0.0,0.0,0.0,0.0,0.0,0.0,0.0,0.0,6.0,3.0,53.0,1.0,3.0,0.0,14.3,14.3
2022,9,W (9/1),RB,CAR,Raheem Blackshear,@CIN,10.0,0.0,0.0,0.0,0.0,0.0,5.0,13.0,1.0,2.0,4.0,4.0,40.0,0.0,1.0,0.0,14.3,14.3
2022,9,ELP,QB,CAR,Baker Mayfield,@CIN,6.0,14.0,20.0,155.0,2.0,0.0,0.0,0.0,0.0,0.0,0.0,0.0,0.0,0.0,0.0,0.0,14.2,14.2
2022,9,ELP,RB,DET,Jamaal Williams,GB,21.0,0.0,0.0,0.0,0.0,0.0,24.0,81.0,0.0,4.0,0.0,0.0,0.0,0.0,0.0,0.0,14.1,14.1
2022,9,FRR,WR,KC,JuJu Smith-Schuster,TEN,30.0,0.0,0.0,0.0,0.0,0.0,0.0,0.0,0.0,0.0,12.0,10.0,88.0,0.0,5.0,0.0,13.8,13.8
2022,9,ELP,QB,WAS,Taylor Heinicke,MIN,23.0,15.0,28.0,149.0,2.0,1.0,4.0,17.0,0.0,0.0,0.0,0.0,0.0,0.0,0.0,0.0,13.66,13.66
2022,9,WLW,RB,MIN,Dalvin Cook,@WAS,11.0,0.0,0.0,0.0,0.0,0.0,17.0,47.0,0.0,1.0,6.0,2.0,9.0,1.0,1.0,0.0,13.6,13.6
2022,9,GF,TE,SEA,Noah Fant,@ARI,31.0,0.0,0.0,0.0,0.0,0.0,0.0,0.0,0.0,0.0,6.0,5.0,96.0,0.0,4.0,0.0,13.6,13.6
2022,9,VD,QB,NYJ,Zach Wilson,BUF,3.0,18.0,25.0,154.0,1.0,0.0,5.0,24.0,0.0,3.0,0.0,0.0,0.0,0.0,0.0,1.0,13.56,13.56
2022,9,VD,QB,HOU,Davis Mills,PHI,2.0,13.0,22.0,154.0,2.0,2.0,3.0,18.0,0.0,1.0,0.0,0.0,0.0,0.0,0.0,0.0,12.96,12.96
2022,9,MAM,WR,NYJ,Garrett Wilson,BUF,10.0,0.0,0.0,0.0,0.0,0.0,1.0,7.0,0.0,0.0,9.0,8.0,92.0,0.0,3.0,0.0,12.9,12.9
2022,9,CC,RB,PHI,Kenneth Gainwell,@HOU,32.0,0.0,0.0,0.0,0.0,0.0,4.0,22.0,1.0,2.0,3.0,3.0,16.0,0.0,1.0,0.0,12.8,12.8
2022,9,W (9/1),WR,HOU,Chris Moore,PHI,9.0,0.0,0.0,0.0,0.0,0.0,1.0,2.0,0.0,0.0,5.0,4.0,43.0,1.0,2.0,0.0,12.5,12.5
2022,9,WLW,WR,CHI,Darnell Mooney,MIA,19.0,0.0,0.0,0.0,0.0,0.0,1.0,2.0,0.0,0.0,8.0,7.0,43.0,1.0,2.0,0.0,12.5,12.5
2022,9,MCM,QB,LAC,Justin Herbert,@ATL,27.0,30.0,43.0,245.0,1.0,1.0,1.0,3.0,0.0,0.0,0.0,0.0,0.0,0.0,0.0,0.0,12.1,12.1
2022,9,WLW,TE,ARI,Zach Ertz,SEA,32.0,0.0,0.0,0.0,0.0,0.0,0.0,0.0,0.0,0.0,8.0,5.0,40.0,1.0,2.0,0.0,12.0,12.0
2022,9,CRB,TE,MIN,TJ Hockenson,@WAS,2.0,0.0,0.0,0.0,0.0,0.0,0.0,0.0,0.0,0.0,9.0,9.0,70.0,0.0,5.0,0.0,12.0,12.0
2022,9,MWM,WR,SEA,DK Metcalf,@ARI,16.0,0.0,0.0,0.0,0.0,0.0,0.0,0.0,0.0,0.0,6.0,5.0,37.0,1.0,2.0,0.0,11.7,11.7
2022,9,FRR,QB,DET,Jared Goff,GB,4.0,14.0,26.0,137.0,2.0,1.0,1.0,-1.0,0.0,0.0,0.0,0.0,0.0,0.0,0.0,0.0,11.48,11.48
2022,9,CC,WR,ARI,Rondale Moore,SEA,3.0,0.0,0.0,0.0,0.0,0.0,0.0,0.0,0.0,0.0,10.0,8.0,69.0,0.0,4.0,0.0,10.9,10.9
2022,9,CC,WR,ARI,DeAndre Hopkins,SEA,3.0,0.0,0.0,0.0,0.0,0.0,0.0,0.0,0.0,0.0,5.0,4.0,36.0,1.0,1.0,0.0,10.6,10.6
2022,9,AFL,QB,LAR,Matthew Stafford,@TB,11.0,13.0,27.0,165.0,1.0,0.0,2.0,-1.0,0.0,0.0,0.0,0.0,0.0,0.0,0.0,0.0,10.6,10.6
2022,9,AFL,RB,MIA,Raheem Mostert,@CHI,29.0,0.0,0.0,0.0,0.0,0.0,9.0,26.0,1.0,2.0,2.0,0.0,0.0,0.0,0.0,0.0,10.6,10.6
2022,9,WLW,QB,ATL,Marcus Mariota,LAC,10.0,12.0,23.0,129.0,0.0,0.0,5.0,24.0,0.0,3.0,0.0,0.0,0.0,0.0,0.0,0.0,10.56,10.56
2022,9,W (9/1),WR,LAC,DeAndre Carter,@ATL,31.0,0.0,0.0,0.0,0.0,0.0,0.0,0.0,0.0,0.0,6.0,5.0,53.0,0.0,5.0,0.0,10.3,10.3
2022,9,MWM,QB,NE,Mac Jones,IND,13.0,20.0,30.0,147.0,1.0,0.0,1.0,-2.0,0.0,0.0,0.0,0.0,0.0,0.0,0.0,0.0,9.88,9.88
2022,9,GF,RB,ARI,James Conner,SEA,22.0,0.0,0.0,0.0,0.0,0.0,7.0,45.0,0.0,3.0,5.0,5.0,19.0,0.0,0.0,0.0,9.4,9.4
2022,9,W (9/1),WR,HOU,Phillip Dorsett,PHI,9.0,0.0,0.0,0.0,0.0,0.0,0.0,0.0,0.0,0.0,5.0,3.0,69.0,0.0,2.0,0.0,8.9,8.9
2022,9,ELP,TE,DET,James Mitchell,GB,7.0,0.0,0.0,0.0,0.0,0.0,0.0,0.0,0.0,0.0,2.0,2.0,8.0,1.0,2.0,0.0,8.8,8.8
2022,9,CRB,RB,WAS,Antonio Gibson,MIN,6.0,0.0,0.0,0.0,0.0,0.0,11.0,36.0,0.0,3.0,3.0,2.0,11.0,0.0,1.0,0.0,8.7,8.7
2022,9,MWM,WR,MIN,Adam Thielen,@WAS,26.0,0.0,0.0,0.0,0.0,0.0,0.0,0.0,0.0,0.0,7.0,3.0,67.0,0.0,2.0,0.0,8.7,8.7
2022,9,FRR,WR,WAS,Terry McLaurin,MIN,27.0,0.0,0.0,0.0,0.0,0.0,0.0,0.0,0.0,0.0,9.0,5.0,56.0,0.0,3.0,0.0,8.6,8.6
2022,9,CRB,WR,DET,Amon-Ra St Brown,GB,5.0,0.0,0.0,0.0,0.0,0.0,0.0,0.0,0.0,0.0,9.0,4.0,55.0,0.0,3.0,0.0,8.5,8.5
2022,9,WLW,QB,TEN,Malik Willis,@KC,25.0,5.0,16.0,80.0,0.0,0.0,8.0,40.0,0.0,1.0,0.0,0.0,0.0,0.0,0.0,0.0,8.2,8.2
2022,9,CC,QB,IND,Sam Ehlinger,@NE,15.0,15.0,29.0,103.0,0.0,1.0,5.0,39.0,0.0,2.0,0.0,0.0,0.0,0.0,0.0,0.0,8.02,8.02
2022,9,VD,RB,TB,Leonard Fournette,LAR,9.0,0.0,0.0,0.0,0.0,0.0,9.0,19.0,0.0,1.0,7.0,5.0,41.0,0.0,1.0,0.0,8.0,8.0
2022,9,WLW,WR,CIN,Tee Higgins,CAR,21.0,0.0,0.0,0.0,0.0,0.0,0.0,0.0,0.0,0.0,8.0,7.0,60.0,0.0,2.0,0.0,8.0,8.0
2022,9,W (9/1),WR,JAC,Marvin Jones,LV,20.0,0.0,0.0,0.0,0.0,0.0,0.0,0.0,0.0,0.0,6.0,5.0,48.0,0.0,3.0,0.0,7.8,7.8
2022,9,W (9/1),WR,WAS,Dax Milne,MIN,27.0,0.0,0.0,0.0,0.0,0.0,0.0,0.0,0.0,0.0,1.0,1.0,6.0,1.0,1.0,0.0,7.6,7.6
2022,9,NN,RB,LAR,Darrell Henderson,@TB,5.0,0.0,0.0,0.0,0.0,0.0,12.0,56.0,0.0,2.0,1.0,0.0,0.0,0.0,0.0,0.0,7.6,7.6
2022,9,MWM,RB,GB,AJ Dillon,@DET,28.0,0.0,0.0,0.0,0.0,0.0,11.0,34.0,0.0,3.0,4.0,2.0,10.0,0.0,0.0,0.0,7.4,7.4
2022,9,W (9/1),RB,CIN,Samaje Perine,CAR,30.0,0.0,0.0,0.0,0.0,0.0,6.0,51.0,0.0,2.0,2.0,1.0,3.0,0.0,0.0,0.0,7.4,7.4
2022,9,W (9/1),WR,TB,Scott Miller,LAR,17.0,0.0,0.0,0.0,0.0,0.0,0.0,0.0,0.0,0.0,8.0,7.0,53.0,0.0,2.0,0.0,7.3,7.3
2022,9,W (9/1),TE,HOU,Teagan Quitoriano,PHI,17.0,0.0,0.0,0.0,0.0,0.0,0.0,0.0,0.0,0.0,1.0,1.0,2.0,1.0,1.0,0.0,7.2,7.2
2022,9,W (9/1),TE,DET,Shane Zylstra,GB,7.0,0.0,0.0,0.0,0.0,0.0,0.0,0.0,0.0,0.0,1.0,1.0,1.0,1.0,1.0,0.0,7.1,7.1
2022,9,FRR,RB,DET,D'Andre Swift,GB,21.0,0.0,0.0,0.0,0.0,0.0,2.0,10.0,0.0,0.0,4.0,3.0,40.0,0.0,2.0,0.0,7.0,7.0
2022,9,W (9/1),TE,NE,Hunter Henry,IND,21.0,0.0,0.0,0.0,0.0,0.0,0.0,0.0,0.0,0.0,4.0,4.0,50.0,0.0,2.0,0.0,7.0,7.0
2022,9,MAM,WR,TB,Mike Evans,LAR,17.0,0.0,0.0,0.0,0.0,0.0,0.0,0.0,0.0,0.0,11.0,5.0,40.0,0.0,3.0,0.0,7.0,7.0
2022,9,MWM,RB,BUF,Devin Singletary,@NYJ,7.0,0.0,0.0,0.0,0.0,0.0,8.0,24.0,0.0,1.0,5.0,4.0,24.0,0.0,1.0,0.0,6.8,6.8
2022,9,W (9/1),TE,KC,Noah Gray,TEN,30.0,0.0,0.0,0.0,0.0,0.0,0.0,0.0,0.0,0.0,3.0,3.0,45.0,0.0,2.0,0.0,6.5,6.5
2022,9,MCM,RB,KC,Jerick McKinnon,TEN,2.0,0.0,0.0,0.0,0.0,0.0,3.0,4.0,0.0,0.0,8.0,6.0,40.0,0.0,2.0,0.0,6.4,6.4
2022,9,W (9/1),RB,CHI,David Montgomery,MIA,13.0,0.0,0.0,0.0,0.0,0.0,14.0,36.0,0.0,2.0,2.0,1.0,8.0,0.0,0.0,0.0,6.4,6.4
2022,9,MWM,WR,CIN,Tyler Boyd,CAR,21.0,0.0,0.0,0.0,0.0,0.0,0.0,0.0,0.0,0.0,6.0,5.0,44.0,0.0,2.0,0.0,6.4,6.4
2022,9,W (9/1),TE,CAR,Tommy Tremble,@CIN,12.0,0.0,0.0,0.0,0.0,0.0,0.0,0.0,0.0,0.0,4.0,2.0,11.0,1.0,1.0,1.0,6.1,6.1
2022,9,W (9/1),WR,JAC,Zay Jones,LV,20.0,0.0,0.0,0.0,0.0,0.0,0.0,0.0,0.0,0.0,5.0,5.0,40.0,0.0,2.0,0.0,6.0,6.0
2022,9,W (9/1),TE,TEN,Chigoziem Okonkwo,@KC,26.0,0.0,0.0,0.0,0.0,0.0,0.0,0.0,0.0,0.0,3.0,1.0,48.0,0.0,1.0,0.0,5.8,5.8
2022,9,MAM,WR,TB,Chris Godwin,LAR,17.0,0.0,0.0,0.0,0.0,0.0,1.0,1.0,0.0,0.0,10.0,7.0,36.0,0.0,2.0,0.0,5.7,5.7
2022,9,MAM,RB,IND,Deon Jackson,@NE,3.0,0.0,0.0,0.0,0.0,0.0,11.0,23.0,0.0,1.0,3.0,2.0,13.0,0.0,1.0,0.0,5.6,5.6
2022,9,MAM,TE,LAC,Gerald Everett,@ATL,22.0,0.0,0.0,0.0,0.0,0.0,1.0,0.0,0.0,0.0,8.0,5.0,36.0,0.0,2.0,0.0,5.6,5.6
2022,9,NN,TE,CIN,Hayden Hurst,CAR,13.0,0.0,0.0,0.0,0.0,0.0,0.0,0.0,0.0,0.0,5.0,5.0,35.0,0.0,2.0,0.0,5.5,5.5
2022,9,ELP,RB,WAS,Brian Robinson,MIN,6.0,0.0,0.0,0.0,0.0,0.0,13.0,44.0,0.0,1.0,2.0,2.0,-6.0,0.0,0.0,0.0,5.4,5.4
2022,9,CC,WR,LAR,Allen Robinson,@TB,15.0,0.0,0.0,0.0,0.0,0.0,0.0,0.0,0.0,0.0,5.0,3.0,24.0,0.0,3.0,0.0,5.4,5.4
2022,9,W (9/1),TE,TEN,Austin Hooper,@KC,26.0,0.0,0.0,0.0,0.0,0.0,0.0,0.0,0.0,0.0,3.0,2.0,34.0,0.0,2.0,0.0,5.4,5.4
2022,9,VD,WR,NE,Jakobi Meyers,IND,2.0,0.0,0.0,0.0,0.0,0.0,1.0,2.0,0.0,1.0,6.0,5.0,42.0,0.0,2.0,1.0,5.4,5.4
2022,9,CC,RB,BUF,James Cook,@NYJ,7.0,0.0,0.0,0.0,0.0,0.0,4.0,15.0,0.0,1.0,4.0,2.0,18.0,0.0,1.0,0.0,5.3,5.3
2022,9,W (9/1),TE,GB,Josiah Deguara,@DET,28.0,0.0,0.0,0.0,0.0,0.0,0.0,0.0,0.0,0.0,5.0,5.0,41.0,0.0,1.0,0.0,5.1,5.1
2022,9,W (9/1),WR,TB,Julio Jones,LAR,17.0,0.0,0.0,0.0,0.0,0.0,0.0,0.0,0.0,0.0,5.0,2.0,28.0,0.0,2.0,0.0,4.8,4.8
2022,9,W (9/1),WR,KC,Justin Watson,TEN,30.0,0.0,0.0,0.0,0.0,0.0,0.0,0.0,0.0,0.0,5.0,2.0,37.0,0.0,1.0,0.0,4.7,4.7
2022,9,VD,TE,ATL,Kyle Pitts,LAC,18.0,0.0,0.0,0.0,0.0,0.0,0.0,0.0,0.0,0.0,7.0,2.0,27.0,0.0,2.0,0.0,4.7,4.7
2022,9,W (9/1),WR,CIN,Trenton Irwin,CAR,21.0,0.0,0.0,0.0,0.0,0.0,1.0,11.0,0.0,1.0,1.0,1.0,14.0,0.0,1.0,0.0,4.5,4.5
2022,9,MWM,RB,GB,Aaron Jones,@DET,28.0,0.0,0.0,0.0,0.0,0.0,9.0,25.0,0.0,0.0,2.0,2.0,20.0,0.0,0.0,0.0,4.5,4.5
2022,9,MAM,RB,TB,Rachaad White,LAR,9.0,0.0,0.0,0.0,0.0,0.0,8.0,27.0,0.0,0.0,3.0,3.0,7.0,0.0,1.0,0.0,4.4,4.4
2022,9,W (9/1),WR,GB,Samori Toure,@DET,29.0,0.0,0.0,0.0,0.0,0.0,0.0,0.0,0.0,0.0,4.0,2.0,34.0,0.0,1.0,0.0,4.4,4.4
2022,9,W (9/1),TE,SEA,Will Dissly,@ARI,31.0,0.0,0.0,0.0,0.0,0.0,0.0,0.0,0.0,0.0,4.0,3.0,24.0,0.0,2.0,0.0,4.4,4.4
2022,9,W (9/1),TE,LV,Foster Moreau,@JAC,11.0,0.0,0.0,0.0,0.0,0.0,0.0,2.0,0.0,0.0,5.0,2.0,42.0,0.0,2.0,1.0,4.4,4.4
2022,9,MWM,RB,ATL,Caleb Huntley,LAC,31.0,0.0,0.0,0.0,0.0,0.0,7.0,34.0,0.0,1.0,0.0,0.0,0.0,0.0,0.0,0.0,4.4,4.4
2022,9,GF,WR,GB,Christian Watson,@DET,29.0,0.0,0.0,0.0,0.0,0.0,0.0,0.0,0.0,0.0,2.0,2.0,24.0,0.0,2.0,0.0,4.4,4.4
2022,9,WLW,WR,CAR,DJ Moore,@CIN,11.0,0.0,0.0,0.0,0.0,0.0,0.0,0.0,0.0,0.0,6.0,2.0,24.0,0.0,2.0,0.0,4.4,4.4
2022,9,WLW,WR,BUF,Gabe Davis,@NYJ,6.0,0.0,0.0,0.0,0.0,0.0,0.0,0.0,0.0,0.0,5.0,2.0,33.0,0.0,1.0,0.0,4.3,4.3
2022,9,W (9/1),WR,MIA,Cedrick Wilson,@CHI,13.0,0.0,0.0,0.0,0.0,0.0,0.0,0.0,0.0,0.0,2.0,2.0,23.0,0.0,2.0,0.0,4.3,4.3
2022,9,W (9/1),RB,SEA,Travis Homer,@ARI,23.0,0.0,0.0,0.0,0.0,0.0,1.0,7.0,0.0,0.0,3.0,3.0,25.0,0.0,1.0,0.0,4.2,4.2
2022,9,MWM,TE,GB,Robert Tonyan,@DET,28.0,0.0,0.0,0.0,0.0,0.0,0.0,0.0,0.0,0.0,4.0,3.0,29.0,0.0,1.0,0.0,3.9,3.9
2022,9,ELP,RB,KC,Clyde Edwards-Helaire,TEN,2.0,0.0,0.0,0.0,0.0,0.0,4.0,5.0,0.0,1.0,2.0,1.0,14.0,0.0,1.0,0.0,3.9,3.9
2022,9,WLW,RB,LAC,Isaiah Spiller,@ATL,25.0,0.0,0.0,0.0,0.0,0.0,7.0,29.0,0.0,1.0,0.0,0.0,0.0,0.0,0.0,0.0,3.9,3.9
2022,9,W (9/1),RB,IND,Jordan Wilkins,@NE,3.0,0.0,0.0,0.0,0.0,0.0,3.0,13.0,0.0,1.0,5.0,4.0,15.0,0.0,0.0,0.0,3.8,3.8
2022,9,CRB,RB,ARI,Eno Benjamin,SEA,22.0,0.0,0.0,0.0,0.0,0.0,4.0,12.0,0.0,0.0,1.0,1.0,15.0,0.0,1.0,0.0,3.7,3.7
2022,9,W (9/1),RB,DET,Justin Jackson,GB,21.0,0.0,0.0,0.0,0.0,0.0,4.0,27.0,0.0,1.0,0.0,0.0,0.0,0.0,0.0,0.0,3.7,3.7
2022,9,W (9/1),WR,MIA,Trent Sherfield,@CHI,13.0,0.0,0.0,0.0,0.0,0.0,0.0,0.0,0.0,0.0,3.0,3.0,27.0,0.0,1.0,0.0,3.7,3.7
2022,9,W (9/1),WR,LAC,Michael Bandy,@ATL,31.0,0.0,0.0,0.0,0.0,0.0,0.0,0.0,0.0,0.0,8.0,5.0,26.0,0.0,1.0,0.0,3.6,3.6
2022,9,W (9/1),RB,CAR,Spencer Brown,@CIN,10.0,0.0,0.0,0.0,0.0,0.0,3.0,16.0,0.0,1.0,3.0,2.0,10.0,0.0,0.0,0.0,3.6,3.6
2022,9,W (9/1),WR,LV,Hunter Renfrow,@JAC,22.0,0.0,0.0,0.0,0.0,0.0,0.0,0.0,0.0,0.0,4.0,3.0,26.0,0.0,1.0,0.0,3.6,3.6
2022,9,W (9/1),WR,PHI,Quez Watkins,@HOU,8.0,0.0,0.0,0.0,0.0,0.0,0.0,0.0,0.0,0.0,2.0,2.0,25.0,0.0,1.0,0.0,3.5,3.5
2022,9,W (9/1),RB,HOU,Rex Burkhead,PHI,19.0,0.0,0.0,0.0,0.0,0.0,1.0,9.0,0.0,1.0,2.0,1.0,6.0,0.0,1.0,0.0,3.5,3.5
2022,9,GF,TE,BUF,Dawson Knox,@NYJ,15.0,0.0,0.0,0.0,0.0,0.0,0.0,0.0,0.0,0.0,4.0,3.0,25.0,0.0,1.0,0.0,3.5,3.5
2022,9,W (9/1),TE,WAS,Armani Rogers,MIN,25.0,0.0,0.0,0.0,0.0,0.0,1.0,24.0,0.0,1.0,0.0,0.0,0.0,0.0,0.0,0.0,3.4,3.4
2022,9,FRR,WR,IND,Alec Pierce,@NE,7.0,0.0,0.0,0.0,0.0,0.0,0.0,0.0,0.0,0.0,2.0,1.0,23.0,0.0,1.0,0.0,3.3,3.3
2022,9,MAM,RB,CAR,D'Onta Foreman,@CIN,10.0,0.0,0.0,0.0,0.0,0.0,7.0,23.0,0.0,1.0,3.0,2.0,-2.0,0.0,0.0,0.0,3.3,3.3
2022,9,W (9/1),WR,CIN,Trent Taylor,CAR,21.0,0.0,0.0,0.0,0.0,0.0,3.0,18.0,0.0,0.0,2.0,2.0,14.0,0.0,0.0,0.0,3.2,3.2
2022,9,CRB,WR,PHI,DeVonta Smith,@HOU,8.0,0.0,0.0,0.0,0.0,0.0,0.0,0.0,0.0,0.0,2.0,2.0,22.0,0.0,1.0,0.0,3.2,3.2
2022,9,W (9/1),WR,BUF,Isaiah McKenzie,@NYJ,6.0,0.0,0.0,0.0,0.0,0.0,1.0,9.0,0.0,0.0,3.0,2.0,12.0,0.0,1.0,0.0,3.1,3.1
2022,9,W (9/1),TE,NE,Jonnu Smith,IND,21.0,0.0,0.0,0.0,0.0,0.0,0.0,0.0,0.0,0.0,4.0,3.0,21.0,0.0,1.0,0.0,3.1,3.1
2022,9,W (9/1),WR,CAR,Shi Smith,@CIN,11.0,0.0,0.0,0.0,0.0,0.0,0.0,0.0,0.0,0.0,2.0,1.0,20.0,0.0,1.0,0.0,3.0,3.0
2022,9,W (9/1),TE,JAC,Dan Arnold,LV,29.0,0.0,0.0,0.0,0.0,0.0,0.0,0.0,0.0,0.0,1.0,1.0,19.0,0.0,1.0,0.0,2.9,2.9
2022,9,W (9/1),TE,GB,Marcedes Lewis,@DET,28.0,0.0,0.0,0.0,0.0,0.0,0.0,0.0,0.0,0.0,1.0,1.0,19.0,0.0,1.0,0.0,2.9,2.9
2022,9,W (9/1),RB,LAR,Malcolm Brown,@TB,5.0,0.0,0.0,0.0,0.0,0.0,2.0,9.0,0.0,0.0,1.0,1.0,10.0,0.0,1.0,0.0,2.9,2.9
2022,9,W (9/1),WR,ATL,Olamide Zaccheaus,LAC,12.0,0.0,0.0,0.0,0.0,0.0,0.0,0.0,0.0,0.0,2.0,2.0,19.0,0.0,1.0,0.0,2.9,2.9
2022,9,CRB,WR,GB,Romeo Doubs,@DET,29.0,0.0,0.0,0.0,0.0,0.0,0.0,0.0,0.0,0.0,1.0,1.0,18.0,0.0,1.0,0.0,2.8,2.8
2022,9,W (9/1),WR,LV,Mack Hollins,@JAC,22.0,0.0,0.0,0.0,0.0,0.0,0.0,0.0,0.0,0.0,4.0,2.0,17.0,0.0,1.0,0.0,2.7,2.7
2022,9,W (9/1),WR,DET,Kalif Raymond,GB,5.0,0.0,0.0,0.0,0.0,0.0,0.0,0.0,0.0,0.0,3.0,3.0,17.0,0.0,1.0,0.0,2.7,2.7
2022,9,CC,WR,CHI,Chase Claypool,MIA,19.0,0.0,0.0,0.0,0.0,0.0,1.0,4.0,0.0,0.0,6.0,2.0,13.0,0.0,1.0,0.0,2.7,2.7
2022,9,W (9/1),WR,DET,Tom Kennedy,GB,5.0,0.0,0.0,0.0,0.0,0.0,0.0,0.0,0.0,0.0,4.0,1.0,16.0,0.0,1.0,0.0,2.6,2.6
2022,9,MAM,WR,IND,Parris Campbell,@NE,7.0,0.0,0.0,0.0,0.0,0.0,1.0,1.0,0.0,0.0,5.0,2.0,15.0,0.0,1.0,0.0,2.6,2.6
2022,9,W (9/1),TE,NYJ,CJ Uzomah,BUF,6.0,0.0,0.0,0.0,0.0,0.0,0.0,0.0,0.0,0.0,3.0,3.0,16.0,0.0,1.0,0.0,2.6,2.6
2022,9,W (9/1),TE,JAC,Luke Farrell,LV,29.0,0.0,0.0,0.0,0.0,0.0,0.0,0.0,0.0,0.0,1.0,1.0,15.0,0.0,1.0,0.0,2.5,2.5
2022,9,W (9/1),TE,HOU,OJ Howard,PHI,17.0,0.0,0.0,0.0,0.0,0.0,0.0,0.0,0.0,0.0,2.0,1.0,14.0,0.0,1.0,0.0,2.4,2.4
2022,9,ELP,RB,CHI,Khalil Herbert,MIA,13.0,0.0,0.0,0.0,0.0,0.0,7.0,23.0,0.0,0.0,0.0,0.0,0.0,0.0,0.0,0.0,2.3,2.3
2022,9,W (9/1),TE,PHI,Jack Stoll,@HOU,19.0,0.0,0.0,0.0,0.0,0.0,0.0,0.0,0.0,0.0,2.0,1.0,13.0,0.0,1.0,0.0,2.3,2.3
2022,9,AFL,WR,ATL,Drake London,LAC,12.0,0.0,0.0,0.0,0.0,0.0,0.0,0.0,0.0,0.0,7.0,3.0,23.0,0.0,2.0,1.0,2.3,2.3
2022,9,ELP,WR,IND,Michael Pittman,@NE,7.0,0.0,0.0,0.0,0.0,0.0,0.0,0.0,0.0,0.0,6.0,3.0,22.0,0.0,0.0,0.0,2.2,2.2
2022,9,NN,WR,KC,Marquez Valdes-Scantling,TEN,30.0,0.0,0.0,0.0,0.0,0.0,0.0,0.0,0.0,0.0,1.0,1.0,12.0,0.0,1.0,0.0,2.2,2.2
2022,9,W (9/1),WR,CHI,Dante Pettis,MIA,19.0,0.0,0.0,0.0,0.0,0.0,0.0,0.0,0.0,0.0,1.0,1.0,12.0,0.0,1.0,0.0,2.2,2.2
2022,9,W (9/1),WR,NYJ,Denzel Mims,BUF,10.0,0.0,0.0,0.0,0.0,0.0,0.0,0.0,0.0,0.0,4.0,1.0,12.0,0.0,1.0,0.0,2.2,2.2
2022,9,W (9/1),RB,LAC,Sony Michel,@ATL,25.0,0.0,0.0,0.0,0.0,0.0,1.0,12.0,0.0,1.0,1.0,0.0,0.0,0.0,0.0,0.0,2.2,2.2
2022,9,AFL,WR,KC,Kadarius Toney,TEN,30.0,0.0,0.0,0.0,0.0,0.0,0.0,0.0,0.0,0.0,2.0,2.0,12.0,0.0,1.0,0.0,2.2,2.2
2022,9,W (9/1),WR,WAS,Cam Sims,MIN,27.0,0.0,0.0,0.0,0.0,0.0,0.0,0.0,0.0,0.0,1.0,1.0,12.0,0.0,1.0,0.0,2.2,2.2
2022,9,W (9/1),TE,CHI,Trevon Wesco,MIA,27.0,0.0,0.0,0.0,0.0,0.0,0.0,0.0,0.0,0.0,0.0,0.0,0.0,0.0,0.0,0.0,2.0,2.0
2022,9,W (9/1),WR,ATL,Khadarel Hodge,LAC,12.0,0.0,0.0,0.0,0.0,0.0,0.0,0.0,0.0,0.0,2.0,1.0,19.0,0.0,0.0,0.0,1.9,1.9
2022,9,AFL,RB,KC,Isiah Pacheco,TEN,2.0,0.0,0.0,0.0,0.0,0.0,5.0,5.0,0.0,1.0,1.0,1.0,4.0,0.0,0.0,0.0,1.9,1.9
2022,9,W (9/1),QB,CIN,Brandon Allen,CAR,18.0,3.0,3.0,22.0,0.0,0.0,3.0,-1.0,0.0,1.0,0.0,0.0,0.0,0.0,0.0,0.0,1.88,1.88
2022,9,W (9/1),RB,NE,JJ Taylor,IND,17.0,0.0,0.0,0.0,0.0,0.0,10.0,9.0,0.0,0.0,1.0,1.0,8.0,0.0,0.0,0.0,1.7,1.7
2022,9,W (9/1),RB,NYJ,Ty Johnson,BUF,12.0,0.0,0.0,0.0,0.0,0.0,2.0,17.0,0.0,0.0,0.0,0.0,0.0,0.0,0.0,0.0,1.7,1.7
2022,9,W (9/1),WR,HOU,Jalen Camp,PHI,9.0,0.0,0.0,0.0,0.0,0.0,0.0,0.0,0.0,0.0,1.0,1.0,7.0,0.0,1.0,0.0,1.7,1.7
2022,9,W (9/1),RB,GB,Kylin Hill,@DET,28.0,0.0,0.0,0.0,0.0,0.0,1.0,7.0,0.0,1.0,0.0,0.0,0.0,0.0,0.0,0.0,1.7,1.7
2022,9,W (9/1),TE,NYJ,Tyler Conklin,BUF,6.0,0.0,0.0,0.0,0.0,0.0,0.0,0.0,0.0,0.0,2.0,1.0,7.0,0.0,1.0,0.0,1.7,1.7
2022,9,W (9/1),TE,ATL,MyCole Pruitt,LAC,18.0,0.0,0.0,0.0,0.0,0.0,0.0,0.0,0.0,0.0,1.0,1.0,6.0,0.0,1.0,0.0,1.6,1.6
2022,9,W (9/1),TE,SEA,Colby Parkinson,@ARI,31.0,0.0,0.0,0.0,0.0,0.0,0.0,0.0,0.0,0.0,2.0,2.0,6.0,0.0,1.0,0.0,1.6,1.6
2022,9,MCM,WR,NYJ,Braxton Berrios,BUF,10.0,0.0,0.0,0.0,0.0,0.0,0.0,0.0,0.0,0.0,2.0,1.0,6.0,0.0,1.0,0.0,1.6,1.6
2022,9,W (9/1),TE,WAS,John Bates,MIN,25.0,0.0,0.0,0.0,0.0,0.0,0.0,0.0,0.0,0.0,2.0,1.0,5.0,0.0,1.0,0.0,1.5,1.5
2022,9,NN,RB,LAR,Cam Akers,@TB,5.0,0.0,0.0,0.0,0.0,0.0,5.0,3.0,0.0,1.0,0.0,0.0,0.0,0.0,0.0,0.0,1.3,1.3
2022,9,W (9/1),TE,IND,Mo Alie-Cox,@NE,24.0,0.0,0.0,0.0,0.0,0.0,0.0,0.0,0.0,0.0,2.0,2.0,13.0,0.0,0.0,0.0,1.3,1.3
2022,9,MWM,RB,TEN,Dontrell Hilliard,@KC,24.0,0.0,0.0,0.0,0.0,0.0,3.0,12.0,0.0,0.0,1.0,1.0,-4.0,0.0,0.0,0.0,1.2,1.2
2022,9,W (9/1),WR,NE,Kendrick Bourne,IND,2.0,0.0,0.0,0.0,0.0,0.0,1.0,1.0,0.0,0.0,4.0,3.0,11.0,0.0,0.0,0.0,1.2,1.2
2022,9,W (9/1),RB,JAC,JaMycal Hasty,LV,26.0,0.0,0.0,0.0,0.0,0.0,3.0,6.0,0.0,0.0,1.0,1.0,5.0,0.0,0.0,0.0,1.1,1.1
2022,9,W (9/1),WR,GB,Sammy Watkins,@DET,29.0,0.0,0.0,0.0,0.0,0.0,0.0,0.0,0.0,0.0,5.0,1.0,9.0,0.0,0.0,0.0,0.9,0.9
2022,9,W (9/1),RB,KC,Michael Burton,TEN,2.0,0.0,0.0,0.0,0.0,0.0,1.0,0.0,0.0,0.0,1.0,1.0,9.0,0.0,0.0,0.0,0.9,0.9
2022,9,W (9/1),WR,HOU,Tyron Johnson,PHI,9.0,0.0,0.0,0.0,0.0,0.0,0.0,0.0,0.0,0.0,1.0,1.0,8.0,0.0,0.0,0.0,0.8,0.8
2022,9,W (9/1),WR,PHI,Zach Pascal,@HOU,8.0,0.0,0.0,0.0,0.0,0.0,0.0,0.0,0.0,0.0,1.0,1.0,8.0,0.0,0.0,0.0,0.8,0.8
2022,9,W (9/1),TE,CAR,Giovanni Ricci,@CIN,12.0,0.0,0.0,0.0,0.0,0.0,0.0,0.0,0.0,0.0,1.0,1.0,8.0,0.0,0.0,0.0,0.8,0.8
2022,9,VD,TE,JAC,Evan Engram,LV,29.0,0.0,0.0,0.0,0.0,0.0,0.0,0.0,0.0,0.0,2.0,1.0,8.0,0.0,0.0,0.0,0.8,0.8
2022,9,W (9/1),RB,LV,Ameer Abdullah,@JAC,20.0,0.0,0.0,0.0,0.0,0.0,0.0,0.0,0.0,0.0,3.0,1.0,8.0,0.0,0.0,0.0,0.8,0.8
2022,9,AFL,RB,TEN,Hassan Haskins,@KC,24.0,0.0,0.0,0.0,0.0,0.0,1.0,5.0,0.0,0.0,1.0,1.0,2.0,0.0,0.0,0.0,0.7,0.7
2022,9,W (9/1),TE,JAC,Chris Manhertz,LV,29.0,0.0,0.0,0.0,0.0,0.0,0.0,0.0,0.0,0.0,2.0,1.0,7.0,0.0,0.0,0.0,0.7,0.7
2022,9,W (9/1),TE,TB,Ko Kieft,LAR,5.0,0.0,0.0,0.0,0.0,0.0,0.0,0.0,0.0,0.0,2.0,1.0,6.0,0.0,0.0,0.0,0.6,0.6
2022,9,W (9/1),WR,CHI,N'Keal Harry,MIA,19.0,0.0,0.0,0.0,0.0,0.0,0.0,0.0,0.0,0.0,2.0,1.0,6.0,0.0,0.0,0.0,0.6,0.6
2022,9,W (9/1),WR,NYJ,Jeff Smith,BUF,10.0,0.0,0.0,0.0,0.0,0.0,0.0,0.0,0.0,0.0,1.0,1.0,6.0,0.0,0.0,0.0,0.6,0.6
2022,9,W (9/1),WR,CAR,Laviska Shenault,@CIN,11.0,0.0,0.0,0.0,0.0,0.0,2.0,6.0,0.0,0.0,1.0,0.0,0.0,0.0,0.0,0.0,0.6,0.6
2022,9,W (9/1),TE,HOU,Brevin Jordan,PHI,17.0,0.0,0.0,0.0,0.0,0.0,0.0,0.0,0.0,0.0,2.0,1.0,5.0,0.0,0.0,0.0,0.5,0.5
2022,9,W (9/1),RB,PHI,Boston Scott,@HOU,32.0,0.0,0.0,0.0,0.0,0.0,1.0,5.0,0.0,0.0,0.0,0.0,0.0,0.0,0.0,0.0,0.5,0.5
2022,9,W (9/1),RB,LV,Brandon Bolden,@JAC,20.0,0.0,0.0,0.0,0.0,0.0,1.0,5.0,0.0,0.0,0.0,0.0,0.0,0.0,0.0,0.0,0.5,0.5
2022,9,NN,WR,NE,Tyquan Thornton,IND,2.0,0.0,0.0,0.0,0.0,0.0,0.0,0.0,0.0,0.0,4.0,1.0,5.0,0.0,0.0,0.0,0.5,0.5
2022,9,W (9/1),WR,LAR,Brandon Powell,@TB,15.0,0.0,0.0,0.0,0.0,0.0,0.0,0.0,0.0,0.0,1.0,1.0,4.0,0.0,0.0,0.0,0.4,0.4
2022,9,W (9/1),RB,SEA,DeeJay Dallas,@ARI,23.0,0.0,0.0,0.0,0.0,0.0,1.0,4.0,0.0,0.0,0.0,0.0,0.0,0.0,0.0,0.0,0.4,0.4
2022,9,W (9/1),RB,TB,Ke'Shawn Vaughn,LAR,9.0,0.0,0.0,0.0,0.0,0.0,2.0,4.0,0.0,0.0,1.0,0.0,0.0,0.0,0.0,0.0,0.4,0.4
2022,9,CC,TE,MIA,Mike Gesicki,@CHI,3.0,0.0,0.0,0.0,0.0,0.0,0.0,0.0,0.0,0.0,2.0,1.0,3.0,0.0,0.0,0.0,0.3,0.3
2022,9,W (9/1),WR,ARI,Greg Dortch,SEA,3.0,0.0,0.0,0.0,0.0,0.0,1.0,3.0,0.0,0.0,1.0,1.0,0.0,0.0,0.0,0.0,0.3,0.3
2022,9,W (9/1),TE,IND,Jelani Woods,@NE,24.0,0.0,0.0,0.0,0.0,0.0,0.0,0.0,0.0,0.0,3.0,1.0,2.0,0.0,0.0,0.0,0.2,0.2
2022,9,W (9/1),RB,IND,Phillip Lindsay,@NE,3.0,0.0,0.0,0.0,0.0,0.0,1.0,2.0,0.0,0.0,1.0,0.0,0.0,0.0,0.0,0.0,0.2,0.2
2022,9,W (9/1),RB,ARI,Keaontay Ingram,SEA,22.0,0.0,0.0,0.0,0.0,0.0,1.0,2.0,0.0,0.0,0.0,0.0,0.0,0.0,0.0,0.0,0.2,0.2
2022,9,W (9/1),RB,ATL,Avery Williams,LAC,31.0,0.0,0.0,0.0,0.0,0.0,0.0,0.0,0.0,0.0,1.0,1.0,2.0,0.0,0.0,0.0,0.2,0.2
2022,9,W (9/1),WR,TB,Breshad Perriman,LAR,17.0,0.0,0.0,0.0,0.0,0.0,0.0,0.0,0.0,0.0,2.0,1.0,1.0,0.0,0.0,0.0,0.1,0.1
2022,9,MCM,RB,MIN,Alexander Mattison,@WAS,11.0,0.0,0.0,0.0,0.0,0.0,2.0,1.0,0.0,0.0,1.0,1.0,0.0,0.0,0.0,0.0,0.1,0.1
2022,9,W (9/1),TE,MIN,Johnny Mundt,@WAS,2.0,0.0,0.0,0.0,0.0,0.0,0.0,0.0,0.0,0.0,1.0,1.0,1.0,0.0,0.0,0.0,0.1,0.1
2022,9,W (9/1),WR,GB,Amari Rodgers,@DET,29.0,0.0,0.0,0.0,0.0,0.0,0.0,0.0,0.0,0.0,1.0,0.0,0.0,0.0,0.0,0.0,0.0,0.0
2022,9,W (9/1),TE,LAR,Brycen Hopkins,@TB,20.0,0.0,0.0,0.0,0.0,0.0,0.0,0.0,0.0,0.0,1.0,0.0,0.0,0.0,0.0,0.0,0.0,0.0
2022,9,W (9/1),WR,NE,Lynn Bowden,IND,2.0,0.0,0.0,0.0,0.0,0.0,0.0,0.0,0.0,0.0,0.0,0.0,0.0,0.0,0.0,0.0,0.0,0.0
2022,9,W (9/1),TE,ARI,Stephen Anderson,SEA,32.0,0.0,0.0,0.0,0.0,0.0,0.0,0.0,0.0,0.0,0.0,0.0,0.0,0.0,0.0,0.0,0.0,0.0
2022,9,W (9/1),WR,LV,DJ Turner,@JAC,22.0,0.0,0.0,0.0,0.0,0.0,0.0,0.0,0.0,0.0,0.0,0.0,0.0,0.0,0.0,0.0,0.0,0.0
2022,9,W (9/1),TE,CIN,Devin Asiasi,CAR,13.0,0.0,0.0,0.0,0.0,0.0,0.0,0.0,0.0,0.0,1.0,0.0,0.0,0.0,0.0,0.0,0.0,0.0
2022,9,W (9/1),WR,NE,Matthew Slater,IND,2.0,0.0,0.0,0.0,0.0,0.0,0.0,0.0,0.0,0.0,0.0,0.0,0.0,0.0,0.0,0.0,0.0,0.0
2022,9,W (9/1),RB,LV,Jakob Johnson,@JAC,20.0,0.0,0.0,0.0,0.0,0.0,0.0,0.0,0.0,0.0,0.0,0.0,0.0,0.0,0.0,0.0,0.0,0.0
2022,9,W (9/1),TE,TEN,Geoff Swaim,@KC,26.0,0.0,0.0,0.0,0.0,0.0,0.0,0.0,0.0,0.0,0.0,0.0,0.0,0.0,0.0,0.0,0.0,0.0
2022,9,MCM,RB,HOU,Dare Ogunbowale,PHI,19.0,0.0,0.0,0.0,0.0,0.0,0.0,0.0,0.0,0.0,0.0,0.0,0.0,0.0,0.0,0.0,0.0,0.0
2022,9,W (9/1),TE,HOU,Jordan Akins,PHI,17.0,0.0,0.0,0.0,0.0,0.0,0.0,0.0,0.0,0.0,1.0,0.0,0.0,0.0,0.0,0.0,0.0,0.0
2022,9,W (9/1),WR,WAS,Dyami Brown,MIN,27.0,0.0,0.0,0.0,0.0,0.0,0.0,0.0,0.0,0.0,1.0,0.0,0.0,0.0,0.0,0.0,0.0,0.0
2022,9,MCM,RB,LV,Zamir White,@JAC,20.0,0.0,0.0,0.0,0.0,0.0,1.0,-1.0,0.0,0.0,0.0,0.0,0.0,0.0,0.0,0.0,0.0,0.0
2022,9,W (9/1),WR,CIN,Stanley Morgan,CAR,21.0,0.0,0.0,0.0,0.0,0.0,0.0,0.0,0.0,0.0,0.0,0.0,0.0,0.0,0.0,0.0,0.0,0.0
2022,9,W (9/1),WR,SEA,Dareke Young,@ARI,16.0,0.0,0.0,0.0,0.0,0.0,0.0,0.0,0.0,0.0,0.0,0.0,0.0,0.0,0.0,0.0,0.0,0.0
2022,9,W (9/1),WR,BUF,Jake Kumerow,@NYJ,6.0,0.0,0.0,0.0,0.0,0.0,0.0,0.0,0.0,0.0,1.0,0.0,0.0,0.0,0.0,0.0,0.0,0.0
2022,9,W (9/1),RB,SEA,Nick Bellore,@ARI,23.0,0.0,0.0,0.0,0.0,0.0,0.0,0.0,0.0,0.0,0.0,0.0,0.0,0.0,0.0,0.0,0.0,0.0
2022,9,W (9/1),RB,MIA,Salvon Ahmed,@CHI,29.0,0.0,0.0,0.0,0.0,0.0,0.0,0.0,0.0,0.0,0.0,0.0,0.0,0.0,0.0,0.0,0.0,0.0
2022,9,W (9/1),WR,TEN,Cody Hollister,@KC,25.0,0.0,0.0,0.0,0.0,0.0,0.0,0.0,0.0,0.0,1.0,0.0,0.0,0.0,0.0,0.0,0.0,0.0
2022,9,W (9/1),TE,LV,Jesper Horsted,@JAC,11.0,0.0,0.0,0.0,0.0,0.0,0.0,0.0,0.0,0.0,0.0,0.0,0.0,0.0,0.0,0.0,0.0,0.0
2022,9,CC,RB,BUF,Nyheim Hines,@NYJ,7.0,0.0,0.0,0.0,0.0,0.0,0.0,0.0,0.0,0.0,1.0,0.0,0.0,0.0,0.0,0.0,0.0,0.0
2022,9,W (9/1),TE,MIN,Nick Muse,@WAS,2.0,0.0,0.0,0.0,0.0,0.0,0.0,0.0,0.0,0.0,0.0,0.0,0.0,0.0,0.0,0.0,0.0,0.0
2022,9,W (9/1),WR,SEA,D'Wayne Eskridge,@ARI,16.0,0.0,0.0,0.0,0.0,0.0,0.0,0.0,0.0,0.0,2.0,0.0,0.0,0.0,0.0,0.0,0.0,0.0
2022,9,W (9/1),QB,ATL,Feleipe Franks,LAC,10.0,0.0,0.0,0.0,0.0,0.0,0.0,0.0,0.0,0.0,0.0,0.0,0.0,0.0,0.0,0.0,0.0,0.0
2022,9,W (9/1),WR,CIN,Mike Thomas,CAR,21.0,0.0,0.0,0.0,0.0,0.0,0.0,0.0,0.0,0.0,0.0,0.0,0.0,0.0,0.0,0.0,0.0,0.0
2022,9,W (9/1),RB,SEA,Cullen Gillaspia,@ARI,23.0,0.0,0.0,0.0,0.0,0.0,0.0,0.0,0.0,0.0,0.0,0.0,0.0,0.0,0.0,0.0,0.0,0.0
2022,9,W (9/1),TE,PHI,Grant Calcaterra,@HOU,19.0,0.0,0.0,0.0,0.0,0.0,0.0,0.0,0.0,0.0,0.0,0.0,0.0,0.0,0.0,0.0,0.0,0.0
2022,9,W (9/1),WR,TB,Jaelon Darden,LAR,17.0,0.0,0.0,0.0,0.0,0.0,0.0,0.0,0.0,0.0,0.0,0.0,0.0,0.0,0.0,0.0,0.0,0.0
2022,9,W (9/1),TE,TEN,Kevin Rader,@KC,26.0,0.0,0.0,0.0,0.0,0.0,0.0,0.0,0.0,0.0,0.0,0.0,0.0,0.0,0.0,0.0,0.0,0.0
2022,9,W (9/1),TE,GB,Tyler Davis,@DET,28.0,0.0,0.0,0.0,0.0,0.0,0.0,0.0,0.0,0.0,0.0,0.0,0.0,0.0,0.0,0.0,0.0,0.0
2022,9,W (9/1),RB,CIN,Chris Evans,CAR,30.0,0.0,0.0,0.0,0.0,0.0,0.0,0.0,0.0,0.0,0.0,0.0,0.0,0.0,0.0,0.0,0.0,0.0
2022,9,W (9/1),WR,ARI,AJ Green,SEA,3.0,0.0,0.0,0.0,0.0,0.0,0.0,0.0,0.0,0.0,0.0,0.0,0.0,0.0,0.0,0.0,0.0,0.0
2022,9,W (9/1),TE,CHI,Ryan Griffin,MIA,27.0,0.0,0.0,0.0,0.0,0.0,0.0,0.0,0.0,0.0,0.0,0.0,0.0,0.0,0.0,0.0,0.0,0.0
2022,9,W (9/1),RB,DET,Craig Reynolds,GB,21.0,0.0,0.0,0.0,0.0,0.0,0.0,0.0,0.0,0.0,0.0,0.0,0.0,0.0,0.0,0.0,0.0,0.0
2022,9,W (9/1),WR,MIA,Tanner Conner,@CHI,13.0,0.0,0.0,0.0,0.0,0.0,0.0,0.0,0.0,0.0,0.0,0.0,0.0,0.0,0.0,0.0,0.0,0.0
2022,9,W (9/1),TE,MIA,Hunter Long,@CHI,3.0,0.0,0.0,0.0,0.0,0.0,0.0,0.0,0.0,0.0,0.0,0.0,0.0,0.0,0.0,0.0,0.0,0.0
2022,9,W (9/1),WR,JAC,Jamal Agnew,LV,20.0,0.0,0.0,0.0,0.0,0.0,0.0,0.0,0.0,0.0,0.0,0.0,0.0,0.0,0.0,0.0,0.0,0.0
2022,9,W (9/1),WR,SEA,Penny Hart,@ARI,16.0,0.0,0.0,0.0,0.0,0.0,0.0,0.0,0.0,0.0,0.0,0.0,0.0,0.0,0.0,0.0,0.0,0.0
2022,9,VD,WR,KC,Skyy Moore,TEN,30.0,0.0,0.0,0.0,0.0,0.0,0.0,0.0,0.0,0.0,1.0,0.0,0.0,0.0,0.0,0.0,0.0,0.0
2022,9,W (9/1),WR,CHI,Equanimeous St Brown,MIA,19.0,0.0,0.0,0.0,0.0,0.0,0.0,0.0,0.0,0.0,2.0,0.0,0.0,0.0,0.0,0.0,0.0,0.0
2022,9,W (9/1),WR,IND,Mike Strachan,@NE,7.0,0.0,0.0,0.0,0.0,0.0,0.0,0.0,0.0,0.0,0.0,0.0,0.0,0.0,0.0,0.0,0.0,0.0
2022,9,W (9/1),WR,KC,Marcus Kemp,TEN,30.0,0.0,0.0,0.0,0.0,0.0,0.0,0.0,0.0,0.0,0.0,0.0,0.0,0.0,0.0,0.0,0.0,0.0
2022,9,W (9/1),WR,LAC,Jason Moore,@ATL,31.0,0.0,0.0,0.0,0.0,0.0,0.0,0.0,0.0,0.0,0.0,0.0,0.0,0.0,0.0,0.0,0.0,0.0
2022,9,W (9/1),WR,MIN,Dan Chisena,@WAS,26.0,0.0,0.0,0.0,0.0,0.0,0.0,0.0,0.0,0.0,0.0,0.0,0.0,0.0,0.0,0.0,0.0,0.0
2022,9,W (9/1),TE,BUF,Reggie Gilliam,@NYJ,15.0,0.0,0.0,0.0,0.0,0.0,0.0,0.0,0.0,0.0,0.0,0.0,0.0,0.0,0.0,0.0,0.0,0.0
2022,9,W (9/1),WR,JAC,Tim Jones,LV,20.0,0.0,0.0,0.0,0.0,0.0,0.0,0.0,0.0,0.0,0.0,0.0,0.0,0.0,0.0,0.0,0.0,0.0
2022,9,W (9/1),WR,ATL,Damiere Byrd,LAC,12.0,0.0,0.0,0.0,0.0,0.0,0.0,0.0,0.0,0.0,1.0,0.0,0.0,0.0,0.0,0.0,0.0,0.0
2022,9,W (9/1),WR,IND,Keke Coutee,@NE,7.0,0.0,0.0,0.0,0.0,0.0,0.0,0.0,0.0,0.0,0.0,0.0,0.0,0.0,0.0,0.0,0.0,0.0
2022,9,WLW,WR,BUF,Khalil Shakir,@NYJ,6.0,0.0,0.0,0.0,0.0,0.0,0.0,0.0,0.0,0.0,0.0,0.0,0.0,0.0,0.0,0.0,0.0,0.0
2022,9,CRB,TE,LAR,Tyler Higbee,@TB,20.0,0.0,0.0,0.0,0.0,0.0,0.0,0.0,0.0,0.0,1.0,0.0,0.0,0.0,0.0,0.0,0.0,0.0
2022,9,W (9/1),TE,DET,Brock Wright,GB,7.0,0.0,0.0,0.0,0.0,0.0,0.0,0.0,0.0,0.0,1.0,0.0,0.0,0.0,0.0,0.0,0.0,0.0
2022,9,W (9/1),WR,TEN,Chris Conley,@KC,25.0,0.0,0.0,0.0,0.0,0.0,0.0,0.0,0.0,0.0,1.0,0.0,0.0,0.0,0.0,0.0,0.0,0.0
2022,9,W (9/1),RB,CHI,Khari Blasingame,MIA,13.0,0.0,0.0,0.0,0.0,0.0,0.0,0.0,0.0,0.0,0.0,0.0,0.0,0.0,0.0,0.0,0.0,0.0
2022,9,W (9/1),TE,ATL,Parker Hesse,LAC,18.0,0.0,0.0,0.0,0.0,0.0,0.0,0.0,0.0,0.0,0.0,0.0,0.0,0.0,0.0,0.0,0.0,0.0
2022,9,W (9/1),WR,PHI,Britain Covey,@HOU,8.0,0.0,0.0,0.0,0.0,0.0,0.0,0.0,0.0,0.0,0.0,0.0,0.0,0.0,0.0,0.0,0.0,0.0
2022,9,W (9/1),WR,DET,Stanley Berryhill,GB,5.0,0.0,0.0,0.0,0.0,0.0,0.0,0.0,0.0,0.0,0.0,0.0,0.0,0.0,0.0,0.0,0.0,0.0
2022,9,W (9/1),TE,WAS,Logan Thomas,MIN,25.0,0.0,0.0,0.0,0.0,0.0,0.0,0.0,0.0,0.0,3.0,0.0,0.0,0.0,0.0,0.0,0.0,0.0
2022,9,MAM,TE,ARI,Trey McBride,SEA,32.0,0.0,0.0,0.0,0.0,0.0,0.0,0.0,0.0,0.0,0.0,0.0,0.0,0.0,0.0,0.0,0.0,0.0
2022,9,W (9/1),WR,LAR,Ben Skowronek,@TB,15.0,0.0,0.0,0.0,0.0,0.0,0.0,0.0,0.0,0.0,2.0,0.0,0.0,0.0,0.0,0.0,0.0,0.0
2022,9,W (9/1),TE,LAC,Tre' McKitty,@ATL,22.0,0.0,0.0,0.0,0.0,0.0,0.0,0.0,0.0,0.0,0.0,0.0,0.0,0.0,0.0,0.0,0.0,0.0
2022,9,W (9/1),RB,BUF,Taiwan Jones,@NYJ,7.0,0.0,0.0,0.0,0.0,0.0,0.0,0.0,0.0,0.0,0.0,0.0,0.0,0.0,0.0,0.0,0.0,0.0
2022,9,W (9/1),RB,MIN,Kene Nwangwu,@WAS,11.0,0.0,0.0,0.0,0.0,0.0,0.0,0.0,0.0,0.0,0.0,0.0,0.0,0.0,0.0,0.0,0.0,0.0
2022,9,W (9/1),WR,NE,Raleigh Webb,IND,2.0,0.0,0.0,0.0,0.0,0.0,0.0,0.0,0.0,0.0,0.0,0.0,0.0,0.0,0.0,0.0,0.0,0.0
2022,9,W (9/1),RB,MIN,CJ Ham,@WAS,11.0,0.0,0.0,0.0,0.0,0.0,0.0,0.0,0.0,0.0,0.0,0.0,0.0,0.0,0.0,0.0,0.0,0.0
2022,9,W (9/1),TE,NYJ,Kenny Yeboah,BUF,6.0,0.0,0.0,0.0,0.0,0.0,0.0,0.0,0.0,0.0,0.0,0.0,0.0,0.0,0.0,0.0,0.0,0.0
2022,9,W (9/1),RB,JAC,Snoop Conner,LV,26.0,0.0,0.0,0.0,0.0,0.0,0.0,0.0,0.0,0.0,0.0,0.0,0.0,0.0,0.0,0.0,0.0,0.0
2022,9,W (9/1),TE,CAR,Ian Thomas,@CIN,12.0,0.0,0.0,0.0,0.0,0.0,0.0,0.0,0.0,0.0,0.0,0.0,0.0,0.0,0.0,0.0,0.0,0.0
2022,9,W (9/1),TE,LAC,Richard Rodgers,@ATL,22.0,0.0,0.0,0.0,0.0,0.0,0.0,0.0,0.0,0.0,1.0,0.0,0.0,0.0,0.0,0.0,0.0,0.0
2022,9,W (9/1),RB,WAS,Jonathan Williams,MIN,6.0,0.0,0.0,0.0,0.0,0.0,0.0,0.0,0.0,0.0,0.0,0.0,0.0,0.0,0.0,0.0,0.0,0.0
2022,9,W (9/1),RB,MIA,Alec Ingold,@CHI,29.0,0.0,0.0,0.0,0.0,0.0,0.0,0.0,0.0,0.0,0.0,0.0,0.0,0.0,0.0,0.0,0.0,0.0
2022,9,W (9/1),WR,ARI,Robbie Anderson,SEA,3.0,0.0,0.0,0.0,0.0,0.0,0.0,0.0,0.0,0.0,3.0,1.0,-4.0,0.0,0.0,0.0,0.0,0.0
2022,9,W (9/1),WR,LV,Keelan Cole,@JAC,22.0,0.0,0.0,0.0,0.0,0.0,0.0,0.0,0.0,0.0,0.0,0.0,0.0,0.0,0.0,0.0,0.0,0.0
2022,9,CRB,WR,NYJ,Elijah Moore,BUF,10.0,0.0,0.0,0.0,0.0,0.0,0.0,0.0,0.0,0.0,0.0,0.0,0.0,0.0,0.0,0.0,0.0,0.0
2022,9,W (9/1),TE,BUF,Quintin Morris,@NYJ,15.0,0.0,0.0,0.0,0.0,0.0,0.0,0.0,0.0,0.0,0.0,0.0,0.0,0.0,0.0,0.0,0.0,0.0
2022,9,W (9/1),RB,LAR,Ronnie Rivers,@TB,5.0,0.0,0.0,0.0,0.0,0.0,0.0,0.0,0.0,0.0,0.0,0.0,0.0,0.0,0.0,0.0,0.0,0.0
2022,9,FRR,WR,TEN,Robert Woods,@KC,25.0,0.0,0.0,0.0,0.0,0.0,0.0,0.0,0.0,0.0,2.0,0.0,0.0,0.0,0.0,0.0,0.0,0.0
2022,9,W (9/1),RB,ATL,Keith Smith,LAC,31.0,0.0,0.0,0.0,0.0,0.0,0.0,0.0,0.0,0.0,0.0,0.0,0.0,0.0,0.0,0.0,0.0,0.0
2022,9,W (9/1),TE,IND,Kylen Granson,@NE,24.0,0.0,0.0,0.0,0.0,0.0,1.0,0.0,0.0,0.0,1.0,0.0,0.0,0.0,0.0,0.0,0.0,0.0
2022,9,W (9/1),TE,LAR,Jared Pinkney,@TB,20.0,0.0,0.0,0.0,0.0,0.0,0.0,0.0,0.0,0.0,0.0,0.0,0.0,0.0,0.0,0.0,0.0,0.0
2022,9,W (9/1),QB,MIN,Nick Mullens,@WAS,20.0,1.0,1.0,-3.0,0.0,0.0,0.0,0.0,0.0,0.0,0.0,0.0,0.0,0.0,0.0,0.0,0.0,0.0
2022,9,W (9/1),WR,MIN,KJ Osborn,@WAS,26.0,0.0,0.0,0.0,0.0,0.0,0.0,0.0,0.0,0.0,2.0,0.0,0.0,0.0,0.0,0.0,0.0,0.0
2022,9,MWM,WR,LAR,Van Jefferson,@TB,15.0,0.0,0.0,0.0,0.0,0.0,0.0,0.0,0.0,0.0,5.0,0.0,0.0,0.0,0.0,0.0,0.0,0.0
2022,9,W (9/1),RB,WAS,Alex Armah,MIN,6.0,0.0,0.0,0.0,0.0,0.0,0.0,0.0,0.0,0.0,0.0,0.0,0.0,0.0,0.0,0.0,0.0,0.0
2022,9,W (9/1),WR,DET,Brandon Zylstra,GB,5.0,0.0,0.0,0.0,0.0,0.0,0.0,0.0,0.0,0.0,0.0,0.0,0.0,0.0,0.0,0.0,0.0,0.0
2022,9,W (9/1),WR,TEN,Nick Westbrook-Ikhine,@KC,25.0,0.0,0.0,0.0,0.0,0.0,0.0,0.0,0.0,0.0,1.0,0.0,0.0,0.0,0.0,0.0,0.0,0.0
2022,9,W (9/1),TE,TB,Kyle Rudolph,LAR,5.0,0.0,0.0,0.0,0.0,0.0,0.0,0.0,0.0,0.0,0.0,0.0,0.0,0.0,0.0,0.0,0.0,0.0
2022,9,W (9/1),TE,CIN,Mitchell Wilcox,CAR,13.0,0.0,0.0,0.0,0.0,0.0,0.0,0.0,0.0,0.0,0.0,0.0,0.0,0.0,0.0,0.0,0.0,0.0
2022,9,W (9/1),TE,MIA,Durham Smythe,@CHI,3.0,0.0,0.0,0.0,0.0,0.0,0.0,0.0,0.0,0.0,2.0,0.0,0.0,0.0,0.0,0.0,0.0,0.0
2022,9,W (9/1),WR,MIN,Jalen Reagor,@WAS,26.0,0.0,0.0,0.0,0.0,0.0,0.0,0.0,0.0,0.0,0.0,0.0,0.0,0.0,0.0,0.0,0.0,0.0
2022,9,W (9/1),RB,LAC,Zander Horvath,@ATL,25.0,0.0,0.0,0.0,0.0,0.0,0.0,0.0,0.0,0.0,0.0,0.0,0.0,0.0,0.0,0.0,0.0,0.0
2022,9,W (9/1),RB,NE,Pierre Strong,IND,17.0,0.0,0.0,0.0,0.0,0.0,0.0,0.0,0.0,0.0,0.0,0.0,0.0,0.0,0.0,0.0,0.0,0.0
2022,9,W (9/1),RB,CHI,Trestan Ebner,MIA,13.0,0.0,0.0,0.0,0.0,0.0,0.0,0.0,0.0,0.0,0.0,0.0,0.0,0.0,0.0,0.0,0.0,0.0
2022,9,W (9/1),WR,NE,Nelson Agholor,IND,2.0,0.0,0.0,0.0,0.0,0.0,0.0,0.0,0.0,0.0,0.0,0.0,0.0,0.0,0.0,0.0,0.0,0.0
2022,9,AFL,QB,CAR,PJ Walker,@CIN,6.0,3.0,10.0,9.0,0.0,2.0,1.0,6.0,0.0,0.0,0.0,0.0,0.0,0.0,0.0,0.0,-3.04,-3.04
