Season,Player,NFL,Pos,xFP,ActualPts,xTD,TD,Looks,Diff,In5,EZ
2022,Patrick Mahomes,KC,QB,334,402,2.7,4,59,1.3,3,0
2022,Josh Allen,BUF,QB,334,374,6.4,7,115,0.6,11,0
2022,Jalen Hurts,PHI,QB,314,370,14.5,13,156,1.5,20,0
2022,Tom Brady,TB,QB,312,264,1.5,1,30,0.5,2,0
2022,Justin Herbert,LAC,QB,310,262,1.6,0,54,1.6,1,0
2022,Joe Burrow,CIN,QB,298,339,5.1,5,72,0.1,7,0
2022,Kirk Cousins,MIN,QB,286,279,2.4,2,31,0.4,3,0
2022,Trevor Lawrence,JAC,QB,285,285,5.3,5,58,0.3,6,0
2022,Geno Smith,SEA,QB,268,290,1.1,1,64,0.1,0,0
2022,Justin Fields,CHI,QB,252,296,7.5,8,160,0.5,10,0
2022,Jared Goff,DET,QB,248,275,,,,,,
2022,Daniel Jones,NYG,QB,241,289,5.9,7,120,1.1,7,0
2022,Aaron Rodgers,GB,QB,236,228,,,,,,
2022,Lamar Jackson,BAL,QB,235,236,5,3,112,2,4,0
2022,Russell Wilson,DEN,QB,217,203,1.2,3,48,1.8,2,0
2022,Kyler Murray,ARI,QB,204,201,3.1,3,68,0.1,4,0
2022,Marcus Mariota,ATL,QB,194,197,3.8,4,85,0.2,4,0
2022,Davis Mills,HOU,QB,192,159,1.3,2,31,0.7,1,0
2022,Kenny Pickett,PIT,QB,188,136,3.2,3,52,0.2,5,0
2022,Jacoby Brissett,CLE,QB,185,169,1.6,2,49,0.4,2,0
2022,Dak Prescott,DAL,QB,177,190,1.1,1,40,0.1,0,0
2022,Tua Tagovailoa,MIA,QB,177,231,,,,,,
2022,Mac Jones,NE,QB,172,154,,,,,,
2022,Andy Dalton,NO,QB,150,163,1.1,0,29,1.1,2,0
2022,Jimmy Garoppolo,SF,QB,148,165,2.3,2,24,0.3,4,0
2022,Carson Wentz,WAS,QB,131,113,1.8,1,22,0.8,2,0
2022,Taylor Heinicke,WAS,QB,129,116,1.3,1,28,0.3,1,0
2022,Baker Mayfield,CAR,QB,78,74,,,,,,
2022,Baker Mayfield,LAR,QB,46,42,,,,,,
2022,Zach Wilson,NYJ,QB,118,99,3.1,2,29,1.1,2,1
2022,Mitchell Trubisky,PIT,QB,85,74,2.1,2,19,0.1,3,0
2022,Tyler Huntley,BAL,QB,74,50,2,1,43,1,1,0
2022,Mike White,NYJ,QB,74,57,1.3,1,6,0.3,1,0
2022,Deshaun Watson,CLE,QB,72,68,,,,,,
2022,Sam Darnold,CAR,QB,72,85,1.4,2,20,0.6,2,0
2022,Brock Purdy,SF,QB,67,86,,,,,,
2022,Cooper Rush,DAL,QB,60,57,,,,,,
2022,Jameis Winston,NO,QB,53,44,,,,,,
2022,Desmond Ridder,ATL,QB,43,23,,,,,,
2022,Phillip Walker,CAR,QB,41,39,,,,,,
2022,Brett Rypien,DEN,QB,41,18,,,,,,
2022,Teddy Bridgewater,MIA,QB,37,38,,,,,,
2022,Bailey Zappe,NE,QB,34,40,,,,,,
2022,Malik Willis,TEN,QB,34,19,,,,,,
2022,Kyle Allen,HOU,QB,33,16,,,,,,
2022,Sam Ehlinger,IND,QB,33,21,,,,,,
2022,Gardner Minshew,PHI,QB,33,37,,,,,,
2022,Jarrett Stidham,LV,QB,30,29,,,,,,
2022,Skylar Thompson,MIA,QB,27,11,,,,,,
2022,Trace McSorley,ARI,QB,26,8,,,,,,
2022,John Wolford,LAR,QB,26,15,,,,,,
2022,Bryce Perkins,LAR,QB,22,15,,,,,,
2022,Jeff Driskel,HOU,QB,21,16,,,,,,
2022,Trey Lance,SF,QB,21,12,,,,,,
2022,David Blough,ARI,QB,18,14,,,,,,
2022,Nick Foles,IND,QB,16,2,,,,,,
2022,Joshua Dobbs,TEN,QB,15,10,,,,,,
2022,Trevor Siemian,CHI,QB,15,10,,,,,,
2022,Chris Streveler,NYJ,QB,10,9,,,,,,
2022,Jordan Love,GB,QB,8,12,,,,,,
2022,Nick Mullens,MIN,QB,5,8,,,,,,
2022,Tyrod Taylor,NYG,QB,4,11,,,,,,
2022,Jacob Eason,CAR,QB,4,0,,,,,,
2022,CJ Beathard,JAC,QB,2,-1,,,,,,
2022,Nathan Peterman,CHI,QB,2,-1,,,,,,
2022,Chase Daniel,LAC,QB,1,1,,,,,,
2022,Anthony Brown,BAL,QB,1,0,,,,,,
2022,Brandon Allen,CIN,QB,1,1,,,,,,
2022,Brian Hoyer,NE,QB,0,1,,,,,,
2022,Josh Johnson,SF,QB,0,1,,,,,,
2022,Chad Henne,KC,QB,0,0,,,,,,
2022,Case Keenum,BUF,QB,0,0,,,,,,
2022,Nate Sudfeld,DET,QB,-1,0,,,,,,
2022,Joe Flacco,NYJ,QB,-2,43,,,,,,
2022,Colt McCoy,ARI,QB,-2,33,,,,,,
2022,Austin Ekeler,LAC,RB,335,364,12.9,18,317,5.1,7,3
2022,Christian McCaffrey,CAR,RB,110,118,11,12,338,1,9,3
2022,Christian McCaffrey,SF,RB,199,221,11,12,338,1,9,3
2022,Saquon Barkley,NYG,RB,287,284,8.8,10,372,1.2,14,1
2022,Josh Jacobs,LV,RB,284,321,9.5,12,385,2.5,11,0
2022,Joe Mixon,CIN,RB,255,222,12.2,8,270,4.2,13,5
2022,Rhamondre Stevenson,NE,RB,254,236,7.7,6,288,1.7,7,0
2022,Dalvin Cook,MIN,RB,253,235,10.8,10,308,0.8,15,1
2022,Leonard Fournette,TB,RB,248,225,8,6,272,2,8,0
2022,Derrick Henry,TEN,RB,245,289,9.9,13,359,3.1,15,0
2022,Najee Harris,PIT,RB,232,209,8.6,9,302,0.4,6,1
2022,Aaron Jones,GB,RB,224,241,6.1,7,269,0.9,2,1
2022,Alvin Kamara,NO,RB,214,200,4.8,4,275,0.8,4,2
2022,Travis Etienne,JAC,RB,209,200,9.2,5,256,4.2,10,1
2022,Nick Chubb,CLE,RB,208,258,7.8,12,322,4.2,12,0
2022,Jamaal Williams,DET,RB,207,207,14.1,15,262,0.9,24,0
2022,Antonio Gibson,WAS,RB,200,166,7.8,5,211,2.8,8,2
2022,James Conner,ARI,RB,196,200,5.1,8,241,2.9,6,0
2022,Tony Pollard,DAL,RB,185,247,5.9,12,239,6.1,6,0
2022,Dameon Pierce,HOU,RB,185,166,6.2,5,260,1.2,7,0
2022,Miles Sanders,PHI,RB,185,213,7,11,273,4,10,0
2022,Devin Singletary,BUF,RB,181,176,6.2,6,224,0.2,6,0
2022,Ezekiel Elliott,DAL,RB,181,185,9.7,12,244,2.3,16,0
2022,Jonathan Taylor,IND,RB,174,146,5.9,4,232,1.9,8,0
2022,Jerick McKinnon,KC,RB,174,188,7.2,9,138,1.8,5,1
2022,Ken Walker,SEA,RB,169,189,5.8,9,233,3.2,5,0
2022,AJ Dillon,GB,RB,169,164,6.5,7,217,0.5,9,0
2022,D'Andre Swift,DET,RB,169,176,6.5,8,156,1.5,4,2
2022,David Montgomery,CHI,RB,169,176,4.8,6,234,1.2,3,0
2022,Raheem Mostert,MIA,RB,157,160,4.9,5,209,0.1,3,1
2022,Rachaad White,TB,RB,157,138,3.6,3,183,0.6,3,0
2022,Jeff Wilson,MIA,RB,72,75,6.3,6,193,0.3,8,0
2022,Jeff Wilson,SF,RB,78,74,6.3,6,193,0.3,8,0
2022,Michael Carter,NYJ,RB,143,124,4.4,3,161,1.4,3,1
2022,Kareem Hunt,CLE,RB,137,121,5,4,159,1,4,1
2022,Brian Robinson,WAS,RB,134,113,5.4,3,217,2.4,5,0
2022,Cam Akers,LAR,RB,132,126,6.4,7,182,0.6,8,1
2022,Tyler Allgeier,ATL,RB,132,146,5.2,4,203,1.2,6,0
2022,Latavius Murray,DEN,RB,120,122,3.3,5,190,1.7,4,0
2022,Latavius Murray,NO,RB,10,14,3.3,5,190,1.7,4,0
2022,Cordarrelle Patterson,ATL,RB,128,145,5,7,167,2,4,1
2022,Samaje Perine,CIN,RB,125,139,3.4,6,139,2.6,0,0
2022,Isiah Pacheco,KC,RB,120,123,4.6,4,176,0.6,6,0
2022,D'Onta Foreman,CAR,RB,120,124,5.3,5,200,0.3,7,0
2022,Breece Hall,NYJ,RB,111,115,4.4,5,114,0.6,4,1
2022,Melvin Gordon,DEN,RB,110,87,4.2,2,122,2.2,6,0
2022,Eno Benjamin,ARI,RB,92,86,2.4,2,109,0.4,1,0
2022,Eno Benjamin,HOU,RB,1,0,2.4,2,109,0.4,1,0
2022,Eno Benjamin,NO,RB,3,3,2.4,2,109,0.4,1,0
2022,Rex Burkhead,HOU,RB,96,76,2.8,1,75,1.8,2,2
2022,James Cook,BUF,RB,93,99,2.4,3,110,0.6,0,2
2022,James Robinson,JAC,RB,72,72,4,5,124,1,4,1
2022,James Robinson,NYJ,RB,19,17,4,5,124,1,4,1
2022,Clyde Edwards-Helaire,KC,RB,91,98,4.6,6,94,1.4,4,1
2022,Khalil Herbert,CHI,RB,85,112,3.7,5,129,1.3,6,0
2022,Kenyan Drake,BAL,RB,84,88,3,4,114,1,2,1
2022,Damien Harris,NE,RB,83,85,3,3,112,0,2,0
2022,Kenneth Gainwell,PHI,RB,82,83,3.8,4,76,0.2,6,0
2022,Nyheim Hines,BUF,RB,22,16,2.7,2,61,0.7,1,0
2022,Nyheim Hines,IND,RB,59,53,2.7,2,61,0.7,1,0
2022,Jaylen Warren,PIT,RB,80,86,1.7,1,101,0.7,1,0
2022,Deon Jackson,IND,RB,76,68,1.8,2,87,0.2,1,0
2022,JD McKissic,WAS,RB,75,56,1.6,0,61,1.6,0,2
2022,Darrell Henderson,LAR,RB,74,74,2,3,93,1,3,0
2022,Chase Edmonds,DEN,RB,18,20,2.4,3,83,0.6,2,1
2022,Chase Edmonds,MIA,RB,56,50,2.4,3,83,0.6,2,1
2022,Joshua Kelley,LAC,RB,73,61,2.7,2,84,0.7,3,0
2022,Alexander Mattison,MIN,RB,68,69,2.3,4,81,1.7,1,0
2022,JK Dobbins,BAL,RB,67,81,3,3,100,0,4,0
2022,JaMycal Hasty,JAC,RB,66,70,2.1,3,68,0.9,2,0
2022,Zonovan Knight,NYJ,RB,64,57,2,1,87,1,3,0
2022,Chuba Hubbard,CAR,RB,63,81,1.3,2,90,0.7,1,0
2022,Javonte Williams,DEN,RB,62,42,2.1,0,69,2.1,1,1
2022,Zack Moss,BUF,RB,18,17,1.6,0,84,1.6,2,0
2022,Zack Moss,IND,RB,38,27,1.6,0,84,1.6,2,0
2022,Dontrell Hilliard,TEN,RB,55,77,1.4,4,48,2.6,0,1
2022,Ameer Abdullah,LV,RB,55,52,1.5,1,34,0.5,0,2
2022,Matt Breida,NYG,RB,52,49,1.4,1,67,0.4,1,0
2022,Justin Jackson,DET,RB,51,49,1.6,2,58,0.4,1,0
2022,Gus Edwards,BAL,RB,49,58,2.2,3,85,0.8,2,0
2022,Dare Ogunbowale,HOU,RB,48,40,1.3,1,51,0.3,2,0
2022,DeeJay Dallas,SEA,RB,46,43,,,,,,
2022,Caleb Huntley,ATL,RB,44,45,1.8,1,78,0.8,1,0
2022,Kyle Juszczyk,SF,RB,43,50,1.8,2,28,0.2,2,0
2022,Sony Michel,LAC,RB,42,25,1.1,0,50,1.1,2,0
2022,Ty Johnson,NYJ,RB,41,38,,,,,,
2022,Boston Scott,PHI,RB,39,35,1.6,2,52,0.4,2,0
2022,Alec Ingold,MIA,RB,39,38,1.3,2,28,0.7,2,0
2022,Justice Hill,BAL,RB,39,39,,,,,,
2022,Travis Homer,SEA,RB,36,43,,,,,,
2022,Raheem Blackshear,CAR,RB,36,43,1.5,3,34,1.5,2,0
2022,Mike Boone,DEN,RB,35,29,,,,,,
2022,Rashaad Penny,SEA,RB,33,52,,,,,,
2022,Kyren Williams,LAR,RB,33,31,,,,,,
2022,Elijah Mitchell,SF,RB,33,26,1.9,0,44,1.9,2,0
2022,Avery Williams,ATL,RB,32,33,,,,,,
2022,Craig Reynolds,DET,RB,31,31,,,,,,
2022,Royce Freeman,HOU,RB,29,18,,,,,,
2022,Malik Davis,DAL,RB,27,33,,,,,,
2022,Hassan Haskins,TEN,RB,27,22,,,,,,
2022,Brandon Bolden,LV,RB,27,27,1.1,1,26,0.1,1,0
2022,Darrel Williams,ARI,RB,27,21,1.1,1,29,0.1,1,0
2022,Malcolm Brown,LAR,RB,26,23,1.6,1,24,0.6,2,0
2022,Trestan Ebner,CHI,RB,24,6,0.9,0,30,0.9,1,0
2022,Marlon Mack,DEN,RB,23,38,,,,,,
2022,Marlon Mack,SF,RB,0,0,,,,,,
2022,Keaontay Ingram,ARI,RB,23,16,1.5,1,26,0.5,2,0
2022,Patrick Ricard,BAL,RB,23,20,,,,,,
2022,Jonathan Williams,WAS,RB,22,20,,,,,,
2022,CJ Ham,MIN,RB,22,23,1.5,2,12,0.5,2,0
2022,Gary Brightwell,NYG,RB,20,22,,,,,,
2022,Jordan Wilkins,IND,RB,20,15,,,,,,
2022,Zander Horvath,LAC,RB,20,19,1.2,2,12,0.8,1,2
2022,Tyrion Davis-Price,SF,RB,19,7,1.1,0,28,1.1,1,0
2022,Phillip Lindsay,IND,RB,17,15,,,,,,
2022,Pierre Strong,NE,RB,17,27,,,,,,
2022,Reggie Gilliam,BUF,RB,17,21,,,,,,
2022,Jordan Mason,SF,RB,17,29,,,,,,
2022,Chris Myarick,NYG,RB,16,20,,,,,,
2022,Benny Snell,PIT,RB,15,19,,,,,,
2022,Tevin Coleman,SF,RB,15,22,1,2,15,1,1,0
2022,Myles Gaskin,MIA,RB,15,9,,,,,,
2022,Tony Jones,NO,RB,4,4,,,,,,
2022,Tony Jones,SEA,RB,11,6,,,,,,
2022,Derek Watt,PIT,RB,14,14,,,,,,
2022,Troy Hairston,HOU,RB,13,7,,,,,,
2022,Ronnie Rivers,LAR,RB,12,10,,,,,,
2022,Spencer Brown,CAR,RB,12,7,,,,,,
2022,Isaiah Spiller,LAC,RB,12,8,,,,,,
2022,Mike Davis,BAL,RB,11,4,1.1,0,10,1.1,2,0
2022,Julius Chestnut,TEN,RB,9,8,,,,,,
2022,Kevin Harris,NE,RB,9,11,,,,,,
2022,Darrynton Evans,CHI,RB,8,11,,,,,,
2022,JJ Taylor,NE,RB,8,3,,,,,,
2022,David Johnson,NO,RB,8,4,,,,,,
2022,Zamir White,LV,RB,8,7,,,,,,
2022,Demetric Felton,CLE,RB,8,2,,,,,,
2022,Corey Clement,ARI,RB,8,8,,,,,,
2022,Chris Evans,CIN,RB,8,13,,,,,,
2022,Ke'Shawn Vaughn,TB,RB,7,5,,,,,,
2022,Jakob Johnson,LV,RB,7,5,,,,,,
2022,Patrick Taylor,GB,RB,7,6,,,,,,
2022,Trayveon Williams,CIN,RB,7,8,,,,,,
2022,Jason Cabinda,DET,RB,7,2,,,,,,
2022,Dwayne Washington,NO,RB,7,6,,,,,,
2022,Snoop Conner,JAC,RB,7,10,,,,,,
2022,D'Ernest Johnson,CLE,RB,7,5,,,,,,
2022,Salvon Ahmed,MIA,RB,6,14,,,,,,
2022,Michael Burton,KC,RB,6,4,,,,,,
2022,Anthony McFarland,PIT,RB,6,6,,,,,,
2022,Keith Smith,ATL,RB,6,2,,,,,,
2022,Larry Rountree,LAC,RB,6,4,,,,,,
2022,Adam Prentice,NO,RB,6,5,,,,,,
2022,Ronald Jones,KC,RB,5,6,,,,,,
2022,Kene Nwangwu,MIN,RB,4,8,,,,,,
2022,Jerome Ford,CLE,RB,4,1,,,,,,
2022,Justin Jefferson,MIN,WR,315,361,10.8,9,180,1.8,1,13
2022,Davante Adams,LV,WR,293,323,8.2,14,172,5.8,0,12
2022,Tyreek Hill,MIA,WR,292,343,6.1,8,172,1.9,1,5
2022,Stefon Diggs,BUF,WR,260,293,8.9,10,143,1.1,0,12
2022,DK Metcalf,SEA,WR,258,220,10.6,6,134,4.6,0,23
2022,CeeDee Lamb,DAL,WR,250,285,5.3,8,158,2.7,0,5
2022,Amari Cooper,CLE,WR,236,239,8.6,9,128,0.4,0,15
2022,Garrett Wilson,NYJ,WR,236,198,7.9,4,135,3.9,0,13
2022,Mike Evans,TB,WR,233,225,6.9,6,129,0.9,0,10
2022,Amon-Ra St Brown,DET,WR,232,257,5.8,6,145,0.2,0,4
2022,AJ Brown,PHI,WR,224,286,6.1,11,133,4.9,0,11
2022,Chris Godwin,TB,WR,223,213,4.2,3,139,1.2,0,4
2022,Diontae Johnson,PIT,WR,220,173,5.5,0,139,5.5,0,9
2022,Ja'Marr Chase,CIN,WR,219,220,7.9,8,126,0.1,0,11
2022,Michael Pittman,IND,WR,216,205,3.6,3,139,0.6,0,6
2022,Christian Kirk,JAC,WR,210,220,6.3,7,129,0.7,0,7
2022,DeVonta Smith,PHI,WR,208,241,4.7,7,127,2.3,0,6
2022,Zay Jones,JAC,WR,206,192,6.9,5,120,1.9,0,11
2022,Terry McLaurin,WAS,WR,196,213,4.5,4,121,0.5,0,6
2022,DJ Moore,CAR,WR,196,197,5.4,7,121,1.6,0,9
2022,Jaylen Waddle,MIA,WR,195,249,3.8,8,114,4.2,0,5
2022,Drake London,ATL,WR,191,161,5.8,4,109,1.8,0,8
2022,Tyler Lockett,SEA,WR,185,222,4.7,8,109,3.3,0,8
2022,Courtland Sutton,DEN,WR,184,147,5.9,1,103,4.9,0,11
2022,Adam Thielen,MIN,WR,182,171,5.1,5,106,0.1,0,6
2022,Deebo Samuel,SF,WR,181,164,4.9,5,130,0.1,1,4
2022,Brandon Aiyuk,SF,WR,181,218,3.7,8,111,4.3,0,3
2022,Chris Olave,NO,WR,177,183,3.6,3,108,0.6,0,4
2022,Allen Lazard,GB,WR,176,161,6.3,5,95,1.3,0,12
2022,Marquise Brown,ARI,WR,175,154,4,3,105,1,0,5
2022,Curtis Samuel,WAS,WR,174,176,4.5,5,128,0.5,0,2
2022,Cooper Kupp,LAR,WR,172,201,4.2,7,107,2.8,0,6
2022,Mack Hollins,LV,WR,168,151,5.2,4,95,1.2,0,9
2022,Jerry Jeudy,DEN,WR,167,180,5,6,95,1,0,9
2022,Josh Palmer,LAC,WR,167,159,4.3,3,104,1.3,0,4
2022,Tee Higgins,CIN,WR,165,219,4.2,7,102,2.8,0,5
2022,JuJu Smith-Schuster,KC,WR,165,180,3.4,3,101,0.4,0,4
2022,Donovan Peoples-Jones,CLE,WR,161,161,5,3,93,2,0,8
2022,Mike Williams,LAC,WR,157,169,4.8,4,88,0.8,0,8
2022,Gabriel Davis,BUF,WR,157,165,5.5,7,83,1.5,0,9
2022,Jakobi Meyers,NE,WR,146,168,2.8,5,89,2.2,0,3
2022,Brandin Cooks,HOU,WR,146,124,3.3,2,91,1.3,0,5
2022,KJ Osborn,MIN,WR,142,139,3.9,5,87,1.1,0,6
2022,George Pickens,PIT,WR,139,150,4.3,4,81,0.3,1,5
2022,Parris Campbell,IND,WR,135,136,2.4,3,88,0.6,0,2
2022,Keenan Allen,LAC,WR,134,134,3.7,2,80,1.7,0,7
2022,Marquez Valdes-Scantling,KC,WR,132,117,3.7,2,75,1.7,0,5
2022,Chase Claypool,CHI,WR,39,22,3.2,1,83,2.2,1,4
2022,Chase Claypool,PIT,WR,91,79,3.2,1,83,2.2,1,4
2022,Tyler Boyd,CIN,WR,128,157,3.5,5,76,1.5,0,4
2022,Marvin Jones,JAC,WR,126,112,3.4,3,74,0.4,0,6
2022,Christian Watson,GB,WR,125,148,5,9,65,4,0,7
2022,Robert Woods,TEN,WR,125,108,2.6,2,83,0.6,0,4
2022,Michael Gallup,DAL,WR,124,103,4.6,4,67,0.6,0,9
2022,Isaiah McKenzie,BUF,WR,122,116,4.4,5,72,0.6,0,4
2022,Alec Pierce,IND,WR,120,105,2.5,2,73,0.5,0,3
2022,Chris Moore,HOU,WR,120,111,3,2,71,1,0,4
2022,Russell Gage,TB,WR,120,113,4.2,4,67,0.2,0,7
2022,Noah Brown,DAL,WR,118,113,3.4,3,68,0.4,0,5
2022,Demarcus Robinson,BAL,WR,114,99,3.1,2,67,1.1,0,7
2022,Darius Slayton,NYG,WR,113,128,1.7,2,71,0.3,0,2
2022,Richie James,NYG,WR,110,133,1.9,4,71,2.1,0,1
2022,Nico Collins,HOU,WR,110,97,3.2,2,64,1.2,0,5
2022,DeAndre Carter,LAC,WR,110,107,3.2,3,63,0.2,0,5
2022,Jahan Dotson,WAS,WR,110,120,3.8,7,60,3.2,0,8
2022,Romeo Doubs,GB,WR,109,102,2.3,3,67,0.7,0,2
2022,Josh Reynolds,DET,WR,108,101,5.1,3,55,2.1,0,10
2022,Darnell Mooney,CHI,WR,108,102,3.4,2,62,1.4,0,7
2022,Corey Davis,NYJ,WR,107,95,2.9,2,60,0.9,0,5
2022,Greg Dortch,ARI,WR,106,105,2.5,2,66,0.5,1,1
2022,Elijah Moore,NYJ,WR,105,86,2.5,1,67,1.5,0,2
2022,Devin Duvernay,BAL,WR,102,116,3.9,4,61,0.1,0,7
2022,Kalif Raymond,DET,WR,101,106,2,0,64,2,0,2
2022,Rondale Moore,ARI,WR,95,88,1.8,1,62,0.8,0,2
2022,Ben Skowronek,LAR,WR,92,84,1.1,1,62,0.1,0,1
2022,Trent Sherfield,MIA,WR,90,84,2.4,2,52,0.4,0,2
2022,Olamide Zaccheaus,ATL,WR,90,96,1.3,2,56,0.7,0,0
2022,Jauan Jennings,SF,WR,90,81,2,1,55,1,0,3
2022,Treylon Burks,TEN,WR,89,88,2.3,1,52,1.3,0,4
2022,Julio Jones,TB,WR,89,70,3.2,2,49,1.2,0,4
2022,Nick Westbrook-Ikhine,TEN,WR,88,83,2.8,3,50,0.2,0,3
2022,DJ Chark,DET,WR,88,94,2.6,3,48,0.4,0,4
2022,Nelson Agholor,NE,WR,85,75,1.5,2,52,0.5,0,1
2022,Tyquan Thornton,NE,WR,84,64,3.4,3,45,0.4,0,4
2022,Isaiah Hodgins,BUF,WR,9,8,2.2,4,47,1.8,0,3
2022,Isaiah Hodgins,NYG,WR,73,92,2.2,4,47,1.8,0,3
2022,Quez Watkins,PHI,WR,83,81,2.2,3,49,0.8,0,2
2022,Randall Cobb,GB,WR,83,79,2.3,1,48,1.3,0,5
2022,Terrace Marshall,CAR,WR,81,79,3,1,43,2,0,6
2022,Kendrick Bourne,NE,WR,77,80,1.6,1,49,0.6,0,2
2022,DeVante Parker,NE,WR,76,77,2.7,1,41,1.7,0,4
2022,AJ Green,ARI,WR,73,44,3,1,40,2,0,6
2022,Robbie Anderson,ARI,WR,31,15,1.3,1,44,0.3,0,2
2022,Robbie Anderson,CAR,WR,40,38,1.3,1,44,0.3,0,2
2022,Van Jefferson,LAR,WR,70,70,1.8,3,37,1.2,0,3
2022,Mecole Hardman,KC,WR,69,94,2.9,6,38,3.1,1,2
2022,Scotty Miller,TB,WR,67,41,1.7,0,39,1.7,0,2
2022,Phillip Dorsett,HOU,WR,66,52,1.4,1,40,0.4,0,1
2022,Equanimeous St Brown,CHI,WR,65,63,1.4,1,43,0.4,0,2
2022,Dante Pettis,CHI,WR,65,61,2.2,3,39,0.8,0,5
2022,Hunter Renfrow,LV,WR,65,60,,,,,,
2022,Tutu Atwell,LAR,WR,65,51,1.8,1,40,0.8,0,2
2022,Braxton Berrios,NYJ,WR,64,58,1.6,2,41,0.4,0,1
2022,Shi Smith,CAR,WR,64,62,1.6,2,40,0.4,0,2
2022,Jamal Agnew,JAC,WR,63,69,2.1,3,41,0.9,0,2
2022,Justin Watson,KC,WR,62,51,2.4,2,32,0.4,0,6
2022,Brandon Powell,LAR,WR,58,45,1.5,0,44,1.5,0,0
2022,Marquez Callaway,NO,WR,58,38,2,1,31,1,0,4
2022,Skyy Moore,KC,WR,57,43,0.9,0,36,0.9,0,1
2022,Laviska Shenault,CAR,WR,55,71,,,,,,
2022,Kendall Hinton,DEN,WR,53,56,1,0,36,1,0,1
2022,Rashid Shaheed,NO,WR,52,93,,,,,,
2022,Rashod Bateman,BAL,WR,48,54,0.9,2,28,1.1,0,1
2022,David Bell,CLE,WR,47,45,,,,,,
2022,Ray-Ray McCloud,SF,WR,46,58,1.4,2,28,0.6,0,2
2022,Tre'Quan Smith,NO,WR,46,51,1.2,1,26,0.2,0,1
2022,Wan'Dale Robinson,NYG,WR,45,52,,,,,,
2022,Steven Sims,PIT,WR,44,30,,,,,,
2022,Sammy Watkins,BAL,WR,2,5,1.3,0,23,1.3,0,2
2022,Sammy Watkins,GB,WR,42,34,1.3,0,23,1.3,0,2
2022,Trenton Irwin,CIN,WR,43,61,2.1,4,22,1.9,0,4
2022,Ashton Dulin,IND,WR,43,43,1.5,1,24,0.5,0,2
2022,Michael Thomas,NO,WR,40,51,1.4,3,22,1.6,0,3
2022,Michael Thomas,CIN,WR,17,8,1.4,3,22,1.6,0,3
2022,Denzel Mims,NYJ,WR,39,30,,,,,,
2022,Keelan Cole,LV,WR,39,29,1.6,1,19,0.6,0,4
2022,Damiere Byrd,ATL,WR,38,51,,,,,,
2022,Kadarius Toney,KC,WR,29,41,,,,,,
2022,Kadarius Toney,NYG,WR,6,4,,,,,,
2022,Amari Rodgers,GB,WR,14,5,,,,,,
2022,Amari Rodgers,HOU,WR,20,29,,,,,,
2022,KJ Hamler,DEN,WR,34,26,0.9,0,18,0.9,0,1
2022,Sterling Shepard,NYG,WR,34,34,,,,,,
2022,KhaDarel Hodge,ATL,WR,34,41,,,,,,
2022,Breshad Perriman,TB,WR,33,21,1,1,19,0,0,3
2022,DeSean Jackson,BAL,WR,31,24,,,,,,
2022,Zach Pascal,PHI,WR,31,36,,,,,,
2022,Cedrick Wilson,MIA,WR,30,26,,,,,,
2022,Byron Pringle,CHI,WR,30,34,1.2,2,15,0.8,0,2
2022,Cam Sims,WAS,WR,28,17,,,,,,
2022,River Cracraft,MIA,WR,27,30,1.3,2,13,0.7,0,3
2022,Brandon Johnson,DEN,WR,26,16,1.2,1,14,0.2,0,3
2022,David Sills V,NYG,WR,25,22,,,,,,
2022,Dyami Brown,WAS,WR,25,33,,,,,,
2022,Michael Bandy,LAC,WR,25,19,,,,,,
2022,Tom Kennedy,DET,WR,25,22,,,,,,
2022,Velus Jones,CHI,WR,25,20,,,,,,
2022,Marcus Johnson,NYG,WR,25,12,0.9,0,15,0.9,0,2
2022,Mike Strachan,IND,WR,25,9,1.8,0,9,1.8,0,4
2022,Khalil Shakir,BUF,WR,24,30,,,,,,
2022,Montrell Washington,DEN,WR,24,5,,,,,,
2022,Jalen Reagor,MIN,WR,23,23,,,,,,
2022,D'Wayne Eskridge,SEA,WR,23,14,,,,,,
2022,James Proche,BAL,WR,23,12,,,,,,
2022,Samori Toure,GB,WR,20,19,,,,,,
2022,Trent Taylor,CIN,WR,20,12,,,,,,
2022,Anthony Schwartz,CLE,WR,19,19,,,,,,
2022,Kyle Philips,TEN,WR,19,12,,,,,,
2022,Jamison Crowder,BUF,WR,18,12,,,,,,
2022,Jeff Smith,NYJ,WR,17,21,,,,,,
2022,Gunner Olszewski,PIT,WR,17,12,,,,,,
2022,Michael Woods,CLE,WR,17,7,,,,,,
2022,Jameson Williams,DET,WR,16,15,,,,,,
2022,Tyrie Cleveland,DEN,WR,16,5,,,,,,
2022,Racey McMath,TEN,WR,16,6,,,,,,
2022,Kenny Golladay,NYG,WR,15,9,,,,,,
2022,Danny Gray,SF,WR,14,3,,,,,,
2022,N'Keal Harry,CHI,WR,14,23,,,,,,
2022,Andre Baccellia,ARI,WR,13,10,,,,,,
2022,Bryan Edwards,ATL,WR,13,5,0.9,0,5,0.9,0,1
2022,Dax Milne,WAS,WR,13,16,,,,,,
2022,Laquon Treadwell,SEA,WR,13,10,,,,,,
2022,Jalen Nailor,MIN,WR,12,23,,,,,,
2022,Dezmon Patmon,IND,WR,12,4,,,,,,
2022,Chris Conley,HOU,WR,3,0,,,,,,
2022,Chris Conley,TEN,WR,8,9,,,,,,
2022,Andy Isabella,ARI,WR,9,4,,,,,,
2022,Andy Isabella,BAL,WR,1,0,,,,,,
2022,Jake Kumerow,BUF,WR,10,10,,,,,,
2022,TY Hilton,DAL,WR,10,15,,,,,,
2022,Dennis Houston,DAL,WR,10,4,,,,,,
2022,Kevin White,NO,WR,10,9,,,,,,
2022,Cole Beasley,BUF,WR,3,4,,,,,,
2022,Cole Beasley,TB,WR,7,6,,,,,,
2022,Jalen Guyton,LAC,WR,10,8,,,,,,
2022,Cody Hollister,TEN,WR,9,8,,,,,,
2022,Ty Montgomery,NE,WR,9,10,,,,,,
2022,Tylan Wallace,BAL,WR,8,5,,,,,,
2022,Jalen Virgil,DEN,WR,8,14,,,,,,
2022,Lance McCutcheon,LAR,WR,7,0,,,,,,
2022,Simi Fehoko,DAL,WR,7,5,,,,,,
2022,Juwann Winfree,GB,WR,6,3,,,,,,
2022,Keith Kirkwood,NO,WR,6,4,,,,,,
2022,KaVontae Turpin,DAL,WR,6,2,,,,,,
2022,Penny Hart,SEA,WR,6,5,,,,,,
2022,Tim Jones,JAC,WR,6,6,,,,,,
2022,DJ Turner,LV,WR,6,3,,,,,,
2022,Lil'Jordan Humphrey,NE,WR,6,4,,,,,,
2022,Jason Moore,LAC,WR,5,2,,,,,,
2022,Ihmir Smith-Marsette,CHI,WR,5,0,,,,,,
2022,Ihmir Smith-Marsette,KC,WR,0,0,,,,,,
2022,Jalen Tolbert,DAL,WR,5,3,,,,,,
2022,Freddie Swain,DEN,WR,5,4,,,,,,
2022,Travis Kelce,KC,TE,276,307,10,12,151,2,1,11
2022,TJ Hockenson,DET,TE,75,86,6.6,6,129,0.6,0,9
2022,TJ Hockenson,MIN,TE,151,127,6.6,6,129,0.6,0,9
2022,Mark Andrews,BAL,TE,207,191,6.3,5,116,1.3,0,8
2022,Tyler Higbee,LAR,TE,169,145,4.7,3,101,1.7,0,6
2022,Evan Engram,JAC,TE,164,170,4.4,4,96,0.4,0,7
2022,Pat Freiermuth,PIT,TE,163,148,3.7,2,96,1.7,0,4
2022,Dalton Schultz,DAL,TE,152,135,5.7,5,80,0.7,0,7
2022,Gerald Everett,LAC,TE,145,130,4.8,3,82,1.8,0,6
2022,George Kittle,SF,TE,140,182,4.8,9,80,4.2,0,8
2022,Tyler Conklin,NYJ,TE,140,128,3.2,3,87,0.2,1,4
2022,David Njoku,CLE,TE,136,128,4.6,3,76,1.6,0,5
2022,Cade Otton,TB,TE,118,92,4.4,2,65,2.4,0,4
2022,Juwan Johnson,NO,TE,116,132,3.9,7,64,3.1,0,6
2022,Dawson Knox,BUF,TE,114,126,3.7,5,64,1.3,0,6
2022,Cole Kmet,CHI,TE,112,132,2.9,6,68,3.1,0,6
2022,Noah Fant,SEA,TE,111,117,3.9,4,60,0.1,0,6
2022,Kyle Pitts,ATL,TE,107,76,2.9,2,58,0.9,0,4
2022,Hayden Hurst,CIN,TE,103,100,2.3,2,63,0.3,0,1
2022,Robert Tonyan,GB,TE,103,106,2.5,2,62,0.5,0,3
2022,Dallas Goedert,PHI,TE,101,131,2,3,61,1,0,1
2022,Logan Thomas,WAS,TE,101,74,3.3,1,58,2.3,0,2
2022,Foster Moreau,LV,TE,97,83,3.1,2,54,1.1,0,5
2022,Mike Gesicki,MIA,TE,97,90,4.4,5,48,0.6,0,8
2022,Austin Hooper,TEN,TE,93,90,2.3,2,57,0.3,0,3
2022,Greg Dulcich,DEN,TE,90,86,1.7,2,54,0.3,0,3
2022,Darren Waller,LV,TE,88,79,4.4,3,38,1.4,0,5
2022,Taysom Hill,NO,TE,87,142,3.9,9,102,5.1,3,1
2022,Hunter Henry,NE,TE,86,94,1.9,2,52,0.1,0,1
2022,Isaiah Likely,BAL,TE,83,73,3,3,47,0,0,5
2022,Jordan Akins,HOU,TE,77,92,2.4,3,46,0.6,0,2
2022,Chigoziem Okonkwo,TEN,TE,73,84,1.9,2,44,0.1,0,2
2022,Harrison Bryant,CLE,TE,70,58,2.3,1,39,1.3,0,3
2022,Tommy Tremble,CAR,TE,68,51,3.8,3,31,0.8,0,5
2022,Jelani Woods,IND,TE,64,72,1.8,3,36,1.2,0,3
2022,Will Dissly,SEA,TE,63,87,1.4,3,38,1.6,0,1
2022,Kylen Granson,IND,TE,61,61,,,,,,
2022,Noah Gray,KC,TE,61,68,1.9,2,35,0.1,1,2
2022,Jonnu Smith,NE,TE,59,52,1,0,39,1,0,1
2022,Trey McBride,ARI,TE,57,54,,,,,,
2022,Daniel Bellinger,NYG,TE,56,75,1.4,3,36,1.6,1,1
2022,Irv Smith,MIN,TE,56,51,1.7,2,32,0.3,0,2
2022,Colby Parkinson,SEA,TE,55,63,1.9,2,31,0.1,0,2
2022,Mo Alie-Cox,IND,TE,50,47,1.7,2,28,0.3,0,2
2022,Josh Oliver,BAL,TE,50,41,2.3,2,24,0.3,0,3
2022,Eric Saubert,DEN,TE,46,36,1.7,1,24,0.7,0,3
2022,OJ Howard,HOU,TE,44,37,1.6,2,23,0.4,0,2
2022,Brock Wright,DET,TE,44,64,1.7,4,24,2.3,0,1
2022,CJ Uzomah,NYJ,TE,43,56,,,,,,
2022,Ian Thomas,CAR,TE,42,41,,,,,,
2022,Brevin Jordan,HOU,TE,42,27,,,,,,
2022,John Bates,WAS,TE,39,31,1.2,1,22,0.2,0,2
2022,Zach Gentry,PIT,TE,39,29,1.2,0,22,1.2,0,1
2022,Jody Fortson,KC,TE,34,30,2.5,2,13,0.5,0,4
2022,Shane Zylstra,DET,TE,34,41,2.1,4,15,1.9,0,4
2022,Jake Ferguson,DAL,TE,34,47,,,,,,
2022,Peyton Hendershot,DAL,TE,34,40,1.4,3,18,1.6,1,2
2022,Johnny Mundt,MIN,TE,33,39,,,,,,
2022,Adam Trautman,NO,TE,33,42,,,,,,
2022,Pharaoh Brown,CLE,TE,18,10,,,,,,
2022,Pharaoh Brown,HOU,TE,15,14,,,,,,
2022,Durham Smythe,MIA,TE,31,33,1.2,2,18,0.8,1,1
2022,MyCole Pruitt,ATL,TE,30,43,1.5,3,15,1.5,0,2
2022,Tre' McKitty,LAC,TE,30,17,1.2,0,17,1.2,0,2
2022,Albert Okwuegbunam,DEN,TE,29,26,0.9,1,17,0.1,0,1
2022,Geoff Swaim,TEN,TE,28,22,1.1,1,15,0.1,0,1
2022,Mitchell Wilcox,CIN,TE,27,37,,,,,,
2022,Eric Tomlinson,DEN,TE,26,22,1.5,1,12,0.5,0,3
2022,Teagan Quitoriano,HOU,TE,25,19,1.7,2,10,0.3,0,3
2022,Jack Stoll,PHI,TE,25,23,,,,,,
2022,Anthony Firkser,ATL,TE,22,17,,,,,,
2022,Tanner Hudson,NYG,TE,22,23,,,,,,
2022,Josiah Deguara,GB,TE,22,24,,,,,,
2022,Donald Parham,LAC,TE,21,24,1,1,10,0,0,2
2022,Quintin Morris,BUF,TE,20,20,1.2,1,11,0.2,0,2
2022,Connor Heyward,PIT,TE,20,28,,,,,,
2022,Marcedes Lewis,GB,TE,18,27,1.2,2,7,0.8,0,2
2022,James Mitchell,DET,TE,17,27,,,,,,
2022,Ko Kieft,TB,TE,17,21,,,,,,
2022,Dan Arnold,JAC,TE,17,23,,,,,,
2022,Parker Hesse,ATL,TE,16,16,,,,,,
2022,Grant Calcaterra,PHI,TE,16,13,,,,,,
2022,Andrew Beck,DEN,TE,16,12,,,,,,
2022,Brycen Hopkins,LAR,TE,16,18,,,,,,
2022,Cole Turner,WAS,TE,15,4,,,,,,
2022,Lawrence Cager,NYG,TE,13,16,,,,,,
2022,Lawrence Cager,NYJ,TE,2,0,,,,,,
2022,Giovanni Ricci,CAR,TE,13,18,,,,,,
2022,Ryan Griffin,CHI,TE,13,7,,,,,,
2022,Stephen Anderson,ARI,TE,12,4,,,,,,
2022,Tyler Kroft,SF,TE,12,10,,,,,,
2022,Chris Manhertz,JAC,TE,12,10,,,,,,
2022,Kyle Rudolph,TB,TE,10,4,,,,,,
2022,Stephen Sullivan,CAR,TE,9,7,,,,,,
2022,Armani Rogers,WAS,TE,9,14,,,,,,
2022,Tyler Davis,GB,TE,9,7,,,,,,
2022,Ross Dwelley,SF,TE,8,20,,,,,,
2022,Stone Smartt,LAC,TE,7,6,,,,,,
2022,Devin Asiasi,CIN,TE,7,3,,,,,,
2022,Nick Vannett,NO,TE,3,3,,,,,,
2022,Nick Vannett,NYG,TE,4,4,,,,,,
2022,Jesper Horsted,LV,TE,6,5,,,,,,
2022,Trevon Wesco,CHI,TE,5,7,,,,,,
2022,Feleipe Franks,ATL,TE,5,0,,,,,,
2022,Ben Ellefson,MIN,TE,4,6,,,,,,
2022,Maxx Williams,ARI,TE,4,5,,,,,,
2022,Luke Farrell,JAC,TE,4,6,,,,,,
2022,Tyler Mabry,SEA,TE,4,8,,,,,,
2022,Charlie Woerner,SF,TE,3,0,,,,,,
2022,Drew Sample,CIN,TE,3,2,,,,,,
2022,Kendall Blanton,LAR,TE,3,6,,,,,,
2022,Mason Schreck,HOU,TE,3,3,,,,,,
2022,Sean McKeon,DAL,TE,3,3,,,,,,
2022,Blake Bell,KC,TE,3,9,,,,,,
2022,Jake Tonges,CHI,TE,2,0,,,,,,
2022,Tanner Conner,MIA,TE,2,0,,,,,,
2022,Tommy Sweeney,BUF,TE,1,2,,,,,,
2022,Miller Forristall,CLE,TE,1,0,,,,,,
2022,Noah Togiai,PHI,TE,1,0,,,,,,
2022,Jeremy Ruckert,NYJ,TE,1,0,,,,,,
2022,Nikola Kalinic,IND,TE,0,0,,,,,,
2022,Nick Boyle,BAL,TE,0,0,,,,,,
2023,Jalen Hurts,PHI,QB,353,356,14.3,15,155,0.7,16,0
2023,Josh Allen,BUF,QB,338,370,11.4,15,96,3.6,14,0
2023,Lamar Jackson,BAL,QB,317,331,6.7,5,148,1.7,5,0
2023,Dak Prescott,DAL,QB,313,318,2.3,2,55,0.3,2,0
2023,Patrick Mahomes,KC,QB,291,280,1.2,0,75,1.2,5,0
2023,Jordan Love,GB,QB,285,301,2.9,4,47,1.1,3,0
2023,Baker Mayfield,TB,QB,275,268,2.7,1,57,1.7,3,0
2023,Sam Howell,WAS,QB,272,250,2.5,5,44,2.5,2,0
2023,Trevor Lawrence,JAC,QB,271,246,4.2,4,67,0.2,3,0
2023,Russell Wilson,DEN,QB,260,257,4.2,3,80,1.2,4,0
2023,Justin Herbert,LAC,QB,257,234,4.4,3,53,1.4,5,0
2023,Tua Tagovailoa,MIA,QB,244,263,,,,,,
2023,Matthew Stafford,LAR,QB,241,243,1.1,0,21,1.1,1,0
2023,CJ Stroud,HOU,QB,233,255,2.9,3,37,0.1,3,0
2023,Jared Goff,DET,QB,233,268,1.7,2,32,0.3,2,0
2023,Justin Fields,CHI,QB,228,222,4.9,4,116,0.9,5,0
2023,Geno Smith,SEA,QB,227,207,1.5,1,35,0.5,0,0
2023,Derek Carr,NO,QB,225,214,,,,,,
2023,Joshua Dobbs,ARI,QB,138,125,2.5,6,77,3.5,2,0
2023,Joshua Dobbs,MIN,QB,79,76,2.5,6,77,3.5,2,0
2023,Brock Purdy,SF,QB,205,296,1.9,2,39,0.1,2,0
2023,Gardner Minshew,IND,QB,200,188,2.7,3,33,0.3,4,0
2023,Bryce Young,CAR,QB,195,152,,,,,,
2023,Desmond Ridder,ATL,QB,178,162,2.6,5,52,2.4,2,0
2023,Joe Burrow,CIN,QB,160,147,,,,,,
2023,Kirk Cousins,MIN,QB,154,150,1.1,0,14,1.1,2,0
2023,Zach Wilson,NYJ,QB,143,120,,,,,,
2023,Mac Jones,NE,QB,140,106,,,,,,
2023,Kenny Pickett,PIT,QB,136,110,1.2,1,42,0.2,2,0
2023,Aidan O'Connell,LV,QB,129,108,2.1,1,13,1.1,3,0
2023,Kyler Murray,ARI,QB,127,129,3.3,3,39,0.3,4,0
2023,Will Levis,TEN,QB,121,102,1.3,1,25,0.3,2,0
2023,Jake Browning,CIN,QB,111,126,3.3,3,26,0.3,4,0
2023,Ryan Tannehill,TEN,QB,93,68,,,,,,
2023,Joe Flacco,CLE,QB,88,101,,,,,,
2023,Tommy DeVito,NYG,QB,85,93,,,,,,
2023,Deshaun Watson,CLE,QB,82,87,,,,,,
2023,Tyson Bagent,CHI,QB,79,53,2.3,2,23,0.3,3,0
2023,Daniel Jones,NYG,QB,76,57,1.1,1,40,0.1,0,0
2023,Jimmy Garoppolo,LV,QB,74,64,,,,,,
2023,Tyrod Taylor,NYG,QB,67,70,,,,,,
2023,Bailey Zappe,NE,QB,66,68,,,,,,
2023,Taylor Heinicke,ATL,QB,61,66,,,,,,
2023,Easton Stick,LAC,QB,58,52,0.9,1,14,0.1,1,0
2023,Mitchell Trubisky,PIT,QB,58,49,2.1,2,16,0.1,3,0
2023,Anthony Richardson,IND,QB,56,73,2.4,4,25,1.6,3,0
2023,Nick Mullens,MIN,QB,56,46,,,,,,
2023,Phillip Walker,CLE,QB,49,20,,,,,,
2023,Trevor Siemian,NYJ,QB,49,24,,,,,,
2023,Dorian Thompson-Robinson,CLE,QB,49,22,,,,,,
2023,Drew Lock,SEA,QB,27,29,,,,,,
2023,CJ Beathard,JAC,QB,26,21,,,,,,
2023,Jacoby Brissett,WAS,QB,24,23,,,,,,
2023,Case Keenum,HOU,QB,24,10,,,,,,
2023,Tim Boyle,NYJ,QB,23,11,,,,,,
2023,Mason Rudolph,PIT,QB,22,32,,,,,,
2023,Davis Mills,HOU,QB,21,18,,,,,,
2023,Brian Hoyer,LV,QB,21,5,,,,,,
2023,Andy Dalton,CAR,QB,19,24,,,,,,
2023,Jameis Winston,NO,QB,17,12,,,,,,
2023,Clayton Tune,ARI,QB,13,7,,,,,,
2023,Christian McCaffrey,SF,RB,324,391,15.7,21,355,5.3,17,3
2023,Joe Mixon,CIN,RB,281,242,13.5,10,308,3.5,17,0
2023,Tony Pollard,DAL,RB,263,206,10.7,5,300,5.7,12,2
2023,Rachaad White,TB,RB,254,255,7.9,9,321,1.1,8,1
2023,Travis Etienne,JAC,RB,251,269,8,12,319,4,9,0
2023,Alvin Kamara,NO,RB,249,233,7.8,6,267,1.8,8,0
2023,Kyren Williams,LAR,RB,248,255,12.4,15,276,2.6,13,0
2023,Bijan Robinson,ATL,RB,239,220,6.5,7,282,0.5,2,1
2023,Jahmyr Gibbs,DET,RB,234,233,9,10,240,1,7,0
2023,Breece Hall,NYJ,RB,233,262,3.8,8,278,4.2,1,0
2023,Isiah Pacheco,KC,RB,224,214,9.6,9,257,0.6,9,1
2023,Josh Jacobs,LV,RB,224,181,8,6,290,2,8,2
2023,Raheem Mostert,MIA,RB,218,268,13.2,21,242,7.8,19,0
2023,Austin Ekeler,LAC,RB,217,174,8.9,6,235,2.9,12,1
2023,D'Andre Swift,PHI,RB,216,199,8,6,277,2,10,0
2023,Saquon Barkley,NYG,RB,214,200,6.4,8,286,1.6,4,1
2023,James Cook,BUF,RB,208,225,6.1,6,274,0.1,3,1
2023,Derrick Henry,TEN,RB,208,225,8.8,11,297,2.2,11,0
2023,Jerome Ford,CLE,RB,203,206,5,9,262,4,4,2
2023,Javonte Williams,DEN,RB,197,159,6.4,4,257,2.4,7,0
2023,Ken Walker,SEA,RB,196,190,9,9,239,0,13,0
2023,Alexander Mattison,MIN,RB,186,129,8,3,217,5,9,3
2023,Chuba Hubbard,CAR,RB,186,171,6,5,258,1,8,0
2023,Jaylen Warren,PIT,RB,185,188,3.9,4,210,0.1,3,0
2023,David Montgomery,DET,RB,183,197,9.6,12,234,2.4,16,0
2023,Ezekiel Elliott,NE,RB,182,161,4,5,229,1,4,0
2023,Najee Harris,PIT,RB,178,171,6.1,7,262,0.9,7,0
2023,Devin Singletary,HOU,RB,168,154,5.3,3,229,2.3,5,0
2023,Zack Moss,IND,RB,166,167,6.5,7,214,0.5,9,0
2023,Rhamondre Stevenson,NE,RB,163,146,3.3,4,209,0.7,3,0
2023,James Conner,ARI,RB,161,171,7.1,8,210,0.9,8,1
2023,Brian Robinson,WAS,RB,160,188,5.4,8,209,2.6,7,1
2023,Tyjae Spears,TEN,RB,158,132,3.1,1,164,2.1,2,1
2023,Gus Edwards,BAL,RB,155,184,10.1,13,201,2.9,19,0
2023,AJ Dillon,GB,RB,151,118,6.2,2,205,4.2,7,0
2023,Aaron Jones,GB,RB,134,116,5.1,3,158,2.1,6,0
2023,Jonathan Taylor,IND,RB,133,129,6.9,7,160,0.1,9,0
2023,Miles Sanders,CAR,RB,133,86,3,1,168,2,4,0
2023,Tyler Allgeier,ATL,RB,130,131,4.6,5,200,0.4,4,0
2023,De'Von Achane,MIA,RB,125,178,5,10,129,5,4,2
2023,Kareem Hunt,CLE,RB,124,117,6.5,9,155,2.5,11,0
2023,Zach Charbonnet,SEA,RB,122,98,3.9,1,142,2.9,3,0
2023,Antonio Gibson,WAS,RB,119,121,2.2,3,119,0.8,1,0
2023,Dameon Pierce,HOU,RB,115,83,5.4,2,161,3.4,8,0
2023,Roschon Johnson,CHI,RB,112,100,3.2,2,119,1.2,5,0
2023,Khalil Herbert,CHI,RB,109,106,3.7,3,149,0.7,1,3
2023,Samaje Perine,DEN,RB,107,115,2.2,1,101,1.2,2,0
2023,Latavius Murray,BUF,RB,104,83,6.6,4,101,2.6,11,0
2023,Justice Hill,BAL,RB,103,104,4.2,4,113,0.2,4,0
2023,Kenneth Gainwell,PHI,RB,97,91,2.7,2,113,0.7,3,0
2023,Jaleel McLaughlin,DEN,RB,97,105,2.1,3,107,0.9,0,0
2023,D'Onta Foreman,CHI,RB,92,91,4.1,5,124,0.9,6,0
2023,Ty Chandler,MIN,RB,89,90,2.8,3,112,0.2,3,0
2023,Rico Dowdle,DAL,RB,85,79,3.7,4,99,0.3,4,1
2023,Clyde Edwards-Helaire,KC,RB,80,68,3.4,2,88,1.4,2,1
2023,Joshua Kelley,LAC,RB,79,62,2.6,2,117,0.6,3,0
2023,Emari Demercado,ARI,RB,74,73,1.3,2,87,0.7,1,1
2023,Zamir White,LV,RB,72,61,2.5,1,96,1.5,3,0
2023,Jerick McKinnon,KC,RB,70,84,1.8,5,54,3.2,0,0
2023,Jamaal Williams,NO,RB,68,48,1.1,0,109,1.1,0,0
2023,Dalvin Cook,NYJ,RB,64,40,0.9,0,87,0.9,0,0
2023,Matt Breida,NYG,RB,58,47,,,,,,
2023,Darrell Henderson,LAR,RB,57,44,2.8,2,60,0.8,3,0
2023,Cam Akers,LAR,RB,14,9,1.9,2,72,0.1,2,0
2023,Cam Akers,MIN,RB,40,38,1.9,2,72,0.1,2,0
2023,Michael Carter,ARI,RB,25,30,0.9,1,56,0.1,0,0
2023,Michael Carter,NYJ,RB,25,26,0.9,1,56,0.1,0,0
2023,Cordarrelle Patterson,ATL,RB,50,35,2,1,57,1,1,1
2023,Royce Freeman,LAR,RB,49,44,2.8,2,74,0.8,4,0
2023,Salvon Ahmed,MIA,RB,48,43,1.4,2,45,0.6,1,0
2023,Elijah Mitchell,SF,RB,48,33,2.5,1,67,1.5,3,0
2023,Jeff Wilson,MIA,RB,47,37,1.4,0,49,1.4,1,1
2023,Chase Edmonds,TB,RB,44,36,,,,,,
2023,Patrick Taylor,GB,RB,41,30,1.2,0,47,1.2,1,0
2023,D'Ernest Johnson,JAC,RB,41,35,,,,,,
2023,Pierre Strong,CLE,RB,40,36,1.5,1,56,0.5,2,0
2023,Ameer Abdullah,LV,RB,40,39,,,,,,
2023,Keaton Mitchell,BAL,RB,40,70,,,,,,
2023,Kyle Juszczyk,SF,RB,39,39,2,2,22,0,1,0
2023,Chase Brown,CIN,RB,37,47,,,,,,
2023,Chris Rodriguez,WAS,RB,37,38,2,2,53,0,3,0
2023,Tank Bigsby,JAC,RB,36,21,1.8,2,51,0.2,2,0
2023,Craig Reynolds,DET,RB,34,30,1.4,1,47,0.4,2,0
2023,Darrynton Evans,CHI,RB,33,28,1.2,1,44,0.2,0,1
2023,Darrynton Evans,MIA,RB,1,2,1.2,1,44,0.2,0,1
2023,Tony Jones,ARI,RB,8,7,1.5,2,36,0.5,2,0
2023,Tony Jones,NO,RB,25,25,1.5,2,36,0.5,2,0
2023,Andrew Beck,HOU,RB,31,30,2.4,2,16,0.4,3,1
2023,Isaiah Spiller,LAC,RB,29,19,,,,,,
2023,Kendre Miller,NO,RB,27,28,,,,,,
2023,Alec Ingold,MIA,RB,25,25,,,,,,
2023,Trey Sermon,IND,RB,25,20,,,,,,
2023,Ty Johnson,BUF,RB,24,30,,,,,,
2023,Israel Abanikanda,NYJ,RB,24,16,,,,,,
2023,Deuce Vaughn,DAL,RB,23,15,,,,,,
2023,Jordan Mason,SF,RB,23,39,,,,,,
2023,Nick Chubb,CLE,RB,22,23,,,,,,
2023,Trayveon Williams,CIN,RB,22,15,,,,,,
2023,Damien Harris,BUF,RB,21,19,1.5,1,25,0.5,2,0
2023,DeeJay Dallas,SEA,RB,21,8,,,,,,
2023,Ke'Shawn Vaughn,TB,RB,19,6,,,,,,
2023,Deon Jackson,CLE,RB,0,0,,,,,,
2023,Deon Jackson,IND,RB,19,4,,,,,,
2023,Deon Jackson,NYG,RB,0,0,,,,,,
2023,Boston Scott,PHI,RB,19,15,,,,,,
2023,Tyler Goodson,IND,RB,18,18,,,,,,
2023,Ronnie Rivers,LAR,RB,17,15,,,,,,
2023,Raheem Blackshear,CAR,RB,17,17,,,,,,
2023,Mike Boone,HOU,RB,16,13,,,,,,
2023,Eric Gray,NYG,RB,16,9,,,,,,
2023,Keaontay Ingram,ARI,RB,15,14,,,,,,
2023,Melvin Gordon,BAL,RB,15,20,,,,,,
2023,Emanuel Wilson,GB,RB,14,15,,,,,,
2023,Dare Ogunbowale,HOU,RB,14,10,,,,,,
2023,CJ Ham,MIN,RB,13,10,,,,,,
2023,Gary Brightwell,NYG,RB,13,12,,,,,,
2023,JK Dobbins,BAL,RB,12,12,,,,,,
2023,Patrick Ricard,BAL,RB,12,16,,,,,,
2023,Khari Blasingame,CHI,RB,12,6,,,,,,
2023,Hunter Luepke,DAL,RB,12,13,,,,,,
2023,Sean Tucker,TB,RB,10,5,,,,,,
2023,Nick Bawden,NYJ,RB,9,12,,,,,,
2023,Kevin Harris,NE,RB,9,20,,,,,,
2023,Michael Burton,DEN,RB,9,7,,,,,,
2023,Chris Brooks,MIA,RB,8,11,,,,,,
2023,Damien Williams,ARI,RB,6,8,,,,,,
2023,Kenyan Drake,BAL,RB,5,3,,,,,,
2023,Kenyan Drake,GB,RB,0,0,,,,,,
2023,Jashaun Corbin,NYG,RB,5,4,,,,,,
2023,Elijah Dotson,LAC,RB,5,4,,,,,,
2023,Keith Smith,ATL,RB,5,6,,,,,,
2023,JaMycal Hasty,JAC,RB,5,0,,,,,,
2023,JaMycal Hasty,NE,RB,0,0,,,,,,
2023,Adam Prentice,NO,RB,5,2,,,,,,
2023,CeeDee Lamb,DAL,WR,320,368,11.4,12,181,0.6,1,19
2023,Tyreek Hill,MIA,WR,289,355,8.3,12,164,3.7,0,11
2023,Davante Adams,LV,WR,289,250,7.9,7,169,0.9,0,7
2023,Puka Nacua,LAR,WR,273,284,6.6,5,166,1.6,0,10
2023,AJ Brown,PHI,WR,269,290,7.5,7,158,0.5,0,13
2023,Garrett Wilson,NYJ,WR,265,208,6.1,3,166,3.1,0,7
2023,Amon-Ra St Brown,DET,WR,262,304,6.5,9,159,2.5,0,6
2023,Stefon Diggs,BUF,WR,259,258,5.9,8,153,2.1,0,9
2023,Keenan Allen,LAC,WR,254,279,6,7,153,1,0,7
2023,Calvin Ridley,JAC,WR,253,207,11,7,136,4,0,23
2023,Chris Olave,NO,WR,238,217,6.1,4,137,2.1,0,10
2023,Mike Evans,TB,WR,237,277,8.9,13,125,4.1,0,19
2023,Ja'Marr Chase,CIN,WR,235,257,6.1,7,141,0.9,0,10
2023,DeAndre Hopkins,TEN,WR,234,206,7.3,6,130,1.3,0,13
2023,DJ Moore,CHI,WR,234,276,6.8,9,135,2.2,0,15
2023,Michael Pittman,IND,WR,233,243,4.6,4,148,0.6,0,5
2023,Amari Cooper,CLE,WR,221,227,5.4,5,129,0.4,0,7
2023,Chris Godwin,TB,WR,220,198,6.6,3,130,3.6,0,11
2023,DK Metcalf,SEA,WR,220,223,9.2,8,114,1.2,0,16
2023,Adam Thielen,CAR,WR,220,228,4.7,4,134,0.7,0,5
2023,Terry McLaurin,WAS,WR,213,198,5.4,4,123,1.4,0,9
2023,Tyler Lockett,SEA,WR,203,185,5.9,4,118,1.9,0,11
2023,DeVonta Smith,PHI,WR,200,228,5.1,7,114,1.9,0,9
2023,Deebo Samuel,SF,WR,190,239,6,12,123,6,2,4
2023,Jaylen Waddle,MIA,WR,188,199,4.2,4,109,0.2,0,6
2023,Zay Flowers,BAL,WR,188,206,4.5,6,116,1.5,0,5
2023,Jordan Addison,MIN,WR,187,206,6.8,9,101,2.2,0,10
2023,Jakobi Meyers,LV,WR,183,197,5.6,8,105,2.4,0,7
2023,Elijah Moore,CLE,WR,183,132,4.5,2,112,2.5,0,7
2023,Nico Collins,HOU,WR,183,226,5.7,7,100,1.3,0,10
2023,Romeo Doubs,GB,WR,181,174,7.1,8,96,0.9,0,15
2023,Rashee Rice,KC,WR,180,213,5.2,7,104,1.8,0,6
2023,Brandon Aiyuk,SF,WR,174,244,4.1,7,100,2.9,0,7
2023,George Pickens,PIT,WR,173,209,3.4,5,107,1.6,0,5
2023,Jayden Reed,GB,WR,171,202,5.2,10,101,4.8,0,8
2023,Cooper Kupp,LAR,WR,170,164,5.7,5,98,0.7,0,8
2023,Courtland Sutton,DEN,WR,168,189,7,10,88,3,0,14
2023,Marquise Brown,ARI,WR,166,135,3.9,4,103,0.1,0,5
2023,Drake London,ATL,WR,165,166,3.7,2,99,1.7,0,5
2023,Curtis Samuel,WAS,WR,162,152,5.8,5,94,0.8,1,7
2023,Justin Jefferson,MIN,WR,160,166,5.2,4,86,1.2,0,9
2023,Tyler Boyd,CIN,WR,155,143,3.4,2,98,1.4,0,4
2023,Gabe Davis,BUF,WR,150,161,5.9,7,79,1.1,0,11
2023,Brandin Cooks,DAL,WR,149,157,6,7,77,1,0,12
2023,Jaxon Smith-Njigba,SEA,WR,149,145,3.5,4,88,0.5,0,5
2023,Jerry Jeudy,DEN,WR,148,125,4.1,1,80,3.1,0,6
2023,Josh Downs,IND,WR,148,149,2.8,2,95,0.8,0,3
2023,Diontae Johnson,PIT,WR,142,134,4.3,4,81,0.3,0,7
2023,Tee Higgins,CIN,WR,142,138,4.9,5,77,0.1,0,8
2023,Tank Dell,HOU,WR,140,165,3.7,7,86,3.3,0,5
2023,Rashid Shaheed,NO,WR,138,140,3.8,4,78,0.2,0,5
2023,Jahan Dotson,WAS,WR,134,121,4.1,4,78,0.1,0,8
2023,Christian Kirk,JAC,WR,133,150,2.5,3,84,0.5,0,3
2023,KJ Osborn,MIN,WR,131,117,3.9,3,71,0.9,0,6
2023,Robert Woods,HOU,WR,130,89,3.1,1,78,2.1,0,6
2023,Jonathan Mingo,CAR,WR,130,85,1.8,0,84,1.8,0,2
2023,Odell Beckham,BAL,WR,125,108,5.2,3,64,2.2,0,10
2023,Demario Douglas,NE,WR,125,104,2.1,0,79,2.1,0,3
2023,Christian Watson,GB,WR,124,101,6.4,5,57,1.4,0,14
2023,Tutu Atwell,LAR,WR,117,108,3.3,3,69,0.3,0,5
2023,DJ Chark,CAR,WR,116,111,3.4,5,63,1.6,0,4
2023,Quentin Johnston,LAC,WR,113,90,3.6,2,63,1.6,0,7
2023,Alec Pierce,IND,WR,113,95,3.1,2,64,1.1,0,3
2023,Darius Slayton,NYG,WR,113,134,1.6,3,72,1.4,0,1
2023,Rondale Moore,ARI,WR,111,97,2,2,85,0,0,2
2023,Michael Thomas,NO,WR,111,90,3.5,1,63,2.5,0,8
2023,Wan'Dale Robinson,NYG,WR,108,120,1.1,2,79,0.9,0,1
2023,Trey Palmer,TB,WR,107,93,2.6,3,65,0.4,0,4
2023,Justin Watson,KC,WR,102,89,3.3,3,53,0.3,0,6
2023,Darnell Mooney,CHI,WR,102,79,3,1,60,2,0,6
2023,Zay Jones,JAC,WR,101,67,3.4,2,55,1.4,0,7
2023,Josh Reynolds,DET,WR,100,119,3.4,5,54,1.6,0,6
2023,Noah Brown,HOU,WR,98,102,2.8,2,55,0.8,0,5
2023,Kendrick Bourne,NE,WR,97,100,2.4,4,58,1.6,0,2
2023,Rashod Bateman,BAL,WR,93,77,2.2,1,55,1.2,0,3
2023,Michael Gallup,DAL,WR,92,88,2.3,2,54,0.3,0,4
2023,Josh Palmer,LAC,WR,89,96,2.7,2,51,0.7,0,4
2023,Michael Wilson,ARI,WR,89,99,2.8,3,50,0.2,0,5
2023,Dontayvion Wicks,GB,WR,85,96,1.8,2,52,0.2,0,1
2023,Nick Westbrook-Ikhine,TEN,WR,83,85,2.8,3,45,0.2,0,5
2023,DeVante Parker,NE,WR,82,71,1.2,0,51,1.2,0,0
2023,Marquez Valdes-Scantling,KC,WR,81,57,2.2,1,44,1.2,0,4
2023,Allen Lazard,NYJ,WR,77,60,1.1,1,49,0.1,0,1
2023,Allen Robinson,PIT,WR,76,62,1.6,0,48,1.6,0,2
2023,Jameson Williams,DET,WR,76,80,1.7,3,44,1.3,0,1
2023,Demarcus Robinson,LAR,WR,75,87,3.1,4,39,0.9,0,7
2023,Kalif Raymond,DET,WR,74,90,1.1,1,50,0.1,0,0
2023,Brandon Powell,MIN,WR,73,66,2.1,1,47,1.1,0,3
2023,Nelson Agholor,BAL,WR,72,88,2.2,4,40,1.8,0,5
2023,JuJu Smith-Schuster,NE,WR,72,61,1.1,1,47,0.1,0,1
2023,Van Jefferson,ATL,WR,42,19,1.6,0,41,1.6,0,2
2023,Van Jefferson,LAR,WR,28,19,1.6,0,41,1.6,0,2
2023,Kadarius Toney,KC,WR,69,53,1.7,1,48,0.7,0,0
2023,Jalin Hyatt,NYG,WR,69,59,1.4,0,39,1.4,0,1
2023,Skyy Moore,KC,WR,67,54,2.1,1,41,1.1,0,3
2023,Cedric Tillman,CLE,WR,67,37,2,0,38,2,0,4
2023,Tre Tucker,LV,WR,65,58,2,2,39,0,0,4
2023,Khalil Shakir,BUF,WR,65,97,1,2,41,1,0,0
2023,Cedrick Wilson,MIA,WR,65,66,2.5,3,34,0.5,0,5
2023,Marvin Mims,DEN,WR,64,68,1.7,1,40,0.7,0,1
2023,Xavier Gipson,NYJ,WR,62,57,1.8,1,41,0.8,0,0
2023,Jalen Tolbert,DAL,WR,61,50,1.9,1,34,0.9,0,4
2023,Tyler Scott,CHI,WR,59,34,1.8,0,37,1.8,0,3
2023,Greg Dortch,ARI,WR,57,61,0.9,2,38,1.1,0,2
2023,Treylon Burks,TEN,WR,56,40,1,0,34,1,0,0
2023,Hunter Renfrow,LV,WR,55,49,,,,,,
2023,Calvin Austin,PIT,WR,55,52,,,,,,
2023,Trenton Irwin,CIN,WR,55,57,1.5,1,30,0.5,0,1
2023,Chris Moore,TEN,WR,54,62,,,,,,
2023,Braxton Berrios,MIA,WR,53,55,1.2,1,33,0.2,0,2
2023,Isaiah Hodgins,NYG,WR,53,53,1.7,3,30,1.3,0,4
2023,John Metchie,HOU,WR,53,31,1.8,0,29,1.8,0,3
2023,Mack Hollins,ATL,WR,50,43,1.1,0,30,1.1,0,1
2023,Dyami Brown,WAS,WR,50,35,2.1,1,24,1.1,0,4
2023,Deven Thompkins,TB,WR,49,34,1.7,1,31,0.7,0,3
2023,Jauan Jennings,SF,WR,49,52,,,,,,
2023,Terrace Marshall,CAR,WR,48,31,,,,,,
2023,KaVontae Turpin,DAL,WR,46,59,2.1,4,28,1.9,0,3
2023,Mike Williams,LAC,WR,46,50,1.1,1,27,0.1,0,2
2023,Brandon Johnson,DEN,WR,45,61,1.8,4,25,2.2,0,3
2023,Jake Bobo,SEA,WR,44,55,1.8,3,25,1.2,1,2
2023,Parris Campbell,NYG,WR,43,30,,,,,,
2023,Jalen Guyton,LAC,WR,40,25,1.4,1,22,0.4,0,2
2023,Alex Erickson,LAC,WR,39,40,,,,,,
2023,Malik Heath,GB,WR,39,30,1.6,1,20,0.6,0,4
2023,Sterling Shepard,NYG,WR,38,15,2,1,18,1,0,4
2023,Tyquan Thornton,NE,WR,38,27,,,,,,
2023,Samori Toure,GB,WR,37,16,1.2,0,18,1.2,0,3
2023,Deonte Harty,BUF,WR,37,32,,,,,,
2023,KhaDarel Hodge,ATL,WR,37,37,,,,,,
2023,Xavier Hutchinson,HOU,WR,36,20,1.4,0,21,1.4,1,1
2023,Jamal Agnew,JAC,WR,35,40,,,,,,
2023,Derius Davis,LAC,WR,35,31,,,,,,
2023,Byron Pringle,WAS,WR,34,28,,,,,,
2023,Parker Washington,JAC,WR,34,37,1,2,20,1,0,2
2023,Chase Claypool,CHI,WR,24,15,1.1,1,18,0.1,0,3
2023,Chase Claypool,MIA,WR,9,5,1.1,1,18,0.1,0,3
2023,Lil'Jordan Humphrey,DEN,WR,33,47,1.2,3,18,1.8,0,2
2023,Donovan Peoples-Jones,CLE,WR,26,18,,,,,,
2023,Donovan Peoples-Jones,DET,WR,6,6,,,,,,
2023,Andrei Iosivas,CIN,WR,32,30,1.1,2,18,0.9,0,2
2023,Jamison Crowder,WAS,WR,31,34,,,,,,
2023,Kyle Philips,TEN,WR,31,28,,,,,,
2023,Marquise Goodwin,CLE,WR,30,14,,,,,,
2023,Trent Sherfield,BUF,WR,30,14,,,,,,
2023,Bo Melton,GB,WR,29,33,,,,,,
2023,Scotty Miller,ATL,WR,29,31,1.1,2,15,0.9,0,2
2023,AT Perry,NO,WR,29,40,0.9,2,15,1.1,0,2
2023,Jalen Reagor,NE,WR,29,23,,,,,,
2023,Olamide Zaccheaus,PHI,WR,28,34,1.3,2,15,0.7,0,3
2023,Randall Cobb,NYJ,WR,27,16,,,,,,
2023,River Cracraft,MIA,WR,27,24,1.6,1,11,0.6,0,3
2023,Lynn Bowden,NO,WR,26,21,,,,,,
2023,Laviska Shenault,CAR,WR,26,22,,,,,,
2023,Julio Jones,PHI,WR,26,33,1,3,14,2,0,2
2023,Tim Jones,JAC,WR,26,18,,,,,,
2023,Zach Pascal,ARI,WR,26,6,,,,,,
2023,Isaiah McKenzie,IND,WR,23,17,,,,,,
2023,David Bell,CLE,WR,23,26,,,,,,
2023,Richie James,KC,WR,21,16,,,,,,
2023,Keith Kirkwood,NO,WR,20,15,1.1,1,9,0.1,0,3
2023,Devin Duvernay,BAL,WR,20,7,,,,,,
2023,Mecole Hardman,KC,WR,17,10,,,,,,
2023,Mecole Hardman,NYJ,WR,3,2,,,,,,
2023,Ray-Ray McCloud,SF,WR,19,23,,,,,,
2023,Ihmir Smith-Marsette,CAR,WR,19,31,,,,,,
2023,Velus Jones,CHI,WR,18,11,,,,,,
2023,Ben Skowronek,LAR,WR,18,17,,,,,,
2023,Quez Watkins,PHI,WR,18,12,,,,,,
2023,Ronnie Bell,SF,WR,17,23,,,,,,
2023,Ty Montgomery,NE,WR,16,10,,,,,,
2023,Marvin Jones,DET,WR,14,7,,,,,,
2023,DJ Montgomery,IND,WR,14,15,,,,,,
2023,Rakim Jarrett,TB,WR,14,10,,,,,,
2023,Kayshon Boutte,NE,WR,14,4,,,,,,
2023,Keelan Doss,LAC,WR,13,8,,,,,,
2023,Jason Brownlee,NYJ,WR,13,17,,,,,,
2023,Justyn Ross,KC,WR,11,8,,,,,,
2023,DeAndre Carter,LV,WR,11,8,,,,,,
2023,Jalen Nailor,MIN,WR,10,6,,,,,,
2023,Charlie Jones,CIN,WR,10,12,,,,,,
2023,Austin Trammell,LAR,WR,9,5,,,,,,
2023,Erik Ezukanma,MIA,WR,8,2,,,,,,
2023,TJ Hockenson,MIN,TE,217,219,5.1,5,127,0.1,0,5
2023,Travis Kelce,KC,TE,214,219,6.2,5,121,1.2,0,7
2023,David Njoku,CLE,TE,212,201,6.4,6,122,0.4,0,10
2023,Evan Engram,JAC,TE,201,206,3.3,3,130,0.3,0,4
2023,Sam LaPorta,DET,TE,200,225,5.7,9,115,3.3,0,6
2023,Jake Ferguson,DAL,TE,175,164,6.7,5,97,1.7,0,10
2023,Trey McBride,ARI,TE,166,169,3.3,2,102,1.3,0,4
2023,George Kittle,SF,TE,157,203,3.6,6,91,2.4,0,5
2023,Cole Kmet,CHI,TE,151,174,5.2,6,89,0.8,0,6
2023,Taysom Hill,NO,TE,150,132,10.8,6,111,4.8,7,2
2023,Kyle Pitts,ATL,TE,148,133,2.7,3,88,0.3,0,4
2023,Dalton Schultz,HOU,TE,144,141,4.6,5,79,0.4,0,8
2023,Dalton Kincaid,BUF,TE,140,135,3.1,2,85,1.1,0,3
2023,Tyler Conklin,NYJ,TE,135,120,2.3,0,85,2.3,0,2
2023,Logan Thomas,WAS,TE,132,125,4.2,4,78,0.2,0,8
2023,Chigoziem Okonkwo,TEN,TE,128,108,2.7,1,78,1.7,0,3
2023,Dallas Goedert,PHI,TE,124,135,2.2,3,81,0.8,0,3
2023,Cade Otton,TB,TE,123,112,4.4,4,66,0.4,0,6
2023,Gerald Everett,LAC,TE,122,110,3.9,3,72,0.9,0,3
2023,Mark Andrews,BAL,TE,119,135,4.5,6,63,1.5,0,6
2023,Jonnu Smith,ATL,TE,118,112,3.4,2,68,1.4,1,2
2023,Hunter Henry,NE,TE,110,120,3.3,6,61,2.7,0,6
2023,Darren Waller,NYG,TE,107,104,1.5,1,68,0.5,0,2
2023,Tyler Higbee,LAR,TE,107,109,1.6,2,70,0.4,0,1
2023,Juwan Johnson,NO,TE,98,91,2.9,4,55,1.1,0,3
2023,Kylen Granson,IND,TE,85,70,2.3,1,51,1.3,0,0
2023,Donald Parham,LAC,TE,79,66,4.3,4,35,0.3,0,7
2023,Pat Freiermuth,PIT,TE,79,73,2.3,2,45,0.3,0,5
2023,Adam Trautman,DEN,TE,76,57,4.4,3,34,1.4,0,6
2023,Luke Musgrave,GB,TE,75,73,1.4,1,45,0.4,0,1
2023,Zach Ertz,ARI,TE,70,52,1.9,1,40,0.9,0,1
2023,Mike Gesicki,NE,TE,70,64,2,2,40,0,0,4
2023,Tanner Hudson,CIN,TE,70,77,,,,,,
2023,Noah Gray,KC,TE,68,71,1.8,2,40,0.2,0,2
2023,Dawson Knox,BUF,TE,67,44,2.8,1,34,1.8,0,5
2023,Isaiah Likely,BAL,TE,65,90,1.5,4,39,2.5,0,1
2023,Noah Fant,SEA,TE,65,73,,,,,,
2023,Durham Smythe,MIA,TE,63,66,1.1,0,40,1.1,0,2
2023,Michael Mayer,LV,TE,62,71,1.4,2,40,0.6,0,1
2023,Colby Parkinson,SEA,TE,58,58,3,2,29,1,0,3
2023,Tucker Kraft,GB,TE,57,72,1.1,2,37,0.9,0,0
2023,Connor Heyward,PIT,TE,53,37,1.1,0,33,1.1,0,1
2023,Hayden Hurst,CAR,TE,53,42,1.4,1,32,0.4,0,2
2023,Tommy Tremble,CAR,TE,50,57,1.4,3,31,1.6,0,2
2023,John Bates,WAS,TE,48,34,1.4,0,28,1.4,0,3
2023,Irv Smith,CIN,TE,47,34,1.5,1,27,0.5,0,2
2023,Josh Oliver,MIN,TE,46,48,1.8,2,25,0.2,0,2
2023,Daniel Bellinger,NYG,TE,39,51,,,,,,
2023,Foster Moreau,NO,TE,39,45,0.9,1,24,0.1,0,1
2023,Stephen Sullivan,CAR,TE,38,25,,,,,,
2023,Drew Sample,CIN,TE,38,48,,,,,,
2023,Austin Hooper,LV,TE,38,41,,,,,,
2023,Harrison Bryant,CLE,TE,37,38,1.6,3,24,1.4,0,3
2023,Andrew Ogletree,IND,TE,37,36,1.4,2,21,0.6,0,2
2023,Mo Alie-Cox,IND,TE,35,43,1.3,3,18,1.7,0,2
2023,Josh Whyle,TEN,TE,34,24,1.6,1,15,0.6,0,2
2023,Will Mallory,IND,TE,33,39,,,,,,
2023,Stone Smartt,LAC,TE,32,29,1.1,1,18,0.1,0,2
2023,Cole Turner,WAS,TE,32,23,1.5,0,15,1.5,0,2
2023,Luke Schoonmaker,DAL,TE,32,27,1.8,2,15,0.2,0,3
2023,Brevin Jordan,HOU,TE,32,51,,,,,,
2023,Jeremy Ruckert,NYJ,TE,31,31,,,,,,
2023,Johnny Mundt,MIN,TE,29,29,0.9,1,17,0.1,0,1
2023,Will Dissly,SEA,TE,27,27,,,,,,
2023,Lucas Krull,DEN,TE,25,24,1.1,1,13,0.1,0,2
2023,Luke Farrell,JAC,TE,25,29,,,,,,
2023,Elijah Higgins,ARI,TE,25,31,,,,,,
2023,CJ Uzomah,NYJ,TE,24,20,1.2,1,12,0.2,0,2
2023,Robert Tonyan,CHI,TE,24,22,,,,,,
2023,Jimmy Graham,NO,TE,23,34,2.1,4,7,1.9,0,4
2023,MyCole Pruitt,ATL,TE,23,23,1.4,1,11,0.4,0,3
2023,Jordan Akins,CLE,TE,21,23,,,,,,
2023,Brock Wright,DET,TE,21,28,,,,,,
2023,Pharaoh Brown,NE,TE,19,37,,,,,,
2023,Brenton Strange,JAC,TE,18,15,,,,,,
2023,Mitchell Wilcox,CIN,TE,18,15,,,,,,
2023,Geoff Swaim,ARI,TE,17,19,,,,,,
2023,Darnell Washington,PIT,TE,17,13,,,,,,
2023,Peyton Hendershot,DAL,TE,17,4,1.4,0,7,1.4,1,0
2023,Ian Thomas,CAR,TE,14,9,,,,,,
2023,Payne Durham,TB,TE,13,11,,,,,,
2023,Blake Bell,KC,TE,13,10,,,,,,
2023,Julian Hill,MIA,TE,13,8,,,,,,
2023,Davis Allen,LAR,TE,12,19,,,,,,
2023,Ben Sims,GB,TE,12,12,,,,,,
2023,Josiah Deguara,GB,TE,12,15,,,,,,
2023,Charlie Kolar,BAL,TE,11,16,,,,,,
2023,Ko Kieft,TB,TE,11,7,,,,,,
2023,Marcedes Lewis,CHI,TE,11,13,,,,,,
2023,Jack Stoll,PHI,TE,11,7,,,,,,
2023,Lawrence Cager,NYG,TE,10,14,,,,,,
2023,Quintin Morris,BUF,TE,10,11,0.9,1,3,0.1,0,1
2023,Chris Manhertz,DEN,TE,7,4,,,,,,
2023,Nate Adkins,DEN,TE,7,6,,,,,,
2023,Kenny Yeboah,NYJ,TE,6,5,,,,,,
2023,Greg Dulcich,DEN,TE,6,6,,,,,,
2023,Brycen Hopkins,LAR,TE,6,6,,,,,,
2023,Teagan Quitoriano,HOU,TE,4,5,,,,,,
2023,Trevon Wesco,TEN,TE,4,3,,,,,,
2023,Sean McKeon,DAL,TE,4,0,,,,,,
2023,Ross Dwelley,SF,TE,3,2,,,,,,
2023,Charlie Woerner,SF,TE,3,3,,,,,,
2023,Grant Calcaterra,PHI,TE,3,4,,,,,,
2023,Eric Saubert,DAL,TE,0,0,,,,,,
2023,Eric Saubert,HOU,TE,3,3,,,,,,
2023,Rodney Williams,PIT,TE,3,0,,,,,,
2023,David Wells,TB,TE,3,1,,,,,,
2023,Kevin Rader,TEN,TE,2,2,,,,,,
2023,Tucker Fisk,ATL,TE,1,2,,,,,,
2023,Albert Okwuegbunam,PHI,TE,1,0,,,,,,
2023,Nick Vannett,LAC,TE,1,0,,,,,,