Pos,TRUFFLE,Player,NFL,Opp,Game Time,Bye,O/U,PosRnk,Ovp,Rost,Start,Salary,Contract,Prd. 5,Avg,Proj
QB,ABT,Caleb Williams,CHI,JAC,Sun  9:30am ET,7,44.5,17,32,77%,35%,50,3,26.56,14.79,15.75
RB,ABT,Chase Brown,CIN,@NYG,Sun  8:20pm ET,12,49,13,14,92%,49%,7,3,17.40,12.18,9.91
RB,ABT,Alvin Kamara,NO,TB,Sun  1:00pm ET,12,45.5,8,13,100%,99%,40,1,10.60,25.84,13.40
WR,ABT,DJ Moore,CHI,JAC,Sun  9:30am ET,7,44.5,13,32,100%,93%,44,3,26.50,12.56,11.42
WR,ABT,Chris Olave,NO,TB,Sun  1:00pm ET,12,45.5,28,25,100%,85%,42,4,2.00,10.24,8.51
TE,ABT,Jake Ferguson,DAL,DET,Sun  4:25pm ET,7,52.5,4,14,91%,75%,2,2,10.00,7.97,7.31
WR,ABT,Josh Downs,IND,@TEN,Sun  1:00pm ET,14,42.5,26,1,59%,38%,1,4,11.90,11.43,5.81
RB,ABT,Alexander Mattison,LV,PIT,Sun  4:05pm ET,10,36.5,28,7,87%,54%,1,2,11.10,10.96,6.71
QB,ABT,Dak Prescott,DAL,DET,Sun  4:25pm ET,7,52.5,6,23,99%,65%,77,3,16.38,18.09,19.40
DST,ABT,Seahawks,SEA,SF,Thu  8:15pm ET,10,47.5,19,17,85%,78%,1,2,11.00,8.20,6.50
WR,ABT,Jermaine Burton,CIN,@NYG,Sun  8:20pm ET,12,49,---,12,7%,1%,5,3,0.00,1.14,1.70
WR,ABT,Roman Wilson,PIT,@LV,Sun  4:05pm ET,9,36.5,---,16,5%,1%,3,3,0.00,0.00,0.70
WR,ABT,Keenan Allen,CHI,JAC,Sun  9:30am ET,7,44.5,---,32,74%,23%,7,2,4.30,4.03,5.41
RB,ABT,Saquon Barkley,PHI,CLE,Sun  1:00pm ET,5,43.5,2,16,100%,20%,131,2,0.00,27.25,19.01
RB,ABT,Kenneth Gainwell,PHI,CLE,Sun  1:00pm ET,5,43.5,---,16,13%,1%,1,2,0.00,1.48,2.90
RB,ABT,Jeremy McNichols,WAS,@BAL,Sun  1:00pm ET,14,52.5,---,3,45%,17%,1,2,12.40,7.18,3.60
RB,ABT,Carson Steele,KC,BYE,,6,,---,,35%,3%,1,2,3.20,3.98,0.00
WR,ABT,Puka Nacua,LAR,BYE,,6,,---,,97%,2%,85,4,0.00,5.20,0.00
RB,ABT,Keaton Mitchell,BAL,WAS,Sun  1:00pm ET,14,52.5,---,19,10%,1%,1,4,0.00,0.00,0.00
QB,CLC,Jordan Love,GB,ARI,Sun  1:00pm ET,10,49.5,4,27,99%,80%,100,4,16.96,20.84,20.01
RB,CLC,Breece Hall,NYJ,BUF,Mon  8:15pm ET,12,41,14,31,100%,98%,145,2,5.70,13.10,11.61
RB,CLC,Zack Moss,CIN,@NYG,Sun  8:20pm ET,12,49,---,14,99%,64%,17,3,6.20,14.30,8.00
WR,CLC,Nico Collins,HOU,@NE,Sun  1:00pm ET,14,37.5,---,15,100%,90%,40,4,15.80,20.34,6.01
WR,CLC,Jaylen Waddle,MIA,BYE,,6,,---,,93%,22%,34,4,6.60,7.50,0.00
TE,CLC,Dalton Kincaid,BUF,@NYJ,Mon  8:15pm ET,12,41,9,3,95%,80%,50,2,4.40,5.92,4.41
RB,CLC,Justice Hill,BAL,WAS,Sun  1:00pm ET,14,52.5,32,19,77%,40%,1,2,5.50,9.64,7.10
RB,CLC,Jordan Mason,SF,@SEA,Thu  8:15pm ET,9,47.5,5,17,98%,97%,1,2,12.80,21.24,13.00
QB,CLC,Justin Fields,PIT,@LV,Sun  4:05pm ET,9,36.5,15,17,91%,64%,5,4,17.94,20.53,18.08
DST,CLC,Bears,CHI,JAC,Sun  9:30am ET,7,44.5,6,21,86%,79%,1,1,16.00,11.80,9.60
QB,CLC,Tyler Huntley,MIA,BYE,,6,,---,,9%,3%,3,2,7.46,11.15,0.00
WR,CLC,Ja'Lynn Polk,NE,HOU,Sun  1:00pm ET,14,37.5,---,20,14%,2%,3,3,2.30,3.28,3.51
WR,CLC,DeVonta Smith,PHI,CLE,Sun  1:00pm ET,5,43.5,18,21,100%,12%,45,4,0.00,14.30,10.22
WR,CLC,Rome Odunze,CHI,JAC,Sun  9:30am ET,7,44.5,---,32,72%,21%,25,3,7.00,7.36,5.91
WR,CLC,Darnell Mooney,ATL,@CAR,Sun  4:25pm ET,12,47.5,21,23,72%,39%,1,2,28.50,13.20,9.42
RB,CLC,Javonte Williams,DEN,LAC,Sun  4:05pm ET,14,35.5,21,5,94%,60%,23,3,15.10,9.00,8.20
QB,CLC,Malik Willis,GB,ARI,Sun  1:00pm ET,10,49.5,---,27,5%,1%,1,2,0.00,14.45,0.86
WR,CLC,Ricky Pearsall,SF,@SEA,Thu  8:15pm ET,9,47.5,---,10,10%,1%,5,3,0.00,0.00,0.00
QB,CPC,Derek Carr,NO,TB,Sun  1:00pm ET,12,45.5,---,31,62%,14%,3,2,12.60,14.75,14.71
RB,CPC,JK Dobbins,LAC,@DEN,Sun  4:05pm ET,5,35.5,18,10,99%,15%,16,2,0.00,16.65,11.90
RB,CPC,Derrick Henry,BAL,WAS,Sun  1:00pm ET,14,52.5,1,19,100%,100%,85,2,21.60,27.22,17.10
WR,CPC,Ja'Marr Chase,CIN,@NYG,Sun  8:20pm ET,12,49,1,12,100%,100%,84,4,39.30,19.86,13.12
WR,CPC,Tee Higgins,CIN,@NYG,Sun  8:20pm ET,12,49,20,12,98%,68%,17,4,26.30,14.40,8.31
TE,CPC,George Kittle,SF,@SEA,Thu  8:15pm ET,9,47.5,2,21,100%,90%,25,2,17.40,13.38,9.72
RB,CPC,Tony Pollard,TEN,IND,Sun  1:00pm ET,5,42.5,11,26,99%,14%,48,2,0.00,15.07,10.90
RB,CPC,Brian Robinson,WAS,@BAL,Sun  1:00pm ET,14,52.5,17,3,100%,83%,18,3,15.80,17.86,8.80
QB,CPC,Sam Darnold,MIN,BYE,,6,,---,,82%,30%,2,2,6.26,17.91,0.00
DST,CPC,Jets,NYJ,BUF,Mon  8:15pm ET,12,41,10,3,100%,87%,2,2,10.00,8.80,7.30
QB,CPC,Drake Maye,NE,HOU,Sun  1:00pm ET,14,37.5,---,21,13%,1%,10,3,0.00,3.08,3.13
RB,CPC,James Cook,BUF,@NYJ,Mon  8:15pm ET,12,41,7,8,100%,96%,70,2,21.90,19.04,8.90
TE,CPC,Ja'Tavion Sanders,CAR,ATL,Sun  4:25pm ET,11,47.5,---,25,3%,1%,3,3,2.30,1.22,2.30
WR,CPC,Tyreek Hill,MIA,BYE,,6,,---,,100%,69%,105,2,9.90,10.34,0.00
WR,CPC,Ladd McConkey,LAC,@DEN,Sun  4:05pm ET,5,35.5,40,2,66%,3%,5,3,0.00,9.90,6.11
WR,CPC,Jakobi Meyers,LV,PIT,Sun  4:05pm ET,10,36.5,29,14,78%,43%,1,3,11.20,10.12,8.21
WR,CPC,Tyler Lockett,SEA,SF,Thu  8:15pm ET,10,47.5,42,11,57%,19%,1,2,10.50,8.88,6.01
WR,CPC,Dontayvion Wicks,GB,ARI,Sun  1:00pm ET,10,49.5,39,17,89%,67%,3,4,3.00,7.68,6.32
DST,CPC,Vikings,MIN,BYE,,6,,---,,95%,81%,1,2,17.00,15.80,0.00
QB,DDD,Jacoby Brissett,NE,HOU,Sun  1:00pm ET,14,37.5,---,21,6%,2%,2,2,7.40,8.19,7.80
RB,DDD,De'Von Achane,MIA,BYE,,6,,---,,100%,78%,79,2,2.80,13.00,0.00
RB,DDD,Kenneth Walker,SEA,SF,Thu  8:15pm ET,10,47.5,3,15,100%,97%,76,2,12.60,23.70,12.40
WR,DDD,Tank Dell,HOU,@NE,Sun  1:00pm ET,14,37.5,37,15,86%,26%,29,4,4.80,6.38,7.41
WR,DDD,Zay Flowers,BAL,WAS,Sun  1:00pm ET,14,52.5,19,27,98%,68%,21,4,18.00,9.70,8.11
TE,DDD,Mike Gesicki,CIN,@NYG,Sun  8:20pm ET,12,49,19,10,48%,20%,1,2,5.10,5.54,3.90
RB,DDD,Tank Bigsby,JAC,@CHI,Sun  9:30am ET,12,44.5,25,22,44%,12%,1,2,28.90,10.22,10.00
RB,DDD,Bucky Irving,TB,@NO,Sun  1:00pm ET,11,45.5,33,12,88%,33%,3,3,6.60,9.06,6.20
QB,DDD,Deshaun Watson,CLE,@PHI,Sun  1:00pm ET,10,43.5,23,18,64%,33%,10,4,8.40,13.84,16.06
DST,DDD,Texans,HOU,@NE,Sun  1:00pm ET,14,37.5,5,29,63%,41%,1,2,2.00,5.80,9.90
QB,DDD,Jared Goff,DET,@DAL,Sun  4:25pm ET,5,52.5,18,22,91%,9%,71,2,0.00,16.27,17.67
WR,DDD,Adonai Mitchell,IND,@TEN,Sun  1:00pm ET,14,42.5,---,1,14%,1%,5,3,7.16,2.67,3.56
WR,DDD,Malik Nabers,NYG,CIN,Sun  8:20pm ET,11,49,---,18,98%,11%,30,3,0.00,19.25,0.00
WR,DDD,Olamide Zaccheaus,WAS,@BAL,Sun  1:00pm ET,14,52.5,---,31,1%,1%,1,2,1.00,4.08,0.70
TE,DDD,Sam LaPorta,DET,@DAL,Sun  4:25pm ET,5,52.5,8,13,97%,16%,66,4,0.00,5.67,6.81
RB,DDD,Jahmyr Gibbs,DET,@DAL,Sun  4:25pm ET,5,52.5,4,28,100%,21%,102,4,0.00,20.02,14.71
WR,DDD,Quentin Johnston,LAC,@DEN,Sun  4:05pm ET,5,35.5,---,2,56%,3%,1,2,0.00,9.90,6.92
RB,DDD,Jaleel McLaughlin,DEN,LAC,Sun  4:05pm ET,14,35.5,39,5,37%,6%,1,2,9.50,5.58,5.21
QB,LBC,Anthony Richardson,IND,@TEN,Sun  1:00pm ET,14,42.5,---,13,87%,5%,161,2,0.00,14.06,10.28
RB,LBC,Travis Etienne,JAC,@CHI,Sun  9:30am ET,12,44.5,22,22,100%,78%,66,2,10.00,12.44,7.90
RB,LBC,Rhamondre Stevenson,NE,HOU,Sun  1:00pm ET,14,37.5,---,9,98%,50%,27,3,19.20,14.06,9.10
WR,LBC,Brandon Aiyuk,SF,@SEA,Thu  8:15pm ET,9,47.5,9,10,100%,85%,34,4,20.70,9.48,8.71
WR,LBC,Drake London,ATL,@CAR,Sun  4:25pm ET,12,47.5,5,23,100%,91%,36,4,30.40,14.28,10.22
TE,LBC,Brock Bowers,LV,PIT,Sun  4:05pm ET,10,36.5,1,15,94%,77%,15,3,19.70,10.90,7.71
WR,LBC,Jerry Jeudy,CLE,@PHI,Sun  1:00pm ET,10,43.5,43,30,78%,40%,1,4,2.60,8.06,6.61
WR,LBC,Jaxon Smith-Njigba,SEA,SF,Thu  8:15pm ET,10,47.5,38,11,89%,44%,5,4,11.10,9.14,6.21
QB,LBC,Bo Nix,DEN,LAC,Sun  4:05pm ET,14,35.5,24,4,29%,9%,5,3,25.14,16.31,15.06
DST,LBC,Steelers,PIT,@LV,Sun  4:05pm ET,9,36.5,2,30,89%,70%,1,1,9.00,9.20,8.60
WR,LBC,Devontez Walker,BAL,WAS,Sun  1:00pm ET,14,52.5,---,27,1%,1%,3,3,0.00,0.00,1.40
WR,LBC,Jordan Whittington,LAR,BYE,,6,,---,,22%,10%,1,2,12.90,6.02,0.00
TE,LBC,Trey McBride,ARI,@GB,Sun  1:00pm ET,11,49.5,5,23,94%,59%,21,4,7.30,7.38,5.91
RB,LBC,Raheem Mostert,MIA,BYE,,6,,---,,83%,10%,15,2,13.80,8.35,0.00
WR,LBC,Michael Pittman,IND,@TEN,Sun  1:00pm ET,14,42.5,24,1,96%,74%,16,4,11.70,7.96,7.21
WR,LBC,Michael Wilson,ARI,@GB,Sun  1:00pm ET,11,49.5,---,26,36%,10%,1,4,11.80,7.12,5.51
TE,LBC,Evan Engram,JAC,@CHI,Sun  9:30am ET,12,44.5,12,7,70%,7%,6,3,0.00,0.50,5.51
QB,LBC,Aaron Rodgers,NYJ,BUF,Mon  8:15pm ET,12,41,20,12,65%,16%,8,2,11.76,14.24,11.94
RB,LBC,Isiah Pacheco,KC,BYE,,6,,---,,94%,2%,68,3,0.00,16.95,0.00
QB,LC,Jalen Hurts,PHI,CLE,Sun  1:00pm ET,5,43.5,5,9,100%,18%,180,2,0.00,20.88,22.14
RB,LC,Zach Charbonnet,SEA,SF,Thu  8:15pm ET,10,47.5,38,15,83%,14%,4,4,4.00,13.42,5.30
RB,LC,James Conner,ARI,@GB,Sun  1:00pm ET,11,49.5,9,18,100%,93%,19,2,19.00,18.90,11.30
WR,LC,DeAndre Hopkins,TEN,IND,Sun  1:00pm ET,5,42.5,48,24,63%,3%,11,2,0.00,6.03,6.61
WR,LC,Allen Lazard,NYJ,BUF,Mon  8:15pm ET,12,41,41,5,56%,19%,1,2,11.40,12.60,6.01
TE,LC,Dalton Schultz,HOU,@NE,Sun  1:00pm ET,14,37.5,17,20,46%,16%,3,2,5.40,3.52,4.21
WR,LC,DK Metcalf,SEA,SF,Thu  8:15pm ET,10,47.5,12,11,100%,98%,31,4,5.50,12.62,9.61
WR,LC,Rashid Shaheed,NO,TB,Sun  1:00pm ET,12,45.5,30,25,92%,50%,1,3,17.60,13.10,9.31
WR,LC,Xavier Legette,CAR,ATL,Sun  4:25pm ET,11,47.5,47,19,52%,20%,5,3,1.80,6.22,6.51
DST,LC,49ers,SF,@SEA,Thu  8:15pm ET,9,47.5,9,26,100%,93%,1,3,9.00,10.20,8.60
QB,LC,Patrick Mahomes,KC,BYE,,6,,---,,100%,73%,200,2,16.44,15.38,0.00
RB,LC,Tyler Allgeier,ATL,@CAR,Sun  4:25pm ET,12,47.5,34,32,66%,14%,11,2,3.50,6.86,7.20
RB,LC,Jamaal Williams,NO,TB,Sun  1:00pm ET,12,45.5,---,13,12%,1%,1,2,0.90,4.96,3.20
RB,LC,Jeff Wilson,MIA,BYE,,6,,---,,7%,1%,1,2,0.00,1.55,0.00
WR,LC,Xavier Worthy,KC,BYE,,6,,---,,97%,62%,15,3,10.80,11.22,0.00
TE,LC,Ben Sinnott,WAS,@BAL,Sun  1:00pm ET,14,52.5,---,27,7%,1%,3,3,0.00,0.00,0.60
TE,LC,Juwan Johnson,NO,TB,Sun  1:00pm ET,12,45.5,22,11,16%,6%,1,2,5.10,3.20,5.11
QB,LC,Gardner Minshew,LV,PIT,Sun  4:05pm ET,10,36.5,---,7,14%,3%,1,2,9.68,10.73,8.91
RB,LC,Jaylen Warren,PIT,@LV,Sun  4:05pm ET,9,36.5,---,24,53%,2%,11,4,0.00,4.20,5.60
QB,MB,Kyler Murray,ARI,@GB,Sun  1:00pm ET,11,49.5,9,11,98%,57%,51,2,27.10,20.32,17.48
RB,MB,Aaron Jones,MIN,BYE,,6,,---,,100%,77%,14,2,6.30,16.74,0.00
RB,MB,Bijan Robinson,ATL,@CAR,Sun  4:25pm ET,12,47.5,6,32,100%,99%,143,3,9.70,14.32,13.30
WR,MB,Tutu Atwell,LAR,BYE,,6,,---,,44%,20%,1,2,8.50,8.16,0.00
WR,MB,Marvin Harrison,ARI,@GB,Sun  1:00pm ET,11,49.5,8,26,100%,96%,45,3,5.60,13.18,8.31
TE,MB,Travis Kelce,KC,BYE,,6,,---,,100%,90%,47,2,11.00,6.58,0.00
RB,MB,Cam Akers,HOU,@NE,Sun  1:00pm ET,14,37.5,29,21,62%,30%,1,2,12.70,8.10,8.00
RB,MB,Ray Davis,BUF,@NYJ,Mon  8:15pm ET,12,41,---,8,43%,8%,1,4,0.40,4.28,3.00
QB,MB,Matthew Stafford,LAR,BYE,,6,,---,,51%,13%,21,2,12.40,10.30,0.00
DST,MB,Buccaneers,TB,@NO,Sun  1:00pm ET,11,45.5,11,13,27%,14%,1,2,3.00,5.60,5.70
RB,MB,Isaac Guerendo,SF,@SEA,Thu  8:15pm ET,9,47.5,---,17,9%,1%,3,3,3.20,0.62,1.60
WR,MB,Cooper Kupp,LAR,BYE,,6,,---,,100%,2%,33,2,0.00,14.85,0.00
WR,MB,Josh Palmer,LAC,@DEN,Sun  4:05pm ET,5,35.5,---,2,22%,1%,1,2,0.00,3.67,4.40
WR,MB,Amon-Ra St Brown,DET,@DAL,Sun  4:25pm ET,5,52.5,4,8,100%,21%,93,4,0.00,13.87,12.52
RB,MB,Zamir White,LV,PIT,Sun  4:05pm ET,10,36.5,---,7,66%,5%,16,2,0.00,4.20,3.90
RB,MB,Ty Chandler,MIN,BYE,,6,,---,,50%,4%,4,2,4.90,5.38,0.00
RB,MB,Khalil Herbert,CHI,JAC,Sun  9:30am ET,7,44.5,---,23,17%,2%,2,2,0.00,2.20,3.60
QB,MB,Will Levis,TEN,IND,Sun  1:00pm ET,5,42.5,22,30,14%,1%,9,4,0.00,9.81,14.67
QB,MB,Bryce Young,CAR,ATL,Sun  4:25pm ET,11,47.5,---,24,7%,1%,10,3,3.12,5.24,0.82
QB,NBB,Josh Allen,BUF,@NYJ,Mon  8:15pm ET,12,41,8,3,100%,96%,199,3,17.64,21.56,15.80
RB,NBB,Blake Corum,LAR,BYE,,6,,---,,31%,1%,5,3,6.30,2.22,0.00
RB,NBB,D'Andre Swift,CHI,JAC,Sun  9:30am ET,7,44.5,15,23,100%,85%,39,2,24.00,13.38,8.10
WR,NBB,Mike Evans,TB,@NO,Sun  1:00pm ET,11,45.5,10,13,100%,97%,43,2,23.20,15.12,9.92
WR,NBB,Jayden Reed,GB,ARI,Sun  1:00pm ET,10,49.5,6,17,99%,97%,8,4,12.70,17.48,13.01
TE,NBB,Kyle Pitts,ATL,@CAR,Sun  4:25pm ET,12,47.5,7,29,87%,55%,16,2,12.80,6.66,5.91
WR,NBB,Terry McLaurin,WAS,@BAL,Sun  1:00pm ET,14,52.5,23,31,98%,85%,12,2,13.40,10.90,8.51
WR,NBB,Brian Thomas,JAC,@CHI,Sun  9:30am ET,12,44.5,14,6,95%,77%,10,3,21.20,15.20,7.91
QB,NBB,Trevor Lawrence,JAC,@CHI,Sun  9:30am ET,12,44.5,19,1,70%,32%,65,4,23.24,15.30,13.80
DST,NBB,Bills,BUF,@NYJ,Mon  8:15pm ET,12,41,3,23,82%,56%,4,2,6.00,10.60,10.60
RB,NBB,Nick Chubb,CLE,@PHI,Sun  1:00pm ET,10,43.5,---,20,97%,3%,41,1,0.00,0.00,6.30
RB,NBB,Gus Edwards,LAC,@DEN,Sun  4:05pm ET,5,35.5,44,10,40%,1%,4,2,0.00,3.62,4.50
RB,NBB,Will Shipley,PHI,CLE,Sun  1:00pm ET,5,43.5,---,16,4%,1%,3,3,0.00,0.00,1.70
TE,NBB,Dallas Goedert,PHI,CLE,Sun  1:00pm ET,5,43.5,6,8,92%,13%,4,2,0.00,9.53,7.31
WR,NBB,Chris Godwin,TB,@NO,Sun  1:00pm ET,11,45.5,7,13,99%,93%,3,2,11.60,16.56,8.41
WR,NBB,Jameson Williams,DET,@DAL,Sun  4:25pm ET,5,52.5,22,8,95%,12%,5,2,0.00,13.43,10.42
WR,NBB,Gabe Davis,JAC,@CHI,Sun  9:30am ET,12,44.5,---,6,26%,4%,2,2,2.80,4.22,4.21
TE,NBB,David Njoku,CLE,@PHI,Sun  1:00pm ET,10,43.5,---,4,77%,18%,10,2,2.40,3.90,5.81
WR,NBB,Khalil Shakir,BUF,@NYJ,Mon  8:15pm ET,12,41,---,7,87%,5%,14,4,0.00,11.55,2.70
QB,PCP,Joe Burrow,CIN,@NYG,Sun  8:20pm ET,12,49,3,19,99%,78%,93,2,33.78,21.34,18.98
RB,PCP,Braelon Allen,NYJ,BUF,Mon  8:15pm ET,12,41,36,31,82%,17%,3,3,3.80,9.10,6.60
RB,PCP,Rico Dowdle,DAL,DET,Sun  4:25pm ET,7,52.5,23,4,90%,47%,5,2,25.40,12.44,11.91
WR,PCP,Keon Coleman,BUF,@NYJ,Mon  8:15pm ET,12,41,---,7,62%,15%,10,3,11.90,7.10,5.01
WR,PCP,CeeDee Lamb,DAL,DET,Sun  4:25pm ET,7,52.5,2,28,100%,100%,126,4,8.40,13.26,14.22
TE,PCP,Pat Freiermuth,PIT,@LV,Sun  4:05pm ET,9,36.5,10,17,86%,66%,3,2,8.20,7.56,6.01
RB,PCP,Kyren Williams,LAR,BYE,,6,,---,,100%,84%,96,2,23.50,22.82,0.00
WR,PCP,Garrett Wilson,NYJ,BUF,Mon  8:15pm ET,12,41,17,5,100%,83%,34,4,23.10,11.74,8.11
QB,PCP,Geno Smith,SEA,SF,Thu  8:15pm ET,10,47.5,16,14,85%,47%,3,1,24.56,20.29,16.62
DST,PCP,Ravens,BAL,WAS,Sun  1:00pm ET,14,52.5,12,2,92%,67%,7,4,1.00,5.60,7.70
RB,PCP,Trey Benson,ARI,@GB,Sun  1:00pm ET,11,49.5,---,18,46%,3%,5,3,0.00,3.58,2.90
RB,PCP,Ezekiel Elliott,DAL,DET,Sun  4:25pm ET,7,52.5,48,4,46%,6%,3,2,3.70,5.48,4.60
WR,PCP,AJ Brown,PHI,CLE,Sun  1:00pm ET,5,43.5,3,21,100%,17%,79,3,0.00,22.90,12.02
TE,PCP,TJ Hockenson,MIN,BYE,,6,,---,,71%,1%,7,4,0.00,0.00,0.00
WR,PCP,Rashee Rice,KC,BYE,,6,,---,,89%,1%,6,4,0.00,14.22,0.00
QB,PCP,Daniel Jones,NYG,CIN,Sun  8:20pm ET,11,49,14,29,21%,8%,1,4,25.08,16.46,18.53
TE,PCP,Luke Musgrave,GB,ARI,Sun  1:00pm ET,10,49.5,---,18,12%,2%,3,4,0.00,0.80,3.21
RB,PCP,Dameon Pierce,HOU,@NE,Sun  1:00pm ET,14,37.5,---,21,7%,1%,3,2,0.00,2.60,1.90
RB,PCP,Tyjae Spears,TEN,IND,Sun  1:00pm ET,5,42.5,35,26,59%,3%,7,2,0.00,8.07,7.00
QB,PP,Brock Purdy,SF,@SEA,Thu  8:15pm ET,9,47.5,11,15,99%,78%,68,2,16.06,17.75,16.79
RB,PP,Josh Jacobs,GB,ARI,Sun  1:00pm ET,10,49.5,16,27,100%,95%,50,3,22.40,14.90,12.60
RB,PP,Trey Sermon,IND,@TEN,Sun  1:00pm ET,14,42.5,24,11,71%,47%,10,2,17.30,5.68,6.60
WR,PP,Amari Cooper,CLE,@PHI,Sun  1:00pm ET,10,43.5,34,30,100%,84%,11,3,8.00,8.56,8.21
WR,PP,Courtland Sutton,DEN,LAC,Sun  4:05pm ET,14,35.5,36,3,82%,47%,3,4,5.20,8.28,8.21
TE,PP,Mark Andrews,BAL,WAS,Sun  1:00pm ET,14,52.5,15,6,88%,42%,32,2,8.50,4.00,4.51
WR,PP,Jauan Jennings,SF,@SEA,Thu  8:15pm ET,9,47.5,45,10,86%,45%,7,2,2.30,14.34,6.51
WR,PP,Wan'Dale Robinson,NYG,CIN,Sun  8:20pm ET,11,49,27,18,64%,47%,5,2,13.00,10.16,8.51
QB,PP,Andy Dalton,CAR,ATL,Sun  4:25pm ET,11,47.5,21,24,25%,9%,10,2,3.74,11.30,13.06
DST,PP,Chiefs,KC,BYE,,6,,---,,78%,56%,1,2,9.00,7.80,0.00
QB,PP,Justin Herbert,LAC,@DEN,Sun  4:05pm ET,5,35.5,---,6,57%,3%,72,3,0.00,10.88,12.92
RB,PP,Devin Singletary,NYG,CIN,Sun  8:20pm ET,11,49,---,25,95%,12%,3,2,0.00,13.07,8.20
WR,PP,Davante Adams,LV,PIT,Sun  4:05pm ET,10,36.5,---,14,100%,4%,16,3,0.00,12.30,1.40
WR,PP,Calvin Ridley,TEN,IND,Sun  1:00pm ET,5,42.5,33,24,84%,8%,4,4,0.00,8.78,10.02
WR,PP,Malachi Corley,NYJ,BUF,Mon  8:15pm ET,12,41,---,5,3%,1%,3,3,0.00,0.13,0.60
TE,PP,Isaiah Likely,BAL,WAS,Sun  1:00pm ET,14,52.5,11,6,80%,42%,7,3,15.30,9.20,6.92
RB,PP,David Montgomery,DET,@DAL,Sun  4:25pm ET,5,52.5,12,28,100%,17%,42,2,0.00,20.12,11.40
QB,PP,Kirk Cousins,ATL,@CAR,Sun  4:25pm ET,12,47.5,10,26,64%,23%,11,2,34.36,15.38,18.03
RB,PP,MarShawn Lloyd,GB,ARI,Sun  1:00pm ET,10,49.5,---,27,22%,1%,5,3,0.00,1.80,0.00
QB,PP,JJ McCarthy,MIN,BYE,,6,,---,,6%,1%,35,3,0.00,0.00,0.00
RB,PP,Christian McCaffrey,SF,@SEA,Thu  8:15pm ET,9,47.5,---,17,100%,3%,102,3,0.00,0.00,0.00
QB,RR,Baker Mayfield,TB,@NO,Sun  1:00pm ET,11,45.5,7,5,94%,50%,9,3,25.40,23.45,15.50
RB,RR,Najee Harris,PIT,@LV,Sun  4:05pm ET,9,36.5,20,24,100%,82%,20,2,13.70,11.38,9.60
RB,RR,Kareem Hunt,KC,BYE,,6,,---,,89%,40%,3,2,23.70,17.60,0.00
WR,RR,Justin Jefferson,MIN,BYE,,6,,---,,100%,84%,111,2,13.20,17.40,0.00
WR,RR,Diontae Johnson,CAR,ATL,Sun  4:25pm ET,11,47.5,11,19,97%,83%,4,3,4.90,10.76,9.12
TE,RR,Cole Kmet,CHI,JAC,Sun  9:30am ET,7,44.5,14,16,79%,48%,1,2,7.70,7.98,5.01
WR,RR,Jordan Addison,MIN,BYE,,6,,---,,87%,41%,5,4,4.60,11.33,0.00
WR,RR,George Pickens,PIT,@LV,Sun  4:05pm ET,9,36.5,25,16,99%,78%,23,3,3.60,8.40,6.91
QB,RR,CJ Stroud,HOU,@NE,Sun  1:00pm ET,14,37.5,12,10,99%,79%,133,2,17.94,17.26,15.74
DST,RR,Browns,CLE,@PHI,Sun  1:00pm ET,10,43.5,13,25,75%,54%,1,2,6.00,7.00,8.20
QB,RR,Tua Tagovailoa,MIA,BYE,,6,,---,,48%,1%,50,2,0.00,13.56,0.00
RB,RR,Joe Mixon,HOU,@NE,Sun  1:00pm ET,14,37.5,---,21,100%,9%,50,2,0.00,20.40,6.10
RB,RR,Rachaad White,TB,@NO,Sun  1:00pm ET,11,45.5,27,12,98%,61%,52,2,9.20,8.80,8.00
WR,RR,Luke McCaffrey,WAS,@BAL,Sun  1:00pm ET,14,52.5,---,31,10%,2%,1,2,2.90,2.96,3.80
WR,RR,Jalen McMillan,TB,@NO,Sun  1:00pm ET,11,45.5,---,13,7%,1%,3,3,0.00,4.97,3.80
WR,RR,Mike Williams,NYJ,BUF,Mon  8:15pm ET,12,41,---,5,28%,4%,1,2,3.50,4.30,3.60
"QB,TE",RR,Taysom Hill,NO,TB,Sun  1:00pm ET,12,45.5,---,11,39%,4%,1,2,0.00,9.63,7.19
QB,RR,Michael Penix,ATL,@CAR,Sun  4:25pm ET,12,47.5,---,26,8%,1%,5,3,0.00,0.00,0.68
RB,RR,Jonathon Brooks,CAR,ATL,Sun  4:25pm ET,11,47.5,---,6,83%,1%,20,3,0.00,0.00,0.00
QB,SBS,Jayden Daniels,WAS,@BAL,Sun  1:00pm ET,14,52.5,2,28,98%,86%,40,3,23.72,27.08,20.54
RB,SBS,Antonio Gibson,NE,HOU,Sun  1:00pm ET,14,37.5,26,9,69%,30%,1,2,7.60,8.26,6.50
RB,SBS,Chuba Hubbard,CAR,ATL,Sun  4:25pm ET,11,47.5,10,6,98%,92%,2,2,16.70,17.74,13.21
WR,SBS,Stefon Diggs,HOU,@NE,Sun  1:00pm ET,14,37.5,15,15,100%,92%,39,2,13.20,14.24,8.71
WR,SBS,Christian Kirk,JAC,@CHI,Sun  9:30am ET,12,44.5,32,6,96%,76%,5,4,10.80,8.76,7.21
TE,SBS,Zach Ertz,WAS,@BAL,Sun  1:00pm ET,14,52.5,18,27,75%,48%,1,2,1.00,5.00,4.61
RB,SBS,Jerome Ford,CLE,@PHI,Sun  1:00pm ET,10,43.5,30,20,94%,53%,6,3,7.90,11.54,7.30
WR,SBS,Deebo Samuel,SF,@SEA,Thu  8:15pm ET,9,47.5,16,10,100%,96%,51,3,3.00,11.47,10.21
QB,SBS,Lamar Jackson,BAL,WAS,Sun  1:00pm ET,14,52.5,1,20,100%,98%,201,4,34.42,28.31,23.04
DST,SBS,Cowboys,DAL,DET,Sun  4:25pm ET,7,52.5,20,6,64%,40%,3,2,6.00,5.60,5.80
RB,SBS,Jonathan Taylor,IND,@TEN,Sun  1:00pm ET,14,42.5,---,11,100%,14%,101,2,0.00,22.65,7.00
WR,SBS,Troy Franklin,DEN,LAC,Sun  4:05pm ET,14,35.5,---,3,4%,1%,3,3,3.00,1.02,0.50
WR,SBS,Alec Pierce,IND,@TEN,Sun  1:00pm ET,14,42.5,46,1,29%,7%,3,2,22.40,12.96,6.61
RB,SBS,Austin Ekeler,WAS,@BAL,Sun  1:00pm ET,14,52.5,31,3,88%,26%,16,1,12.70,12.03,7.70
WR,SBS,Andrei Iosivas,CIN,@NYG,Sun  8:20pm ET,12,49,---,12,21%,7%,1,2,4.90,8.66,6.62
WR,SBS,Christian Watson,GB,ARI,Sun  1:00pm ET,10,49.5,---,17,53%,2%,17,4,0.00,4.25,3.91
WR,SBS,Rashod Bateman,BAL,WAS,Sun  1:00pm ET,14,52.5,---,27,8%,2%,1,3,14.80,8.44,5.31
QB,SBS,Russell Wilson,PIT,@LV,Sun  4:05pm ET,9,36.5,---,17,9%,1%,1,2,0.00,0.00,0.86
RB,SBS,Jaylen Wright,MIA,BYE,,6,,---,,29%,2%,5,3,12.60,4.97,0.00
