Season,TRUFFLE,Pos,Player,NFL,Salary,Contract,Ring,BenchCup
2021,AFL,QB,Joe Burrow,CIN,45,2,0,0
2021,AFL,RB,Boston Scott,PHI,1,2,0,0
2021,AFL,RB,Joe Mixon,CIN,65,2,0,0
2021,AFL,WR,Tyler Boyd,CIN,17,1,0,0
2021,AFL,WR,Terry McLaurin,WAS,52,2,0,0
2021,AFL,WR,AJ Brown,TEN,47,3,0,0
2021,AFL,TE,George Kittle, SF,37,3,0,0
2021,AFL,WR,Nico Collins,HOU,3,3,0,0
2021,AFL,QB,Trey Lance,SF,45,3,0,0
2021,AFL,QB,Jimmy Garoppolo,SF,3,2,0,0
2021,AFL,QB,Drew Lock,DEN,44,2,0,0
2021,AFL,WR,Emmanuel Sanders,BUF,3,2,0,0
2021,AFL,WR,AJ Green,ARI,6,2,0,0
2021,AFL,WR,DeVante Parker,MIA,27,2,0,0
2021,AFL,TE,Logan Thomas,WAS,1,2,0,0
2021,AFL,TE,Ricky Seals-Jones,WAS,2,2,0,0
2021,AFL,WR,Kadarius Toney,NYG,4,3,0,0
2021,AFL,WR,Curtis Samuel,WAS,7,2,0,0
2021,CC,QB,Josh Allen,BUF,79,1,0,0
2021,CC,RB,Alvin Kamara,NO,78,1,0,0
2021,CC,RB,Jonathan Taylor,IND,35,2,0,0
2021,CC,WR,Marvin Jones,JAC,10,2,0,0
2021,CC,WR,Chase Claypool,PIT,4,2,0,0
2021,CC,WR,Donovan Peoples-Jones,CLE,3,2,0,0
2021,CC,TE,Mike Gesicki,MIA,8,2,0,0
2021,CC,RB,Chase Edmonds,ARI,11,2,0,0
2021,CC,QB,Kirk Cousins,MIN,20,2,0,0
2021,CC,QB,Geno Smith,SEA,6,2,0,0
2021,CC,RB,Kenneth Gainwell,PHI,3,3,0,0
2021,CC,WR,DeAndre Hopkins,ARI,58,1,0,0
2021,CC,WR,Allen Robinson,CHI,1,2,0,0
2021,CC,WR,Rondale Moore,ARI,10,3,0,0
2021,CC,TE,Darren Waller,LV,24,1,0,0
2021,CC,RB,Devonta Freeman,BAL,15,2,0,0
2021,CC,RB,Nyheim Hines,IND,15,2,0,0
2021,CRB,QB,Ryan Tannehill,TEN,65,2,0,0
2021,CRB,RB,Myles Gaskin,MIA,1,1,0,0
2021,CRB,RB,Antonio Gibson,WAS,5,2,0,0
2021,CRB,WR,Russell Gage,ATL,2,2,0,0
2021,CRB,WR,DeVonta Smith,PHI,15,3,0,0
2021,CRB,WR,Amon-Ra St Brown,DET,5,3,0,0
2021,CRB,TE,Travis Kelce,KC,46,2,0,0
2021,CRB,RB,Tony Pollard,DAL,15,1,0,0
2021,CRB,TE,Taysom Hill,NO,2,2,0,0
2021,CRB,QB,Gardner Minshew,PHI,29,2,0,0
2021,CRB,RB,Mark Ingram,NO,3,2,0,0
2021,CRB,RB,Ronald Jones,TB,32,2,0,0
2021,CRB,RB,Dontrell Hilliard,TEN,15,2,0,0
2021,CRB,WR,Kenny Golladay,NYG,51,1,0,0
2021,CRB,WR,KJ Osborn,MIN,5,2,0,0
2021,CRB,WR,Michael Gallup,DAL,35,2,0,0
2021,CRB,TE,Zach Ertz,ARI,1,2,0,0
2021,CRB,RB,JK Dobbins,BAL,15,2,0,0
2021,ELP,QB,Aaron Rodgers,GB,68,2,0,0
2021,ELP,RB,Mike Davis,ATL,1,2,0,0
2021,ELP,RB,AJ Dillon,GB,5,2,0,0
2021,ELP,WR,Tyreek Hill,KC,67,3,0,0
2021,ELP,WR,Deebo Samuel,SF,36,2,0,0
2021,ELP,WR,Michael Pittman,IND,5,2,0,0
2021,ELP,TE,Mark Andrews,BAL,28,3,0,0
2021,ELP,WR,Marquise Brown,BAL,50,2,0,0
2021,ELP,QB,Mac Jones, NE,15,3,0,0
2021,ELP,QB,Sam Darnold,CAR,1,2,0,0
2021,ELP,QB,Jake Fromm,NYG,1,2,0,0
2021,ELP,RB,Jordan Howard,PHI,1,2,0,0
2021,ELP,RB,Samaje Perine,CIN,1,2,0,0
2021,ELP,RB,Clyde Edwards-Helaire,KC,40,2,0,0
2021,ELP,WR,Marquez Valdes-Scantling,GB,3,1,0,0
2021,ELP,WR,Jakobi Meyers,NE,10,2,0,0
2021,ELP,TE,Hunter Henry,NE,1,2,0,0
2021,ELP,WR,Mecole Hardman,KC,26,2,0,0
2021,ELP,RB,Leonard Fournette,TB,38,1,0,0
2021,FRR,QB,Patrick Mahomes,KC,72,3,0,1
2021,FRR,RB,Christian McCaffrey,CAR,104,1,0,1
2021,FRR,RB,D'Andre Swift,DET,15,2,0,1
2021,FRR,WR,Jaylen Waddle,MIA,10,3,0,1
2021,FRR,WR,Elijah Moore,NYJ,5,3,0,1
2021,FRR,WR,Ja'Marr Chase,CIN,40,3,0,1
2021,FRR,TE,TJ Hockenson,DET,21,2,0,1
2021,FRR,RB,Javonte Williams,DEN,5,3,0,1
2021,FRR,RB,Rashaad Penny,SEA,35,2,0,1
2021,FRR,QB,Jared Goff,DET,2,2,0,1
2021,FRR,RB,Duke Johnson,MIA,4,2,0,1
2021,FRR,RB,Devin Singletary,BUF,33,2,0,1
2021,FRR,WR,Robert Woods,LAR,24,2,0,1
2021,FRR,WR,Brandin Cooks,HOU,16,1,0,1
2021,FRR,WR,JuJu Smith-Schuster,PIT,46,3,0,1
2021,FRR,WR,Jerry Jeudy,DEN,25,2,0,1
2021,FRR,WR,Josh Palmer,LAC,1,2,0,1
2021,GF,QB,Jameis Winston,NO,15,2,0,0
2021,GF,RB,Michael Carter,NYJ,5,3,0,0
2021,GF,RB,Trey Sermon,SF,5,3,0,0
2021,GF,WR,Jarvis Landry,CLE,10,2,0,0
2021,GF,WR,Sterling Shepard,NYG,1,2,0,0
2021,GF,WR,Amari Rodgers,GB,4,3,0,0
2021,GF,TE,Noah Fant,DEN,14,3,0,0
2021,GF,RB,Miles Sanders,PHI,67,2,0,0
2021,GF,WR,Julio Jones,TEN,67,2,0,0
2021,GF,QB,Andy Dalton,CHI,15,2,0,0
2021,GF,QB,Case Keenum,CLE,11,2,0,0
2021,GF,QB,Russell Wilson,SEA,63,3,0,0
2021,GF,QB,Derek Carr,KV,35,3,0,0
2021,GF,QB,Brandon Allen,CIN,11,2,0,0
2021,GF,QB,Jordan Love,GV,11,2,0,0
2021,GF,RB,James Conner,ARI,69,2,0,0
2021,GF,WR,Keenan Allen,LAC,47,2,0,0
2021,GF,WR,Kendrick Bourne,NE,1,2,0,0
2021,GF,RB,James White,NE,3,2,0,0
2021,GF,WR,DJ Chark,JAC,5,2,0,0
2021,MAM,QB,Tua Tagovailoa,MIA,50,2,0,0
2021,MAM,RB,Nick Chubb,CLE,68,1,0,0
2021,MAM,RB,Josh Jacobs,LV,65,1,0,0
2021,MAM,WR,Laquon Treadwell,JAC,1,2,0,0
2021,MAM,WR,Josh Reynolds,DET,1,2,0,0
2021,MAM,WR,Courtland Sutton,DEN,49,2,0,0
2021,MAM,TE,Dallas Goedert,PHI,5,3,0,0
2021,MAM,RB,Sony Michel,LAR,1,2,0,0
2021,MAM,QB,Matt Ryan,ATL,50,2,0,0
2021,MAM,WR,Mike Evans,TB,54,2,0,0
2021,MAM,WR,Darius Slayton,NYG,21,2,0,0
2021,MAM,WR,Chris Godwin,TB,52,2,0,0
2021,MAM,WR,Dyami Brown,WAS,3,3,0,0
2021,MAM,TE,Gerald Everett,SEA,1,2,0,0
2021,MAM,TE,Dawson Knox,BUF,1,1,0,0
2021,MAM,RB,Chuba Hubbard,CAR,4,3,0,0
2021,MAM,QB,Justin Fields,CHI,30,3,0,0
2021,MAM,RB,Kenyan Drake,LV,18,2,0,0
2021,MCM,QB,Justin Herbert,LAC,30,2,0,0
2021,MCM,RB,Ezekiel Elliott,DAL,95,1,0,0
2021,MCM,RB,Darrell Williams,KC,10,2,0,0
2021,MCM,RB,Cordarrelle Patterson,ATL,15,2,0,0
2021,MCM,WR,Stefon Diggs,BUF,86,2,0,0
2021,MCM,WR,Hunter Renfrow,LV,3,2,0,0
2021,MCM,TE,Kyle Pitts,ATL,35,3,0,0
2021,MCM,RB,Damien Harris,NE,12,1,0,0
2021,MCM,QB,Dak Prescott,DAL,66,3,0,0
2021,MCM,QB,Teddy Bridewater,DEN,6,2,0,0
2021,MCM,QB,Taylor Heinicke,WAS,1,1,0,0
2021,MCM,QB,Ian Book,NO,3,3,0,0
2021,MCM,RB,Devontae Booker,NYG,20,1,0,0
2021,MCM,RB,Kareem Hunt,CLE,34,1,0,0
2021,MCM,WR,Jakeem Grant,CHI,2,2,0,0
2021,MCM,WR,Mike Williams,LAC,15,2,0,0
2021,MCM,RB,Travis Etienne,JAC,10,3,0,0
2021,MCM,WR,Jamal Agnew,JAC,1,2,0,0
2021,MWM,QB,Tom Brady,TB,77,1,0,0
2021,MWM,RB,Aaron Jones,GB,70,1,0,0
2021,MWM,RB,Dalvin Cook,MIN,90,1,0,0
2021,MWM,WR,Cooper Kupp,LAR,53,2,0,0
2021,MWM,WR,Van Jefferson,LAR,3,2,0,0
2021,MWM,WR,DK Metcalf,SEA,52,2,0,0
2021,MWM,TE,CJ Uzomah,CIN,1,2,0,0
2021,MWM,RB,Rhamondre Stevenson,NE,3,3,0,0
2021,MWM,QB,Jalen Hurts,PHI,1,1,0,0
2021,MWM,RB,Alexander Mattison,MIN,3,1,0,0
2021,MWM,WR,Adam Thielen,MIN,59,2,0,0
2021,MWM,RB,Darrell Henderson,LAR,8,1,0,0
2021,MWM,RB,James Robinson,JAC,4,1,0,0
2021,MWM,QB,Baker Mayfield,CLE,30,1,0,0
2021,MWM,WR,Corey Davis,NYJ,4,1,0,0
2021,NN,QB,Kyler Murray,ARI,82,1,0,0
2021,NN,RB,Justin Jackson,LAC,1,2,0,0
2021,NN,RB,Cam Akers,LAR,15,2,0,0
2021,NN,WR,Cole Beasley,BUF,6,2,0,0
2021,NN,WR,Amari Cooper,DAL,49,2,0,0
2021,NN,WR,Christian Kirk,ARI,2,2,0,0
2021,NN,TE,Pat Freiermuth,PIT,3,3,0,0
2021,NN,WR,Odell Beckham,LAR,18,2,0,0
2021,NN,TE,Tyler Higbee,LAR,1,2,0,0
2021,NN,QB,Deshaun Watson,HOU,62,3,0,0
2021,NN,QB,Kyle Trask,TB,4,3,0,0
2021,NN,RB,Melvin Gordon,DEN,25,1,0,0
2021,NN,RB,JD McKissic,WAS,13,1,0,0
2021,NN,RB,Chris Carson,SEA,59,2,0,0
2021,NN,WR,Cyril Grayson,TB,1,2,0,0
2021,NN,WR,Justin Jefferson,MIN,5,2,0,0
2021,NN,QB,Trevor Lawrence,JAC,50,3,0,0
2021,NN,WR,Calvin Ridley,ATL,54,3,0,0
2021,NN,WR,Will Fuller,MIA,41,1,0,0
2021,VD,QB,Matthew Stafford,LAR,49,1,0,0
2021,VD,RB,Saquon Barkley,NYG,97,1,0,0
2021,VD,RB,Austin Ekeler,LAC,55,2,0,0
2021,VD,WR,Antonio Brown,TB,1,1,0,0
2021,VD,WR,Davante Adams,GB,67,1,0,0
2021,VD,WR,Diontae Johnson,PIT,28,2,0,0
2021,VD,TE,Dalton Schultz,DAL,5,2,0,0
2021,VD,RB,David Montgomery,CHI,30,2,0,0
2021,VD,QB,Ben Roethlisberger,PIT,11,1,0,0
2021,VD,RB,D'Onta Foreman,TEN,3,2,0,0
2021,VD,RB,Khalil Herbert,CHI,1,2,0,0
2021,VD,WR,Jamison Crowder,NYJ,5,2,0,0
2021,VD,WR,Darnell Mooney,CHI,2,2,0,0
2021,VD,WR,Laviska Shenault,JAC,4,2,0,0
2021,VD,TE,Cole Kmet,CHI,1,1,0,0
2021,VD,QB,Davis Mills,HOU,3,3,0,0
2021,VD,QB,Zach Wilson,NYJ,20,3,0,0
2021,VD,RB,Derrick Henry,TEN,95,1,0,0
2021,WLW,QB,Carson Wentz,IND,35,2,1,0
2021,WLW,RB,Najee Harris,PIT,25,3,1,0
2021,WLW,RB,Elijah Mitchell,SF,59,1,1,0
2021,WLW,WR,Tyler Lockett,SEA,60,2,1,0
2021,WLW,WR,Tee Higgins,CIN,5,2,1,0
2021,WLW,WR,CeeDee Lamb,DAL,20,2,1,0
2021,WLW,TE,Rob Gronkowski,TB,19,1,1,0
2021,WLW,WR,DJ Moore,CAR,46,2,1,0
2021,WLW,QB,Tyler Huntley,BAL,10,2,1,0
2021,WLW,QB,Lamar Jackson,BAL,83,3,1,0
2021,WLW,QB,Sam Ehlinger,IND,1,2,1,0
2021,WLW,RB,Zack Moss,BUF,3,2,1,0
2021,WLW,RB,Jeff Wilson,SF,2,2,1,0
2021,WLW,WR,Michael Thomas,NO,52,3,1,0
2021,WLW,WR,Bryan Edwards,LV,2,2,1,0
2021,WLW,WR,Gabe Davis,BUF,2,2,1,0
2021,WLW,WR,Rashod Bateman,BAL,5,3,1,0
2021,WLW,WR,Terrace Marshall,CAR,4,3,1,0
2021,WLW,QB,Daniel Jones,NYG,48,2,1,0
2020,AFL,QB,Drew Lock,DEN,44,3,0,0
2020,AFL,RB,Phillip Lindsay,DEN,25,2,0,0
2020,AFL,RB,Sony Michel,NE,16,2,0,0
2020,AFL,WR,Jarvis Landry,CLE,28,2,0,0
2020,AFL,WR,Terry McLaurin,WAS,52,3,0,0
2020,AFL,WR,AJ Brown,TEN,47,4,0,0
2020,AFL,TE,George Kittle,SF,37,4,0,0
2020,AFL,WR,Jakobi Meyers,NE,3,2,0,0
2020,AFL,WR,Russell Gage,ATL,2,2,0,0
2020,AFL,RB,Todd Gurley,ATL,50,2,0,0
2020,AFL,RB,Brian Hill,ATL,9,2,0,0
2020,AFL,RB,Anthony McFarland,PIT,3,3,0,0
2020,AFL,WR,Keelan Cole,JAC,1,2,0,0
2020,AFL,TE,Jordan Reed,SF,1,2,0,0
2020,AFL,WR,DeVante Parker,MIA,27,3,0,0
2020,AFL,RB,Peyton Barber,WAS,8,2,0,0
2020,AFL,WR,Tyler Boyd,CIN,21,2,0,0
2020,AFL,WR,Denzel Mims,NYJ,4,3,0,0
2020,AFL,QB,Joe Burrow,CIN,45,3,0,0
2020,AFL,RB,Joe Mixon,CIN,65,3,0,0
2020,CC,QB,Josh Allen,BUF,79,2,1,0
2020,CC,RB,Alvin Kamara,NO,78,2,1,0
2020,CC,RB,Jonathan Taylor,IND,35,3,1,0
2020,CC,WR,DeAndre Hopkins,ARI,58,2,1,0
2020,CC,WR,Chase Claypool,PIT,4,3,1,0
2020,CC,WR,Steven Sims,WAS,4,3,1,0
2020,CC,TE,Darren Waller,LV,24,2,1,0
2020,CC,RB,Latavius Murray,NO,18,2,1,0
2020,CC,QB,Kirk Cousins,MIN,20,3,1,0
2020,CC,QB,Andy Dalton,DAL,10,2,1,0
2020,CC,RB,Chase Edmonds,ARI,11,3,1,0
2020,CC,WR,Michael Thomas,NO,77,2,1,0
2020,CC,WR,John Brown,BUF,17,1,1,0
2020,CC,WR,Donovan Peoples-Jones,CLE,3,3,1,0
2020,CC,TE,Irv Smith,MIN,8,2,1,0
2020,CC,RB,Raheem Mostert,SF,46,2,1,0
2020,CRB,QB,Ryan Tannehill,TEN,21,1,0,0
2020,CRB,RB,JK Dobbins,BAL,15,3,0,0
2020,CRB,RB,Antonio Gibson,WAS,5,3,0,0
2020,CRB,WR,Robert Woods,LAR,52,2,0,0
2020,CRB,WR,Mike Williams,LAC,5,2,0,0
2020,CRB,WR,Hunter Renfrow,LV,7,2,0,0
2020,CRB,TE,Travis Kelce,KC,46,3,0,0
2020,CRB,RB,Myles Gaskin,MIA,1,2,0,0
2020,CRB,QB,Daniel Jones,NYG,40,2,0,0
2020,CRB,RB,Ezekiel Elliott,DAL,95,2,0,0
2020,CRB,RB,Tony Pollard,DAL,15,2,0,0
2020,CRB,WR,Kenny Golladay,DET,51,2,0,0
2020,CRB,WR,Deebo Samuel,SF,36,2,0,0
2020,CRB,QB,Ryan Fitzpatrick,MIA,23,1,0,0
2020,CRB,RB,Ronald Jones,TB,21,1,0,0
2020,CRB,QB,Gardner Minshew,JAC,29,3,0,0
2020,CRB,QB,Nick Mullens,SF,17,1,0,0
2020,ELP,QB,Aaron Rodgers,GB,68,3,0,0
2020,ELP,RB,Le'Veon Bell,KC,48,2,0,0
2020,ELP,RB,Gus Edwards,BAL,1,2,0,0
2020,ELP,WR,Tyreek Hill,KC,67,4,0,0
2020,ELP,WR,Michael Pittman,IND,5,3,0,0
2020,ELP,WR,Marquise Brown,BAL,50,3,0,0
2020,ELP,TE,Mark Andrews,BAL,28,4,0,0
2020,ELP,TE,TJ Hockenson,DET,9,2,0,0
2020,ELP,WR,Nelson Agholor,LV,7,2,0,0
2020,ELP,QB,Jimmy Garoppolo,SF,31,2,0,0
2020,ELP,RB,Adrian Peterson,DET,1,2,0,0
2020,ELP,WR,Parris Campbell,IND,7,2,0,0
2020,ELP,WR,KJ Hill,LAC,3,3,0,0
2020,ELP,WR,Preston Williams,MIA,23,2,0,0
2020,ELP,WR,N'Keal Harry,NE,17,3,0,0
2020,ELP,WR,Emmanuel Sanders,NO,6,2,0,0
2020,ELP,WR,Marquez Valdes-Scantling,GB,3,2,0,0
2020,ELP,RB,AJ Dillon,GB,5,3,0,0
2020,ELP,RB,Marlon Mack,IND,1,2,0,0
2020,ELP,RB,Saquon Barkley,NYG,97,2,0,0
2020,FRR,QB,Patrick Mahomes,KC,72,4,0,0
2020,FRR,RB,Christian McCaffrey,CAR,104,2,0,0
2020,FRR,RB,Austin Ekeler,LAC,55,3,0,0
2020,FRR,WR,Robby Anderson,CAR,1,2,0,0
2020,FRR,WR,Allen Robinson,CHI,56,2,0,0
2020,FRR,WR,DK Metcalf,SEA,52,3,0,0
2020,FRR,TE,Logan Thomas,WAS,4,2,0,0
2020,FRR,RB,Clyde Edwards-Helaire,KC,40,3,0,0
2020,FRR,RB,James Robinson,JAC,4,2,0,0
2020,FRR,QB,Jameis Winston,NO,1,2,0,0
2020,FRR,QB,Jordan Love,GB,3,3,0,0
2020,FRR,RB,Mike Davis,CAR,10,2,0,0
2020,FRR,RB,Ke'Shawn Vaughn,TB,1,2,0,0
2020,FRR,RB,Lamical Perine,NYJ,1,2,0,0
2020,FRR,WR,Tyron Johnson,LAC,1,2,0,0
2020,FRR,WR,Darnell Mooney,CHI,2,3,0,0
2020,FRR,WR,Jerry Jeudy,DEN,25,3,0,0
2020,FRR,WR,Gabe Davis,BUF,1,2,0,0
2020,FRR,TE,Cole Kmet,CHI,1,2,0,0
2020,GF,QB,Tim Boyle,GB,1,1,0,1
2020,GF,RB,Jamaal Williams,GB,3,2,0,1
2020,GF,RB,Miles Sanders,PHI,67,3,0,1
2020,GF,WR,Devin Duvernay,BAL,3,3,0,1
2020,GF,WR,Jalen Raegor,PHI,10,3,0,1
2020,GF,WR,Henry Ruggs,LV,5,3,0,1
2020,GF,TE,Noah Fant,DEN,14,4,0,1
2020,GF,WR,Julio Jones,ATL,67,3,0,1
2020,GF,WR,Brandon Aiyuk,SF,12,2,0,1
2020,GF,QB,Chad Henne,KC,17,1,0,1
2020,GF,QB,Russell Wilson,SEA,63,4,0,1
2020,GF,QB,Cam Newton,NE,50,2,0,1
2020,GF,QB,Mike Glennon,JAC,2,1,0,1
2020,GF,QB,CJ Beathard,SF,17,1,0,1
2020,GF,QB,Mitchell Trubisky,CHI,7,1,0,1
2020,GF,QB,John Wolford,LAR,2,1,0,1
2020,GF,RB,James Conner,PIT,69,3,0,1
2020,GF,RB,Kareem Hunt,CLE,34,2,0,1
2020,GF,RB,Keenan Allen,LAC,47,3,0,1
2020,MCM,QB,Dak Prescott,DAL,66,4,0,0
2020,MCM,RB,Damien Harris,NE,12,2,0,0
2020,MCM,RB,Salvon Ahmed,MIA,15,2,0,0
2020,MCM,WR,DJ Chark,JAC,35,2,0,0
2020,MCM,WR,Michael Gallup,DAL,35,3,0,0
2020,MCM,WR,Mecole Hardman,KC,19,2,0,0
2020,MCM,TE,Zach Ertz,PHI,31,2,0,0
2020,MCM,WR,Christian Kirk,ARI,16,2,0,0
2020,MCM,QB,Taylor Heinicke,WAS,1,2,0,0
2020,MCM,QB,Philip Rivers,IND,16,2,0,0
2020,MCM,QB,Justin Herbert,LAC,30,3,0,0
2020,MCM,QB,Jalen Hurts,PHI,1,2,0,0
2020,MCM,QB,Taysom Hill,NO,24,2,0,0
2020,MCM,RB,Wayne Gallman,NYG,5,2,0,0
2020,MCM,RB,Nyheim Hines,IND,6,2,0,0
2020,MCM,WR,Tim Patrick,DEN,5,2,0,0
2020,MCM,RB,David Johnson,HOU,63,2,0,0
2020,MCM,RB,Kalen Ballage,LAC,3,2,0,0
2020,MCM,WR,Odell Beckham,CLE,45,2,0,0
2020,MWM,QB,Tom Brady,TB,42,1,0,0
2020,MWM,RB,Aaron Jones,GB,70,2,0,0
2020,MWM,RB,Dalvin Cook,MIN,90,2,0,0
2020,MWM,WR,Brandin Cooks,HOU,18,1,0,0
2020,MWM,WR,Adam Thielen,MIN,59,3,0,0
2020,MWM,WR,Corey Davis,TEN,4,2,0,0
2020,MWM,TE,Jared Cook,NO,12,2,0,0
2020,MWM,WR,Cooper Kupp,LAR,53,3,0,0
2020,MWM,QB,Teddy Bridewater,CAR,23,2,0,0
2020,MWM,WR,Julian Edelman,NE,21,1,0,0
2020,MWM,WR,Van Jefferson,LAR,3,3,0,0
2020,MWM,TE,Hayden Hurst,ATL,13,2,0,0
2020,MWM,RB,Darrell Henderson,LAR,8,2,0,0
2020,MWM,RB,Devin Singletary,BUF,34,3,0,0
2020,MWM,RB,Alexander Mattison,MIN,15,2,0,0
2020,MWM,QB,Baker Mayfield,CLE,30,2,0,0
2020,MWM,QB,Jacob Eason,IND,3,3,0,0
2020,NN,QB,Kyler Murray,ARI,82,2,0,0
2020,NN,RB,Melvin Gordon,DEN,25,1,0,0
2020,NN,RB,Chris Carson,SEA,59,3,0,0
2020,NN,WR,Stefon Diggs,BUF,38,1,0,0
2020,NN,WR,Calvin Ridley,ATL,54,4,0,0
2020,NN,WR,Justin Jefferson,MIN,5,3,0,0
2020,NN,TE,Robert Tonyan,GB,3,1,0,0
2020,NN,WR,Amari Cooper,DAL,49,3,0,0
2020,NN,QN,Deshaun Watson,HOU,62,4,0,0
2020,NN,QB,Jared Goff,LAR,34,2,0,0
2020,NN,RB,JD McKissic,WAS,13,1,0,0
2020,NN,RB,Joshua Kelley,LAC,3,3,0,0
2020,NN,RB,Cam Akers,LAR,15,3,0,0
2020,NN,WR,Sammy Watkins,KC,5,1,0,0
2020,NN,TE,Eric Ebron,PIT,3,1,0,0
2020,NN,WR,JuJu Smith-Schuster,PIT,46,4,0,0
2020,VD,QB,Matt Ryan,ATL,50,3,0,0
2020,VD,RB,Derrick Henry,TEN,90,1,0,0
2020,VD,RB,David Montgomery,CHI,30,3,0,0
2020,VD,WR,Davante Adams,GB,67,2,0,0
2020,VD,WR,Keke Coutee,HOU,17,2,0,0
2020,VD,WR,Diontae Johnson,PIT,28,3,0,0
2020,VD,TE,Dallas Goedert,PHI,5,4,0,0
2020,VD,RB,D'Andre Swift,DET,15,3,0,0
2020,VD,QB,Ben Roethlisberger,PIT,32,2,0,0
2020,VD,WR,Antonio Brown,TB,1,2,0,0
2020,VD,WR,Marvin Jones,DET,37,2,0,0
2020,VD,WR,Jamison Crowder,NYJ,19,2,0,0
2020,VD,TE,Evan Engram,NYG,18,2,0,0
2020,VD,RB,Giovani Bernard,CIN,1,2,0,0
2020,VD,WR,Will Fuller,HOU,41,2,0,0
2020,VD,WR,Laviska Shenault,JAC,4,3,0,0
2020,VD,QB,Sam Darnold,NYJ,27,2,0,0
2020,WLW,QB,Lamar Jackson,BAL,83,4,0,0
2020,WLW,RB,Duke Johnson,HOU,2,2,0,0
2020,WLW,RB,Kenyan Drake,ARI,76,2,0,0
2020,WLW,WR,Tyler Lockett,SEA,60,3,0,0
2020,WLW,WR,Curtis Samuel,CAR,6,2,0,0
2020,WLW,WR,CeeDee Lamb,DAL,20,3,0,0
2020,WLW,TE,Rob Gronkowski,TB,19,2,0,0
2020,WLW,WR,Tee Higgins,CIN,5,3,0,0
2020,WLW,WR,DJ Moore,CAR,46,3,0,0
2020,WLW,RB,Mark Ingram,BAL,37,2,0,0
2020,WLW,RB,Zack Moss,BUF,3,3,0,0
2020,WLW,TE,Hunter Henry,LAC,11,2,0,0
2020,WLW,WR,Sterling Shepard,NYG,9,2,0,0
2020,WLW,RB,Ty Johnson,NYJ,13,2,0,0
2020,WLW,QB,Carson Wentz,PHI,35,3,0,0
2020,WLW,RB,Leonard Fournette,TB,54,1,0,0
2020,WLW,RB,Jeff Wilson,SF,3,2,0,0
2020,MAM,QB,Tua Tagovailoa,MIA,50,3,0,0
2020,MAM,RB,Nick Chubb,CLE,68,2,0,0
2020,MAM,RB,Josh Jacobs,LV,65,2,0,0
2020,MAM,WR,Mike Evans,TB,54,3,0,0
2020,MAM,WR,Cole Beasley,BUF,3,1,0,0
2020,MAM,WR,Chris Godwin,TB,52,3,0,0
2020,MAM,TE,Mike Gesicki,MIA,7,1,0,0
2020,MAM,WR,TY Hilton,IND,31,1,0,0
2020,MAM,QB,Derek Carr,LV,15,1,0,0
2020,MAM,QB,Matthew Stafford,DET,49,2,0,0
2020,MAM,RB,Malcolm Brown,LAR,1,1,0,0
2020,MAM,RB,Matt Breida,MIA,1,2,0,0
2020,MAM,RB,Lynn Bowden,MIA,3,3,0,0
2020,MAM,WR,Darius Slayton,NYG,21,3,0,0
2020,MAM,WR,KJ Hamler,DEN,4,3,0,0
2020,MAM,RB,Tarik Cohen,CHI,21,2,0,0
2020,MAM,WR,Courtland Sutton,DEN,49,2,0,0
2019,VD,QB,Matt Ryan,ATL,0,0,0,0
2019,VD,RB,Jonathan Williams,IND,0,0,0,0
2019,VD,RB,Le'Veon Bell,NYJ,0,0,0,0
2019,VD,WR,Odell Beckham,CLE,0,0,0,0
2019,VD,WR,Robby Anderson,NYJ,0,0,0,0
2019,VD,WR,James Washington,PIT,0,0,0,0
2019,VD,TE,Noah Fant,DEN,0,0,0,0
2019,VD,WR,Sammy Watkins,KC,0,0,0,0
2019,VD,QB,Sam Darnold,NYJ,0,0,0,0
2019,VD,K,Chris Boswell,PIT,0,0,0,0
2019,VD,DST,Bills,BUF,0,0,0,0
2019,VD,QB,Colin Kaepernick,FA,0,0,0,0
2019,VD,QB,Teddy Bridgewater,NO,0,0,0,0
2019,VD,RB,James Conner,PIT,0,0,0,0
2019,VD,RB,Kerryon Johnson,DET,0,0,0,0
2019,VD,WR,KeeSean Johnson,ARI,0,0,0,0
2019,VD,WR,Larry Fitzgerald,ARI,0,0,0,0
2019,VD,TE,Vance McDonald,PIT,0,0,0,0
2019,VD,TE,Will Dissly,SEA,0,0,0,0
2019,VD,WR,Corey Davis,TEN,0,0,0,0
2019,VD,RB,Adrian Peterson,WAS,0,0,0,0
2019,VD,TE,Dallas Goedert,PHI,0,0,0,0
2019,VD,QB,Marcus Mariota,TEN,0,0,0,0
2019,VD,QB,Daniel Jones,NYG,0,0,0,0
2019,VD,K,Stephen Hauschka,BUF,0,0,0,0
2019,AI,QB,Derek Carr,OAK,0,0,0,0
2019,AI,RB,Derrius Guice,WAS,0,0,0,0
2019,AI,RB,Joe Mixon,CIN,0,0,0,0
2019,AI,WR,Alshon Jeffery,PHI,0,0,0,0
2019,AI,WR,Courtland Sutton,DEN,0,0,0,0
2019,AI,WR,Allen Robinson,CHI,0,0,0,0
2019,AI,TE,George Kittle,SF,0,0,0,0
2019,AI,RB,Miles Sanders,PHI,0,0,0,0
2019,AI,QB,Dwayne Haskins,WAS,0,0,0,0
2019,AI,K,Harrison Butker,KC,0,0,0,0
2019,AI,DST,Saints,NO,0,0,0,0
2019,AI,QB,Mason Rudolph,PIT,0,0,0,0
2019,AI,RB,Royce Freeman,DEN,0,0,0,0
2019,AI,WR,David Moore,SEA,0,0,0,0
2019,AI,WR,AJ Brown,TEN,0,0,0,0
2019,AI,WR,Dante Pettis,SF,0,0,0,0
2019,AI,WR,Keke Coutee,HOU,0,0,0,0
2019,AI,TE,Chris Herndon,NYJ,0,0,0,0
2019,AI,RB,Latavius Murray,NO,0,0,0,0
2019,AI,WR,Trey Quinn,WAS,0,0,0,0
2019,AI,RB,Chris Thompson,WAS,0,0,0,0
2019,AI,RB,Justice Hill,BAL,0,0,0,0
2019,AI,TE,Hunter Henry,LAC,0,0,0,0
2019,AI,RB,Duke Johnson,HOU,0,0,0,0
2019,AI,QB,Gardner Minshew,JAC,0,0,0,0
2019,AI,QB,Drew Lock,DEN,0,0,0,0
2019,AI,WR,Devin Funchess,IND,0,0,0,0
2019,AAH,QB,Carson Wentz,PHI,0,0,0,0
2019,AAH,RB,Nick Chubb,CLE,0,0,0,0
2019,AAH,RB,DeAndre Washington,OAK,0,0,0,0
2019,AAH,WR,Kenny Stills,HOU,0,0,0,0
2019,AAH,WR,Amari Cooper,DAL,0,0,0,0
2019,AAH,WR,Chris Conley,JAC,0,0,0,0
2019,AAH,TE,Austin Hooper,ATL,0,0,0,0
2019,AAH,RB,Ronald Jones,TB,0,0,0,0
2019,AAH,QB,Mitchell Trubisky,CHI,0,0,0,0
2019,AAH,K,Jason Myers,SEA,0,0,0,0
2019,AAH,DST,Texans,HOU,0,0,0,0
2019,AAH,RB,Josh Jacobs,OAK,0,0,0,0
2019,AAH,RB,Bo Scarbrough,DET,0,0,0,0
2019,AAH,RB,Boston Scott,PHI,0,0,0,0
2019,AAH,WR,Josh Gordon,SEA,0,0,0,0
2019,AAH,WR,Chris Godwin,TB,0,0,0,0
2019,AAH,WR,Nelson Agholor,PHI,0,0,0,0
2019,AAH,WR,Tre'Quan Smith,NO,0,0,0,0
2019,AAH,WR,Cole Beasley,BUF,0,0,0,0
2019,AAH,TE,Jared Cook,NO,0,0,0,0
2019,AAH,TE,Evan Engram,NYG,0,0,0,0
2019,AAH,RB,Chase Edmonds,ARI,0,0,0,0
2019,AAH,RB,LeSean McCoy,KC,0,0,0,0
2019,AAH,QB,Baker Mayfield,CLE,0,0,0,0
2019,AAH,DST,Bears,CHI,0,0,0,0
2019,AAH,WR,Calvin Ridley,ATL,0,0,0,0
2019,AAH,WR,Parris Campbell,IND,0,0,0,0
2019,CRB,QB,Aaron Rodgers,GB,0,0,0,0
2019,CRB,RB,Ezekiel Elliott,DAL,0,0,0,0
2019,CRB,RB,Devonta Freeman,ATL,0,0,0,0
2019,CRB,WR,Kenny Golladay,DET,0,0,0,0
2019,CRB,WR,Darius Slayton,NYG,0,0,0,0
2019,CRB,WR,Terry McLaurin,WAS,0,0,0,0
2019,CRB,TE,Travis Kelce,KC,0,0,0,0
2019,CRB,RB,Marlon Mack,IND,0,0,0,0
2019,CRB,QB,Kirk Cousins,MIN,0,0,0,0
2019,CRB,K,Wil Lutz,NO,0,0,0,0
2019,CRB,DST,Steelers,PIT,0,0,0,0
2019,CRB,QB,Blake Bortles,LAR,0,0,0,0
2019,CRB,RB,Bryce Love,WAS,0,0,0,0
2019,CRB,WR,DJ Chark,JAC,0,0,0,0
2019,CRB,WR,Jarvis Landry,CLE,0,0,0,0
2019,CRB,WR,DeSean Jackson,PHI,0,0,0,0
2019,CRB,WR,Auden Tate,CIN,0,0,0,0
2019,CRB,TE,Darren Waller,OAK,0,0,0,0
2019,CRB,WR,Michael Gallup,DAL,0,0,0,0
2019,CRB,RB,Kareem Hunt,CLE,0,0,0,0
2019,CRB,WR,Tyler Boyd,CIN,0,0,0,0
2019,CRB,RB,Tony Pollard,DAL,0,0,0,0
2019,CRB,WR,Marquez Valdes-Scantling,GB,0,0,0,0
2019,CRB,K,Ka'imi Fairbairn,HOU,0,0,0,0
2019,CRB,DST,Ravens,BAL,0,0,0,0
2019,CRB,WR,Preston Williams,MIA,0,0,0,0
2019,CRB,QB,Ben Roethlisberger,PIT,0,0,0,0
2019,FRR,QB,Patrick Mahomes,KC,0,0,1,0
2019,FRR,RB,Dalvin Cook,MIN,0,0,1,0
2019,FRR,RB,Christian McCaffrey,CAR,0,0,1,0
2019,FRR,WR,Adam Thielen,MIN,0,0,1,0
2019,FRR,WR,Julio Jones,ATL,0,0,1,0
2019,FRR,WR,Mike Evans,TB,0,0,1,0
2019,FRR,TE,Zach Ertz,PHI,0,0,1,0
2019,FRR,RB,Leonard Fournette,JAC,0,0,1,0
2019,FRR,QB,Kyler Murray,ARI,0,0,1,0
2019,FRR,K,Justin Tucker,BAL,0,0,1,0
2019,FRR,DST,Seahawks,SEA,0,0,1,0
2019,FRR,QB,Josh Allen,BUF,0,0,1,0
2019,FRR,QB,Drew Brees,NO,0,0,1,0
2019,FRR,RB,Carlos Hyde,HOU,0,0,1,0
2019,FRR,RB,Mike Boone,MIN,0,0,1,0
2019,FRR,RB,Patrick Laird,MIA,0,0,1,0
2019,FRR,RB,Phillip Lindsay,DEN,0,0,1,0
2019,FRR,WR,John Brown,BUF,0,0,1,0
2019,FRR,WR,Breshad Perriman,TB,0,0,1,0
2019,FRR,WR,Diontae Johnson,PIT,0,0,1,0
2019,FRR,WR,John Ross,CIN,0,0,1,0
2019,FRR,WR,JuJu Smith-Schuster,PIT,0,0,1,0
2019,FRR,DST,Jaguars,JAC,0,0,1,0
2019,FRR,RB,Chris Carson,SEA,0,0,1,0
2019,MCM,QB,Jimmy Garoppolo,SF,0,0,0,0
2019,MCM,RB,Todd Gurley,LAR,0,0,0,0
2019,MCM,RB,David Montgomery,CHI,0,0,0,0
2019,MCM,WR,DeAndre Hopkins,HOU,0,0,0,0
2019,MCM,WR,Davante Adams,GB,0,0,0,0
2019,MCM,WR,DeVante Parker,MIA,0,0,0,0
2019,MCM,TE,Mark Andrews,BAL,0,0,0,0
2019,MCM,WR,Cooper Kupp,LAR,0,0,0,0
2019,MCM,QB,Jacoby Brissett,IND,0,0,0,0
2019,MCM,K,Mason Crosby,GB,0,0,0,0
2019,MCM,DST,Patriots,NE,0,0,0,0
2019,MCM,QB,Nick Mullens,SF,0,0,0,0
2019,MCM,QB,Devlin Hodges,PIT,0,0,0,0
2019,MCM,QB,Kyle Allen,CAR,0,0,0,0
2019,MCM,RB,Darrell Henderson,LAR,0,0,0,0
2019,MCM,RB,Tarik Cohen,CHI,0,0,0,0
2019,MCM,WR,Christian Kirk,ARI,0,0,0,0
2019,MCM,TE,Gerald Everett,LAR,0,0,0,0
2019,MCM,TE,Jacob Hollister,SEA,0,0,0,0
2019,MCM,RB,Matt Breida,SF,0,0,0,0
2019,MCM,WR,Antonio Brown,FA,0,0,0,0
2019,MCM,RB,Jordan Howard,PHI,0,0,0,0
2019,MCM,RB,Tevin Coleman,SF,0,0,0,0
2019,MCM,QB,Cam Newton,CAR,0,0,0,0
2019,MCM,DST,Vikings,MIN,0,0,0,0
2019,MCM,WR,Hakeem Butler,ARI,0,0,0,0
2019,MWM,QB,Tom Brady,NE,0,0,0,0
2019,MWM,RB,Kenyan Drake,ARI,0,0,0,0
2019,MWM,RB,Aaron Jones,GB,0,0,0,0
2019,MWM,WR,Robert Woods,LAR,0,0,0,0
2019,MWM,WR,Mike Williams,LAC,0,0,0,0
2019,MWM,WR,Julian Edelman,NE,0,0,0,0
2019,MWM,TE,Tyler Higbee,LAR,0,0,0,0
2019,MWM,RB,Austin Ekeler,LAC,0,0,0,0
2019,MWM,QB,Ryan Tannehill,TEN,0,0,0,0
2019,MWM,K,Greg Zuerlein,LAR,0,0,0,0
2019,MWM,DST,49ers,SF,0,0,0,0
2019,MWM,QB,Jarrett Stidham,NE,0,0,0,0
2019,MWM,QB,Will Grier,CAR,0,0,0,0
2019,MWM,RB,Alexander Mattison,MIN,0,0,0,0
2019,MWM,RB,Devin Singletary,BUF,0,0,0,0
2019,MWM,RB,Raheem Mostert,SF,0,0,0,0
2019,MWM,WR,AJ Green,CIN,0,0,0,0
2019,MWM,WR,Miles Boykin,BAL,0,0,0,0
2019,MWM,WR,Zach Pascal,IND,0,0,0,0
2019,MWM,TE,Darren Fells,HOU,0,0,0,0
2019,MWM,RB,Damien Williams,KC,0,0,0,0
2019,MWM,RB,Jamaal Williams,GB,0,0,0,0
2019,MWM,RB,Brian Hill,ATL,0,0,0,0
2019,MWM,QB,Nick Foles,JAC,0,0,0,0
2019,MWM,K,Younghoe Koo,ATL,0,0,0,0
2019,SBP,QB,Lamar Jackson,BAL,0,0,0,0
2019,SBP,RB,Saquon Barkley,NYG,0,0,0,0
2019,SBP,RB,Sony Michel,NE,0,0,0,0
2019,SBP,WR,Marquise Brown,BAL,0,0,0,0
2019,SBP,WR,DJ Moore,CAR,0,0,0,0
2019,SBP,WR,Curtis Samuel,CAR,0,0,0,0
2019,SBP,TE,Greg Olsen,CAR,0,0,0,0
2019,SBP,WR,Tyler Lockett,SEA,0,0,0,0
2019,SBP,QB,Deshaun Watson,HOU,0,0,0,0
2019,SBP,K,Brett Maher,DAL,0,0,0,0
2019,SBP,DST,Cowboys,DAL,0,0,0,0
2019,SBP,QB,Brandon Allen,DEN,0,0,0,0
2019,SBP,RB,Frank Gore,BUF,0,0,0,0
2019,SBP,RB,Mark Walton,MIA,0,0,0,0
2019,SBP,RB,Jay Ajayi,PHI,0,0,0,0
2019,SBP,RB,Darwin Thompson,KC,0,0,0,0
2019,SBP,WR,TY Hilton,IND,0,0,0,0
2019,SBP,WR,Will Fuller,HOU,0,0,0,0
2019,SBP,WR,DaeSean Hamilton,DEN,0,0,0,0
2019,SBP,WR,Phillip Dorsett,NE,0,0,0,0
2019,SBP,WR,Sterling Shepard,NYG,0,0,0,0
2019,SBP,WR,Mohamed Sanu,NE,0,0,0,0
2019,SBP,WR,Dede Westbrook,JAC,0,0,0,0
2019,SBP,WR,Ted Ginn,NO,0,0,0,0
2019,SBP,QB,Josh Rosen,MIA,0,0,0,0
2019,SBP,WR,Josh Doctson,MIN,0,0,0,0
2019,SBP,TE,David Njoku,CLE,0,0,0,0
2019,DFL,QB,Jameis Winston,TB,0,0,0,0
2019,DFL,RB,Peyton Barber,TB,0,0,0,0
2019,DFL,RB,Mark Ingram,BAL,0,0,0,0
2019,DFL,WR,N'Keal Harry,NE,0,0,0,0
2019,DFL,WR,Tyrell Williams,OAK,0,0,0,0
2019,DFL,WR,Marvin Jones,DET,0,0,0,0
2019,DFL,TE,TJ Hockenson,DET,0,0,0,0
2019,DFL,WR,Brandin Cooks,LAR,0,0,0,0
2019,DFL,QB,Dak Prescott,DAL,0,0,0,0
2019,DFL,K,Joey Slye,CAR,0,0,0,0
2019,DFL,DST,Rams,LAR,0,0,0,0
2019,DFL,QB,Matthew Stafford,DET,0,0,0,0
2019,DFL,QB,Andy Dalton,CIN,0,0,0,0
2019,DFL,RB,Rashaad Penny,SEA,0,0,0,0
2019,DFL,WR,Allen Lazard,GB,0,0,0,0
2019,DFL,WR,JJ Arcega-Whiteside,PHI,0,0,0,0
2019,DFL,TE,Kyle Rudolph,MIN,0,0,0,0
2019,DFL,TE,Cameron Brate,TB,0,0,0,0
2019,DFL,RB,Wayne Gallman,NYG,0,0,0,0
2019,DFL,RB,Nyheim Hines,IND,0,0,0,0
2019,DFL,WR,Stefon Diggs,MIN,0,0,0,0
2019,DFL,RB,Melvin Gordon,LAC,0,0,0,0
2019,DFL,WR,Keenan Allen,LAC,0,0,0,0
2019,DFL,QB,Jared Goff,LAR,0,0,0,0
2019,DFL,DST,Panthers,CAR,0,0,0,0
2019,DFL,K,Stephen Gostkowski,NE,0,0,0,0
2019,VT,QB,Philip Rivers,LAC,0,0,0,0
2019,VT,RB,Derrick Henry,TEN,0,0,0,0
2019,VT,RB,Alvin Kamara,NO,0,0,0,0
2019,VT,WR,Jamison Crowder,NYJ,0,0,0,0
2019,VT,WR,Tyreek Hill,KC,0,0,0,0
2019,VT,WR,Michael Thomas,NO,0,0,0,0
2019,VT,TE,OJ Howard,TB,0,0,0,0
2019,VT,WR,DK Metcalf,SEA,0,0,0,0
2019,VT,QB,Russell Wilson,SEA,0,0,0,0
2019,VT,K,Josh Lambo,JAC,0,0,0,0
2019,VT,DST,Browns,CLE,0,0,0,0
2019,VT,QB,Ryan Fitzpatrick,MIA,0,0,0,0
2019,VT,RB,David Johnson,ARI,0,0,0,0
2019,VT,RB,Dion Lewis,TEN,0,0,0,0
2019,VT,WR,Mecole Hardman,KC,0,0,0,0
2019,VT,WR,Deebo Samuel,SF,0,0,0,0
2019,VT,WR,Gary Jennings,MIA,0,0,0,0
2019,VT,WR,Anthony Miller,CHI,0,0,0,0
2019,VT,WR,Donte Moncrief,CAR,0,0,0,0
2019,VT,TE,Delanie Walker,TEN,0,0,0,0
2019,VT,TE,Trey Burton,CHI,0,0,0,0
2019,VT,WR,Emmanuel Sanders,SF,0,0,0,0
2019,VT,WR,Golden Tate,NYG,0,0,0,0
2019,VT,RB,James White,NE,0,0,0,0
2019,VT,DST,Packers,GB,0,0,0,0
2019,VT,RB,Lamar Miller,HOU,0,0,0,0
2018,VD,QB,Matt Ryan,ATL,0,0,0,0
2018,VD,RB,LeGarrette Blount,DET,0,0,0,0
2018,VD,RB,Gus Edwards,BAL,0,0,0,0
2018,VD,WR,Corey Davis,TEN,0,0,0,0
2018,VD,WR,Larry Fitzgerald,ARI,0,0,0,0
2018,VD,WR,Chris Conley,KC,0,0,0,0
2018,VD,TE,Vance McDonald,PIT,0,0,0,0
2018,VD,RB,Adrian Peterson,WAS,0,0,0,0
2018,VD,QB,Marcus Mariota,TEN,0,0,0,0
2018,VD,K,Dustin Hopkins,WAS,0,0,0,0
2018,VD,DST,Titans,TEN,0,0,0,0
2018,VD,QB,Teddy Bridgewater,NO,0,0,0,0
2018,VD,QB,Sam Darnold,NYJ,0,0,0,0
2018,VD,RB,Kerryon Johnson,DET,0,0,0,0
2018,VD,RB,Ito Smith,ATL,0,0,0,0
2018,VD,RB,James Conner,PIT,0,0,0,0
2018,VD,RB,Le'Veon Bell,PIT,0,0,0,0
2018,VD,WR,Willie Snead,BAL,0,0,0,0
2018,VD,WR,Keelan Cole,JAC,0,0,0,0
2018,VD,WR,James Washington,PIT,0,0,0,0
2018,VD,WR,Odell Beckham,NYG,0,0,0,0
2018,VD,TE,Jordan Reed,WAS,0,0,0,0
2018,VD,TE,Dallas Goedert,PHI,0,0,0,0
2018,VD,WR,Robby Anderson,NYJ,0,0,0,0
2018,VD,DST,Bills,BUF,0,0,0,0
2018,AI,QB,Aaron Rodgers,GB,0,0,0,0
2018,AI,RB,Joe Mixon,CIN,0,0,0,0
2018,AI,RB,Todd Gurley,LAR,0,0,0,0
2018,AI,WR,Alshon Jeffery,PHI,0,0,0,0
2018,AI,WR,John Ross,CIN,0,0,0,0
2018,AI,WR,Devin Funchess,CAR,0,0,0,0
2018,AI,TE,Chris Herndon,NYJ,0,0,0,0
2018,AI,RB,Isaiah Crowell,NYJ,0,0,0,0
2018,AI,QB,Derek Carr,OAK,0,0,0,0
2018,AI,K,Harrison Butker,KC,0,0,0,0
2018,AI,DST,Redskins,WAS,0,0,0,0
2018,AI,QB,Josh Johnson,WAS,0,0,0,0
2018,AI,QB,DeShone Kizer,GB,0,0,0,0
2018,AI,RB,Royce Freeman,DEN,0,0,0,0
2018,AI,RB,Matt Breida,SF,0,0,0,0
2018,AI,RB,Kenneth Dixon,BAL,0,0,0,0
2018,AI,WR,David Moore,SEA,0,0,0,0
2018,AI,TE,Hunter Henry,LAC,0,0,0,0
2018,AI,WR,Keke Coutee,HOU,0,0,0,0
2018,AI,WR,Sammy Watkins,KC,0,0,0,0
2018,AI,RB,Duke Johnson,CLE,0,0,0,0
2018,AI,WR,Allen Robinson,CHI,0,0,0,0
2018,AI,QB,Mason Rudolph,PIT,0,0,0,0
2018,AI,TE,Tyler Eifert,CIN,0,0,0,0
2018,CRB,QB,Ben Roethlisberger,PIT,0,0,0,0
2018,CRB,RB,Ezekiel Elliott,DAL,0,0,0,0
2018,CRB,RB,Marlon Mack,IND,0,0,0,0
2018,CRB,WR,Jarvis Landry,CLE,0,0,0,0
2018,CRB,WR,Marquez Valdes-Scantling,GB,0,0,0,0
2018,CRB,WR,Adam Humphries,TB,0,0,0,0
2018,CRB,WR,Kenny Golladay,DET,0,0,0,0
2018,CRB,TE,Travis Kelce,KC,0,0,0,0
2018,CRB,RB,CJ Anderson,LAR,0,0,0,0
2018,CRB,QB,Kirk Cousins,MIN,0,0,0,0
2018,CRB,K,Wil Lutz,NO,0,0,0,0
2018,CRB,DST,Texans,HOU,0,0,0,0
2018,CRB,QB,Nick Foles,PHI,0,0,0,0
2018,CRB,RB,Jeff Wilson,SF,0,0,0,0
2018,CRB,WR,Tre'Quan Smith,NO,0,0,0,0
2018,CRB,WR,Tyler Boyd,CIN,0,0,0,0
2018,CRB,WR,Michael Gallup,DAL,0,0,0,0
2018,CRB,WR,Josh Reynolds,LAR,0,0,0,0
2018,CRB,WR,DeSean Jackson,TB,0,0,0,0
2018,CRB,TE,Blake Jarwin,DAL,0,0,0,0
2018,CRB,TE,George Kittle,SF,0,0,0,0
2018,CRB,RB,LeSean McCoy,BUF,0,0,0,0
2018,CRB,RB,Kareem Hunt,KC,0,0,0,0
2018,CRB,RB,Carlos Hyde,JAC,0,0,0,0
2018,CRB,K,Ka'imi Fairbairn,HOU,0,0,0,0
2018,CRB,DST,Ravens,BAL,0,0,0,0
2018,FRR,QB,Patrick Mahomes,KC,0,0,1,0
2018,FRR,RB,Christian McCaffrey,CAR,0,0,1,0
2018,FRR,RB,Dalvin Cook,MIN,0,0,1,0
2018,FRR,WR,Mike Evans,TB,0,0,1,0
2018,FRR,WR,Julio Jones,ATL,0,0,1,0
2018,FRR,WR,JuJu Smith-Schuster,PIT,0,0,1,0
2018,FRR,TE,Zach Ertz,PHI,0,0,1,0
2018,FRR,RB,Phillip Lindsay,DEN,0,0,1,0
2018,FRR,QB,Drew Brees,NO,0,0,1,0
2018,FRR,K,Greg Zuerlein,LAR,0,0,1,0
2018,FRR,DST,Jaguars,JAC,0,0,1,0
2018,FRR,QB,Josh Allen,BUF,0,0,1,0
2018,FRR,RB,Leonard Fournette,JAC,0,0,1,0
2018,FRR,RB,Chris Carson,SEA,0,0,1,0
2018,FRR,RB,Spencer Ware,KC,0,0,1,0
2018,FRR,RB,TJ Yeldon,JAC,0,0,1,0
2018,FRR,WR,Trey Quinn,WAS,0,0,1,0
2018,FRR,WR,TY Hilton,IND,0,0,1,0
2018,FRR,WR,AJ Green,CIN,0,0,1,0
2018,FRR,TE,Rob Gronkowski,NE,0,0,1,0
2018,FRR,QB,Tom Brady,NE,0,0,1,0
2018,FRR,K,Justin Tucker,BAL,0,0,1,0
2018,FRR,DST,Seahawks,SEA,0,0,1,0
2018,FRR,RB,Jerick McKinnon,SF,0,0,1,0
2018,FRR,TE,Jake Butt,DEN,0,0,1,0
2018,MCM,QB,Cam Newton,CAR,0,0,0,0
2018,MCM,RB,Tarik Cohen,CHI,0,0,0,0
2018,MCM,RB,Tevin Coleman,ATL,0,0,0,0
2018,MCM,WR,DeAndre Hopkins,HOU,0,0,0,0
2018,MCM,WR,Davante Adams,GB,0,0,0,0
2018,MCM,WR,Antonio Brown,PIT,0,0,0,0
2018,MCM,TE,Benjamin Watson,NO,0,0,0,0
2018,MCM,RB,Jordan Howard,CHI,0,0,0,0
2018,MCM,QB,Nick Mullens,SF,0,0,0,0
2018,MCM,K,Jake Elliott,PHI,0,0,0,0
2018,MCM,DST,Patriots,NE,0,0,0,0
2018,MCM,RB,Devonta Freeman,ATL,0,0,0,0
2018,MCM,RB,Raheem Mostert,SF,0,0,0,0
2018,MCM,RB,Jaylen Samuels,PIT,0,0,0,0
2018,MCM,WR,Kenny Stills,MIA,0,0,0,0
2018,MCM,WR,Cooper Kupp,LAR,0,0,0,0
2018,MCM,WR,Dante Pettis,SF,0,0,0,0
2018,MCM,QB,Jimmy Garoppolo,SF,0,0,0,0
2018,MCM,WR,Courtland Sutton,DEN,0,0,0,0
2018,MCM,QB,Ryan Tannehill,MIA,0,0,0,0
2018,MCM,QB,Tyrod Taylor,CLE,0,0,0,0
2018,MCM,RB,Mike Davis,SEA,0,0,0,0
2018,MCM,WR,Christian Kirk,ARI,0,0,0,0
2018,MCM,RB,Chris Thompson,WAS,0,0,0,0
2018,MCM,DST,Vikings,MIN,0,0,0,0
2018,MCM,RB,Derrius Guice,WAS,0,0,0,0
2018,MCM,TE,Delanie Walker,TEN,0,0,0,0
2018,MM,QB,Carson Wentz,PHI,0,0,0,0
2018,MM,RB,Nick Chubb,CLE,0,0,0,0
2018,MM,RB,Frank Gore,MIA,0,0,0,0
2018,MM,WR,Chris Godwin,TB,0,0,0,0
2018,MM,WR,Calvin Ridley,ATL,0,0,0,0
2018,MM,WR,Amari Cooper,DAL,0,0,0,0
2018,MM,TE,Austin Hooper,ATL,0,0,0,0
2018,MM,WR,Josh Gordon,NE,0,0,0,0
2018,MM,QB,Baker Mayfield,CLE,0,0,0,0
2018,MM,K,Mason Crosby,GB,0,0,0,0
2018,MM,DST,Bears,CHI,0,0,0,0
2018,MM,RB,Ronald Jones,TB,0,0,0,0
2018,MM,RB,Corey Clement,PHI,0,0,0,0
2018,MM,RB,Giovani Bernard,CIN,0,0,0,0
2018,MM,WR,Corey Coleman,NYG,0,0,0,0
2018,MM,WR,Zay Jones,BUF,0,0,0,0
2018,MM,WR,Antonio Callaway,CLE,0,0,0,0
2018,MM,WR,Laquon Treadwell,MIN,0,0,0,0
2018,MM,TE,Hayden Hurst,BAL,0,0,0,0
2018,MM,TE,Evan Engram,NYG,0,0,0,0
2018,MM,TE,Jared Cook,OAK,0,0,0,0
2018,MM,WR,Nelson Agholor,PHI,0,0,0,0
2018,MM,TE,Greg Olsen,CAR,0,0,0,0
2018,MM,QB,Jacoby Brissett,IND,0,0,0,0
2018,MM,QB,Mitchell Trubisky,CHI,0,0,0,0
2018,MWM,QB,Andrew Luck,IND,0,0,0,0
2018,MWM,RB,Jamaal Williams,GB,0,0,0,0
2018,MWM,RB,Damien Williams,KC,0,0,0,0
2018,MWM,WR,Robert Woods,LAR,0,0,0,0
2018,MWM,WR,Julian Edelman,NE,0,0,0,0
2018,MWM,WR,Adam Thielen,MIN,0,0,0,0
2018,MWM,TE,Eric Ebron,IND,0,0,0,0
2018,MWM,WR,Doug Baldwin,SEA,0,0,0,0
2018,MWM,QB,Case Keenum,DEN,0,0,0,0
2018,MWM,K,Adam Vinatieri,IND,0,0,0,0
2018,MWM,DST,Broncos,DEN,0,0,0,0
2018,MWM,RB,Latavius Murray,MIN,0,0,0,0
2018,MWM,RB,Rex Burkhead,NE,0,0,0,0
2018,MWM,RB,Malcolm Brown,LAR,0,0,0,0
2018,MWM,RB,Darrel Williams,KC,0,0,0,0
2018,MWM,RB,Aaron Jones,GB,0,0,0,0
2018,MWM,RB,Justin Jackson,LAC,0,0,0,0
2018,MWM,WR,Chris Hogan,NE,0,0,0,0
2018,MWM,TE,Jimmy Graham,GB,0,0,0,0
2018,MWM,TE,Jack Doyle,IND,0,0,0,0
2018,MWM,RB,Kenyan Drake,MIA,0,0,0,0
2018,MWM,RB,Austin Ekeler,LAC,0,0,0,0
2018,MWM,WR,Mike Williams,LAC,0,0,0,0
2018,MWM,WR,Demaryius Thomas,HOU,0,0,0,0
2018,MWM,DST,Chargers,LAC,0,0,0,0
2018,SBP,QB,Deshaun Watson,HOU,0,0,0,0
2018,SBP,RB,Saquon Barkley,NYG,0,0,0,0
2018,SBP,RB,Sony Michel,NE,0,0,0,0
2018,SBP,WR,DJ Moore,CAR,0,0,0,0
2018,SBP,WR,Dede Westbrook,JAC,0,0,0,0
2018,SBP,WR,Tyler Lockett,SEA,0,0,0,0
2018,SBP,TE,David Njoku,CLE,0,0,0,0
2018,SBP,RB,Josh Adams,PHI,0,0,0,0
2018,SBP,QB,Lamar Jackson,BAL,0,0,0,0
2018,SBP,K,Matt Prater,DET,0,0,0,0
2018,SBP,DST,Cardinals,ARI,0,0,0,0
2018,SBP,QB,Eli Manning,NYG,0,0,0,0
2018,SBP,QB,Josh Rosen,ARI,0,0,0,0
2018,SBP,RB,Samaje Perine,WAS,0,0,0,0
2018,SBP,WR,Mohamed Sanu,ATL,0,0,0,0
2018,SBP,WR,Jordy Nelson,OAK,0,0,0,0
2018,SBP,WR,Cole Beasley,DAL,0,0,0,0
2018,SBP,WR,Will Fuller,HOU,0,0,0,0
2018,SBP,WR,Sterling Shepard,NYG,0,0,0,0
2018,SBP,TE,Ricky Seals-Jones,ARI,0,0,0,0
2018,SBP,WR,Josh Doctson,WAS,0,0,0,0
2018,SBP,WR,Randall Cobb,GB,0,0,0,0
2018,SBP,WR,Paul Richardson,WAS,0,0,0,0
2018,SBP,QB,Joe Flacco,BAL,0,0,0,0
2018,SBP,K,Matt Bryant,ATL,0,0,0,0
2018,SBP,RB,Jay Ajayi,PHI,0,0,0,0
2018,DFL,QB,Jared Goff,LAR,0,0,0,0
2018,DFL,RB,Mark Ingram,NO,0,0,0,0
2018,DFL,RB,Peyton Barber,TB,0,0,0,0
2018,DFL,WR,Keenan Allen,LAC,0,0,0,0
2018,DFL,WR,Michael Crabtree,BAL,0,0,0,0
2018,DFL,WR,Stefon Diggs,MIN,0,0,0,0
2018,DFL,TE,Kyle Rudolph,MIN,0,0,0,0
2018,DFL,WR,Brandin Cooks,LAR,0,0,0,0
2018,DFL,QB,Dak Prescott,DAL,0,0,0,0
2018,DFL,K,Stephen Gostkowski,NE,0,0,0,0
2018,DFL,DST,Panthers,CAR,0,0,0,0
2018,DFL,QB,Andy Dalton,CIN,0,0,0,0
2018,DFL,QB,Jameis Winston,TB,0,0,0,0
2018,DFL,RB,Rashaad Penny,SEA,0,0,0,0
2018,DFL,WR,Marvin Jones,DET,0,0,0,0
2018,DFL,WR,Dez Bryant,NO,0,0,0,0
2018,DFL,WR,Aldrick Robinson,MIN,0,0,0,0
2018,DFL,WR,Allen Hurns,DAL,0,0,0,0
2018,DFL,TE,Cameron Brate,TB,0,0,0,0
2018,DFL,RB,Nyheim Hines,IND,0,0,0,0
2018,DFL,RB,Alex Collins,BAL,0,0,0,0
2018,DFL,RB,Melvin Gordon,LAC,0,0,0,0
2018,DFL,QB,Matthew Stafford,DET,0,0,0,0
2018,DFL,WR,Martavis Bryant,OAK,0,0,0,0
2018,DFL,DST,Rams,LAR,0,0,0,0
2018,DFL,RB,Marshawn Lynch,OAK,0,0,0,0
2018,VT,QB,Russell Wilson,SEA,0,0,0,0
2018,VT,RB,Alvin Kamara,NO,0,0,0,0
2018,VT,RB,David Johnson,ARI,0,0,0,0
2018,VT,WR,Tyreek Hill,KC,0,0,0,0
2018,VT,WR,Michael Thomas,NO,0,0,0,0
2018,VT,WR,Jamison Crowder,WAS,0,0,0,0
2018,VT,TE,Trey Burton,CHI,0,0,0,0
2018,VT,RB,Derrick Henry,TEN,0,0,0,0
2018,VT,QB,Philip Rivers,LAC,0,0,0,0
2018,VT,K,Graham Gano,CAR,0,0,0,0
2018,VT,DST,Packers,GB,0,0,0,0
2018,VT,QB,CJ Beathard,SF,0,0,0,0
2018,VT,RB,Javorius Allen,BAL,0,0,0,0
2018,VT,RB,Dion Lewis,TEN,0,0,0,0
2018,VT,WR,Golden Tate,PHI,0,0,0,0
2018,VT,WR,Emmanuel Sanders,DEN,0,0,0,0
2018,VT,WR,DeVante Parker,MIA,0,0,0,0
2018,VT,WR,Donte Moncrief,JAC,0,0,0,0
2018,VT,WR,Brandon Marshall,NO,0,0,0,0
2018,VT,WR,Anthony Miller,CHI,0,0,0,0
2018,VT,TE,OJ Howard,TB,0,0,0,0
2018,VT,RB,Lamar Miller,HOU,0,0,0,0
2018,VT,RB,James White,NE,0,0,0,0
2018,VT,DST,Steelers,PIT,0,0,0,0
2018,VT,DST,Browns,CLE,0,0,0,0
2017,VD,QB,Marcus Mariota,TEN,0,0,0,0
2017,VD,RB,Tevin Coleman,ATL,0,0,0,0
2017,VD,RB,Le'Veon Bell,PIT,0,0,0,0
2017,VD,WR,Mike Wallace,BAL,0,0,0,0
2017,VD,WR,Dez Bryant,DAL,0,0,0,0
2017,VD,WR,Ted Ginn,NO,0,0,0,0
2017,VD,TE,Jesse James,PIT,0,0,0,0
2017,VD,RB,Devonta Freeman,ATL,0,0,0,0
2017,VD,QB,Brett Hundley,GB,0,0,0,0
2017,VD,K,Chris Boswell,PIT,0,0,0,0
2017,VD,DST,Texans,HOU,0,0,0,0
2017,VD,QB,Teddy Bridgewater,MIN,0,0,0,0
2017,VD,QB,Colin Kaepernick,SF,0,0,0,0
2017,VD,RB,Rex Burkhead,NE,0,0,0,0
2017,VD,RB,Ty Montgomery,GB,0,0,0,0
2017,VD,RB,James Conner,PIT,0,0,0,0
2017,VD,WR,Kevin White,CHI,0,0,0,0
2017,VD,WR,Keelan Cole,JAC,0,0,0,0
2017,VD,WR,Corey Davis,TEN,0,0,0,0
2017,VD,WR,Larry Fitzgerald,ARI,0,0,0,0
2017,VD,TE,Jordan Reed,WAS,0,0,0,0
2017,VD,QB,Matt Moore,MIA,0,0,0,0
2017,VD,QB,Jay Cutler,MIA,0,0,0,0
2017,VD,K,Giorgio Tavecchio,OAK,0,0,0,0
2017,VD,DST,Bills,BUF,0,0,0,0
2017,VD,WR,Odell Beckham,NYG,0,0,0,0
2017,AI,QB,DeShone Kizer,CLE,0,0,0,0
2017,AI,RB,Todd Gurley,LAR,0,0,0,0
2017,AI,RB,Jamaal Williams,GB,0,0,0,0
2017,AI,WR,Devin Funchess,CAR,0,0,0,0
2017,AI,WR,Alshon Jeffery,PHI,0,0,0,0
2017,AI,WR,Dede Westbrook,JAC,0,0,0,0
2017,AI,TE,Kyle Rudolph,MIN,0,0,0,0
2017,AI,RB,Mike Davis,SEA,0,0,0,0
2017,AI,QB,Derek Carr,OAK,0,0,0,0
2017,AI,K,Harrison Butker,KC,0,0,0,0
2017,AI,DST,Bengals,CIN,0,0,0,0
2017,AI,RB,Duke Johnson,CLE,0,0,0,0
2017,AI,RB,Joe Mixon,CIN,0,0,0,0
2017,AI,WR,Sammy Watkins,LAR,0,0,0,0
2017,AI,WR,Donte Moncrief,IND,0,0,0,0
2017,AI,WR,Jordy Nelson,GB,0,0,0,0
2017,AI,TE,Jack Doyle,IND,0,0,0,0
2017,AI,TE,Hunter Henry,LAC,0,0,0,0
2017,AI,WR,Robby Anderson,NYJ,0,0,0,0
2017,AI,RB,Devontae Booker,DEN,0,0,0,0
2017,AI,RB,Giovani Bernard,CIN,0,0,0,0
2017,AI,RB,Matt Breida,SF,0,0,0,0
2017,AI,QB,Aaron Rodgers,GB,0,0,0,0
2017,AI,WR,Allen Robinson,JAC,0,0,0,0
2017,AI,TE,Tyler Eifert,CIN,0,0,0,0
2017,FRR,QB,Drew Brees,NO,0,0,0,0
2017,FRR,RB,Kenyan Drake,MIA,0,0,0,0
2017,FRR,RB,Leonard Fournette,JAC,0,0,0,0
2017,FRR,WR,Mike Evans,TB,0,0,0,0
2017,FRR,WR,Julio Jones,ATL,0,0,0,0
2017,FRR,WR,AJ Green,CIN,0,0,0,0
2017,FRR,TE,Rob Gronkowski,NE,0,0,0,0
2017,FRR,RB,Christian McCaffrey,CAR,0,0,0,0
2017,FRR,QB,Tom Brady,NE,0,0,0,0
2017,FRR,K,Justin Tucker,BAL,0,0,0,0
2017,FRR,DST,Jaguars,JAC,0,0,0,0
2017,FRR,QB,Patrick Mahomes,KC,0,0,0,0
2017,FRR,QB,Sam Bradford,MIN,0,0,0,0
2017,FRR,RB,Orleans Darkwa,NYG,0,0,0,0
2017,FRR,RB,Rod Smith,DAL,0,0,0,0
2017,FRR,RB,Dion Lewis,NE,0,0,0,0
2017,FRR,RB,LeGarrette Blount,PHI,0,0,0,0
2017,FRR,RB,DeMarco Murray,TEN,0,0,0,0
2017,FRR,WR,TY Hilton,IND,0,0,0,0
2017,FRR,TE,Austin Seferian-Jenkins,NYJ,0,0,0,0
2017,FRR,WR,Rishard Matthews,TEN,0,0,0,0
2017,FRR,RB,Jonathan Stewart,CAR,0,0,0,0
2017,FRR,RB,Derrick Henry,TEN,0,0,0,0
2017,FRR,K,Greg Zuerlein,LAR,0,0,0,0
2017,FRR,DST,Chiefs,KC,0,0,0,0
2017,FRR,RB,Dalvin Cook,MIN,0,0,0,0
2017,FRR,RB,Chris Carson,SEA,0,0,0,0
2017,MCM,QB,Matt Ryan,ATL,0,0,0,0
2017,MCM,RB,Carlos Hyde,SF,0,0,0,0
2017,MCM,RB,Jordan Howard,CHI,0,0,0,0
2017,MCM,WR,DeAndre Hopkins,HOU,0,0,0,0
2017,MCM,WR,Antonio Brown,PIT,0,0,0,0
2017,MCM,WR,Davante Adams,GB,0,0,0,0
2017,MCM,TE,Delanie Walker,TEN,0,0,0,0
2017,MCM,WR,Cooper Kupp,LAR,0,0,0,0
2017,MCM,QB,Cam Newton,CAR,0,0,0,0
2017,MCM,K,Stephen Hauschka,BUF,0,0,0,0
2017,MCM,DST,Patriots,NE,0,0,0,0
2017,MCM,QB,Jimmy Garoppolo,SF,0,0,0,0
2017,MCM,QB,AJ McCarron,CIN,0,0,0,0
2017,MCM,RB,Byron Marshall,WAS,0,0,0,0
2017,MCM,RB,Rob Kelley,WAS,0,0,0,0
2017,MCM,RB,Chris Thompson,WAS,0,0,0,0
2017,MCM,WR,Jermaine Kearse,NYJ,0,0,0,0
2017,MCM,TE,David Njoku,CLE,0,0,0,0
2017,MCM,TE,Ricky Seals-Jones,ARI,0,0,0,0
2017,MCM,RB,Bilal Powell,NYJ,0,0,0,0
2017,MCM,QB,Tyrod Taylor,BUF,0,0,0,0
2017,MCM,RB,D'Onta Foreman,HOU,0,0,0,0
2017,MCM,RB,Tarik Cohen,CHI,0,0,0,0
2017,MCM,DST,Giants,NYG,0,0,0,0
2017,MCM,RB,Kenneth Dixon,BAL,0,0,0,0
2017,MCM,RB,Joe Williams,SF,0,0,0,0
2017,CRB,QB,Ben Roethlisberger,PIT,0,0,1,0
2017,CRB,RB,Kareem Hunt,KC,0,0,1,0
2017,CRB,RB,LeSean McCoy,BUF,0,0,1,0
2017,CRB,WR,Marqise Lee,JAC,0,0,1,0
2017,CRB,WR,Jarvis Landry,MIA,0,0,1,0
2017,CRB,WR,Marquise Goodwin,SF,0,0,1,0
2017,CRB,TE,Travis Kelce,KC,0,0,1,0
2017,CRB,RB,Ezekiel Elliott,DAL,0,0,1,0
2017,CRB,QB,Kirk Cousins,WAS,0,0,1,0
2017,CRB,K,Wil Lutz,NO,0,0,1,0
2017,CRB,DST,Ravens,BAL,0,0,1,0
2017,CRB,QB,Paxton Lynch,DEN,0,0,1,0
2017,CRB,RB,Damien Williams,MIA,0,0,1,0
2017,CRB,RB,Peyton Barber,TB,0,0,1,0
2017,CRB,WR,Kenny Golladay,DET,0,0,1,0
2017,CRB,WR,Tyrell Williams,LAC,0,0,1,0
2017,CRB,WR,Martavis Bryant,PIT,0,0,1,0
2017,CRB,WR,Pierre Garcon,SF,0,0,1,0
2017,CRB,TE,George Kittle,SF,0,0,1,0
2017,CRB,WR,Terrelle Pryor,WAS,0,0,1,0
2017,CRB,RB,Austin Ekeler,LAC,0,0,1,0
2017,CRB,RB,Marlon Mack,IND,0,0,1,0
2017,CRB,QB,Blake Bortles,JAC,0,0,1,0
2017,CRB,K,Dan Bailey,DAL,0,0,1,0
2017,CRB,DST,Eagles,PHI,0,0,1,0
2017,CRB,QB,Ryan Tannehill,MIA,0,0,1,0
2017,MM,QB,Jacoby Brissett,IND,0,0,0,0
2017,MM,RB,Jerick McKinnon,MIN,0,0,0,0
2017,MM,RB,CJ Anderson,DEN,0,0,0,0
2017,MM,WR,Josh Gordon,CLE,0,0,0,0
2017,MM,WR,Corey Coleman,CLE,0,0,0,0
2017,MM,WR,Zay Jones,BUF,0,0,0,0
2017,MM,TE,Austin Hooper,ATL,0,0,0,0
2017,MM,TE,Evan Engram,NYG,0,0,0,0
2017,MM,QB,Mitchell Trubisky,CHI,0,0,0,0
2017,MM,K,Jake Elliott,PHI,0,0,0,0
2017,MM,DST,Buccaneers,TB,0,0,0,0
2017,MM,RB,Isaiah Crowell,CLE,0,0,0,0
2017,MM,RB,Corey Clement,PHI,0,0,0,0
2017,MM,RB,Javorius Allen,BAL,0,0,0,0
2017,MM,WR,Kendall Wright,CHI,0,0,0,0
2017,MM,WR,Amari Cooper,OAK,0,0,0,0
2017,MM,WR,DeSean Jackson,TB,0,0,0,0
2017,MM,WR,Kenny Stills,MIA,0,0,0,0
2017,MM,WR,Nelson Agholor,PHI,0,0,0,0
2017,MM,TE,Jared Cook,OAK,0,0,0,0
2017,MM,TE,Charles Clay,BUF,0,0,0,0
2017,MM,RB,Adrian Peterson,ARI,0,0,0,0
2017,MM,RB,Paul Perkins,NYG,0,0,0,0
2017,MM,WR,Laquon Treadwell,MIN,0,0,0,0
2017,MM,QB,Carson Wentz,PHI,0,0,0,0
2017,MM,TE,Greg Olsen,CAR,0,0,0,0
2017,MM,WR,Kenny Britt,NE,0,0,0,0
2017,MWM,QB,Alex Smith,KC,0,0,0,0
2017,MWM,RB,Danny Woodhead,BAL,0,0,0,0
2017,MWM,RB,Latavius Murray,MIN,0,0,0,0
2017,MWM,WR,Doug Baldwin,SEA,0,0,0,0
2017,MWM,WR,Adam Thielen,MIN,0,0,0,0
2017,MWM,WR,Demaryius Thomas,DEN,0,0,0,0
2017,MWM,TE,Jimmy Graham,SEA,0,0,0,0
2017,MWM,WR,Robert Woods,LAR,0,0,0,0
2017,MWM,QB,Case Keenum,MIN,0,0,0,0
2017,MWM,K,Kai Forbath,MIN,0,0,0,0
2017,MWM,DST,Cardinals,ARI,0,0,0,0
2017,MWM,RB,Aaron Jones,GB,0,0,0,0
2017,MWM,RB,Matt Forte,NYJ,0,0,0,0
2017,MWM,RB,Eddie Lacy,SEA,0,0,0,0
2017,MWM,RB,DeAndre Washington,OAK,0,0,0,0
2017,MWM,WR,Chris Hogan,NE,0,0,0,0
2017,MWM,WR,Willie Snead,NO,0,0,0,0
2017,MWM,TE,Vernon Davis,WAS,0,0,0,0
2017,MWM,WR,Danny Amendola,NE,0,0,0,0
2017,MWM,WR,Kelvin Benjamin,BUF,0,0,0,0
2017,MWM,QB,Drew Stanton,ARI,0,0,0,0
2017,MWM,TE,Tyler Kroft,CIN,0,0,0,0
2017,MWM,QB,Andrew Luck,IND,0,0,0,0
2017,MWM,DST,Broncos,DEN,0,0,0,0
2017,MWM,DST,Seahawks,SEA,0,0,0,0
2017,MWM,WR,Julian Edelman,NE,0,0,0,0
2017,SBP,QB,Joe Flacco,BAL,0,0,0,0
2017,SBP,RB,Jay Ajayi,PHI,0,0,0,0
2017,SBP,RB,Ameer Abdullah,DET,0,0,0,0
2017,SBP,WR,Paul Richardson,SEA,0,0,0,0
2017,SBP,WR,Mohamed Sanu,ATL,0,0,0,0
2017,SBP,WR,Tyler Lockett,SEA,0,0,0,0
2017,SBP,TE,Zach Ertz,PHI,0,0,0,0
2017,SBP,WR,Josh Doctson,WAS,0,0,0,0
2017,SBP,WR,Cole Beasley,DAL,0,0,0,0
2017,SBP,K,Matt Bryant,ATL,0,0,0,0
2017,SBP,DST,Dolphins,MIA,0,0,0,0
2017,SBP,QB,Eli Manning,NYG,0,0,0,0
2017,SBP,QB,Deshaun Watson,HOU,0,0,0,0
2017,SBP,RB,Darren McFadden,DAL,0,0,0,0
2017,SBP,RB,Samaje Perine,WAS,0,0,0,0
2017,SBP,RB,Charcandrick West,KC,0,0,0,0
2017,SBP,WR,Terrance Williams,DAL,0,0,0,0
2017,SBP,WR,Randall Cobb,GB,0,0,0,0
2017,SBP,WR,Torrey Smith,PHI,0,0,0,0
2017,SBP,WR,Will Fuller,HOU,0,0,0,0
2017,SBP,TE,Coby Fleener,NO,0,0,0,0
2017,SBP,WR,Sterling Shepard,NYG,0,0,0,0
2017,SBP,WR,Taylor Gabriel,ATL,0,0,0,0
2017,SBP,K,Matt Prater,DET,0,0,0,0
2017,SBP,WR,Amara Darboh,SEA,0,0,0,0
2017,DFL,QB,Dak Prescott,DAL,0,0,0,0
2017,DFL,RB,Melvin Gordon,LAC,0,0,0,0
2017,DFL,RB,Jalen Richard,OAK,0,0,0,0
2017,DFL,WR,Mike Williams,LAC,0,0,0,0
2017,DFL,WR,Brandin Cooks,NE,0,0,0,0
2017,DFL,WR,Stefon Diggs,MIN,0,0,0,0
2017,DFL,TE,Eric Ebron,DET,0,0,0,0
2017,DFL,TE,Martellus Bennett,NE,0,0,0,0
2017,DFL,RB,Marshawn Lynch,OAK,0,0,0,0
2017,DFL,K,Stephen Gostkowski,NE,0,0,0,0
2017,DFL,DST,Titans,TEN,0,0,0,0
2017,DFL,RB,Mark Ingram,NO,0,0,0,0
2017,DFL,WR,Jeremy Maclin,BAL,0,0,0,0
2017,DFL,WR,Keenan Allen,LAC,0,0,0,0
2017,DFL,WR,JJ Nelson,ARI,0,0,0,0
2017,DFL,WR,Michael Crabtree,OAK,0,0,0,0
2017,DFL,TE,Cameron Brate,TB,0,0,0,0
2017,DFL,WR,Marvin Jones,DET,0,0,0,0
2017,DFL,RB,Alex Collins,BAL,0,0,0,0
2017,DFL,QB,Jameis Winston,TB,0,0,0,0
2017,DFL,QB,Matthew Stafford,DET,0,0,0,0
2017,DFL,RB,Thomas Rawls,SEA,0,0,0,0
2017,DFL,QB,Jared Goff,LAR,0,0,0,0
2017,DFL,QB,Andy Dalton,CIN,0,0,0,0
2017,DFL,WR,Allen Hurns,JAC,0,0,0,0
2017,DFL,DST,Panthers,CAR,0,0,0,0
2017,VT,QB,Russell Wilson,SEA,0,0,0,0
2017,VT,RB,Alvin Kamara,NO,0,0,0,0
2017,VT,RB,Lamar Miller,HOU,0,0,0,0
2017,VT,WR,Golden Tate,DET,0,0,0,0
2017,VT,WR,Michael Thomas,NO,0,0,0,0
2017,VT,WR,Jamison Crowder,WAS,0,0,0,0
2017,VT,TE,OJ Howard,TB,0,0,0,0
2017,VT,WR,Tyreek Hill,KC,0,0,0,0
2017,VT,QB,Philip Rivers,LAC,0,0,0,0
2017,VT,K,Graham Gano,CAR,0,0,0,0
2017,VT,DST,Packers,GB,0,0,0,0
2017,VT,RB,James White,NE,0,0,0,0
2017,VT,WR,DeVante Parker,MIA,0,0,0,0
2017,VT,WR,JD McKissic,SEA,0,0,0,0
2017,VT,WR,Emmanuel Sanders,DEN,0,0,0,0
2017,VT,WR,JuJu Smith-Schuster,PIT,0,0,0,0
2017,VT,TE,Antonio Gates,LAC,0,0,0,0
2017,VT,WR,Eric Decker,TEN,0,0,0,0
2017,VT,RB,Charles Sims,TB,0,0,0,0
2017,VT,RB,Frank Gore,IND,0,0,0,0
2017,VT,TE,Jake Butt,DEN,0,0,0,0
2017,VT,QB,Josh McCown,NYJ,0,0,0,0
2017,VT,QB,CJ Beathard,SF,0,0,0,0
2017,VT,WR,Curtis Samuel,CAR,0,0,0,0
2017,VT,DST,Steelers,PIT,0,0,0,0
2017,VT,RB,David Johnson,ARI,0,0,0,0
2016,VD,QB,Marcus Mariota,TEN,0,0,0,0
2016,VD,RB,Jonathan Stewart,CAR,0,0,0,0
2016,VD,RB,Devonta Freeman,ATL,0,0,0,0
2016,VD,WR,Dez Bryant,DAL,0,0,0,0
2016,VD,WR,Ty Montgomery,GB,0,0,0,0
2016,VD,WR,Odell Beckham,NYG,0,0,0,0
2016,VD,TE,Jordan Reed,WAS,0,0,0,0
2016,VD,RB,Le'Veon Bell,PIT,0,0,0,0
2016,VD,QB,Colin Kaepernick,SF,0,0,0,0
2016,VD,K,Justin Tucker,BAL,0,0,0,0
2016,VD,DST,Redskins,WAS,0,0,0,0
2016,VD,QB,Carson Palmer,ARI,0,0,0,0
2016,VD,RB,Tim Hightower,NO,0,0,0,0
2016,VD,RB,Tevin Coleman,ATL,0,0,0,0
2016,VD,WR,Tavon Austin,LAR,0,0,0,0
2016,VD,WR,Sammie Coates,PIT,0,0,0,0
2016,VD,WR,Kevin White,CHI,0,0,0,0
2016,VD,WR,Adam Humphries,TB,0,0,0,0
2016,VD,WR,Mike Wallace,BAL,0,0,0,0
2016,VD,TE,Vernon Davis,WAS,0,0,0,0
2016,VD,TE,Gary Barnidge,CLE,0,0,0,0
2016,VD,RB,Duke Johnson,CLE,0,0,0,0
2016,VD,K,Chris Boswell,PIT,0,0,0,0
2016,VD,K,Roberto Aguayo,TB,0,0,0,0
2016,VD,DST,Titans,TEN,0,0,0,0
2016,AI,QB,Aaron Rodgers,GB,0,0,0,0
2016,AI,RB,Kenneth Dixon,BAL,0,0,0,0
2016,AI,RB,LeGarrette Blount,NE,0,0,0,0
2016,AI,WR,Larry Fitzgerald,ARI,0,0,0,0
2016,AI,WR,Alshon Jeffery,CHI,0,0,0,0
2016,AI,WR,Sammy Watkins,BUF,0,0,0,0
2016,AI,TE,Tyler Eifert,CIN,0,0,0,0
2016,AI,RB,Todd Gurley,LAR,0,0,0,0
2016,AI,QB,Derek Carr,OAK,0,0,0,0
2016,AI,K,Matt Prater,DET,0,0,0,0
2016,AI,DST,Bengals,CIN,0,0,0,0
2016,AI,QB,Sam Bradford,MIN,0,0,0,0
2016,AI,RB,Dwayne Washington,DET,0,0,0,0
2016,AI,RB,Devontae Booker,DEN,0,0,0,0
2016,AI,RB,Terrance West,BAL,0,0,0,0
2016,AI,RB,Ameer Abdullah,DET,0,0,0,0
2016,AI,WR,Devin Funchess,CAR,0,0,0,0
2016,AI,WR,Phillip Dorsett,IND,0,0,0,0
2016,AI,WR,Dorial Green-Beckham,PHI,0,0,0,0
2016,AI,WR,Allen Robinson,JAC,0,0,0,0
2016,AI,WR,Jordan Matthews,PHI,0,0,0,0
2016,AI,WR,Donte Moncrief,IND,0,0,0,0
2016,AI,TE,Hunter Henry,SD,0,0,0,0
2016,AI,TE,Dwayne Allen,IND,0,0,0,0
2016,AI,RB,Theo Riddick,DET,0,0,0,0
2016,MCM,QB,Matt Ryan,ATL,0,0,0,0
2016,MCM,RB,Jordan Howard,CHI,0,0,0,0
2016,MCM,RB,Rob Kelley,WAS,0,0,0,0
2016,MCM,WR,Dontrelle Inman,SD,0,0,0,0
2016,MCM,WR,DeAndre Hopkins,HOU,0,0,0,0
2016,MCM,WR,Antonio Brown,PIT,0,0,0,0
2016,MCM,TE,Delanie Walker,TEN,0,0,0,0
2016,MCM,RB,Carlos Hyde,SF,0,0,0,0
2016,MCM,QB,Cam Newton,CAR,0,0,0,0
2016,MCM,K,Steven Hauschka,SEA,0,0,0,0
2016,MCM,DST,Giants,NYG,0,0,0,0
2016,MCM,QB,Cardale Jones,BUF,0,0,0,0
2016,MCM,QB,Tom Savage,HOU,0,0,0,0
2016,MCM,QB,Matt Moore,MIA,0,0,0,0
2016,MCM,QB,Trevor Siemian,DEN,0,0,0,0
2016,MCM,RB,Zach Zenner,DET,0,0,0,0
2016,MCM,RB,Chris Thompson,WAS,0,0,0,0
2016,MCM,RB,Jeremy Langford,CHI,0,0,0,0
2016,MCM,RB,Bilal Powell,NYJ,0,0,0,0
2016,MCM,RB,Mike Gillislee,BUF,0,0,0,0
2016,MCM,WR,Davante Adams,GB,0,0,0,0
2016,MCM,WR,Robby Anderson,NYJ,0,0,0,0
2016,MCM,WR,Brandon Marshall,NYJ,0,0,0,0
2016,MCM,QB,Tyrod Taylor,BUF,0,0,0,0
2016,MCM,DST,Cowboys,DAL,0,0,0,0
2016,FRR,QB,Tom Brady,NE,0,0,0,0
2016,FRR,RB,Jeremy Hill,CIN,0,0,0,0
2016,FRR,RB,DeMarco Murray,TEN,0,0,0,0
2016,FRR,WR,Mike Evans,TB,0,0,0,0
2016,FRR,WR,Julio Jones,ATL,0,0,0,0
2016,FRR,WR,Rishard Matthews,TEN,0,0,0,0
2016,FRR,TE,Martellus Bennett,NE,0,0,0,0
2016,FRR,WR,Jamison Crowder,WAS,0,0,0,0
2016,FRR,QB,Drew Brees,NO,0,0,0,0
2016,FRR,K,Caleb Sturgis,PHI,0,0,0,0
2016,FRR,DST,Chiefs,KC,0,0,0,0
2016,FRR,QB,Matt Barkley,CHI,0,0,0,0
2016,FRR,RB,Eddie Lacy,GB,0,0,0,0
2016,FRR,WR,AJ Green,CIN,0,0,0,0
2016,FRR,WR,Willie Snead,NO,0,0,0,0
2016,FRR,WR,Tyler Lockett,SEA,0,0,0,0
2016,FRR,TE,Rob Gronkowski,NE,0,0,0,0
2016,FRR,TE,Kyle Rudolph,MIN,0,0,0,0
2016,FRR,WR,John Brown,ARI,0,0,0,0
2016,FRR,WR,Malcolm Mitchell,NE,0,0,0,0
2016,FRR,RB,Dion Lewis,NE,0,0,0,0
2016,FRR,RB,Derrick Henry,TEN,0,0,0,0
2016,FRR,QB,Philip Rivers,SD,0,0,0,0
2016,FRR,QB,Jimmy Garoppolo,NE,0,0,0,0
2016,FRR,DST,Vikings,MIN,0,0,0,0
2016,GG,QB,Joe Flacco,BAL,0,0,0,0
2016,GG,RB,Jay Ajayi,MIA,0,0,0,0
2016,GG,RB,Darren Sproles,PHI,0,0,0,0
2016,GG,WR,Randall Cobb,GB,0,0,0,0
2016,GG,WR,Will Fuller,HOU,0,0,0,0
2016,GG,WR,Torrey Smith,SF,0,0,0,0
2016,GG,TE,Zach Ertz,PHI,0,0,0,0
2016,GG,WR,Jordy Nelson,GB,0,0,0,0
2016,GG,QB,Eli Manning,NYG,0,0,0,0
2016,GG,K,Dustin Hopkins,WAS,0,0,0,0
2016,GG,DST,Dolphins,MIA,0,0,0,0
2016,GG,QB,Tony Romo,DAL,0,0,0,0
2016,GG,RB,Jamaal Charles,KC,0,0,0,0
2016,GG,RB,Arian Foster,MIA,0,0,0,0
2016,GG,RB,Charcandrick West,KC,0,0,0,0
2016,GG,WR,Breshad Perriman,BAL,0,0,0,0
2016,GG,WR,Terrance Williams,DAL,0,0,0,0
2016,GG,WR,Mohamed Sanu,ATL,0,0,0,0
2016,GG,WR,Victor Cruz,NYG,0,0,0,0
2016,GG,WR,Michael Floyd,NE,0,0,0,0
2016,GG,WR,Cole Beasley,DAL,0,0,0,0
2016,GG,RB,Shaun Draughn,SF,0,0,0,0
2016,GG,RB,Reggie Bush,BUF,0,0,0,0
2016,GG,WR,Tajae Sharpe,TEN,0,0,0,0
2016,GG,WR,Josh Doctson,WAS,0,0,0,0
2016,GRR,QB,Carson Wentz,PHI,0,0,0,0
2016,GRR,RB,Jerick McKinnon,MIN,0,0,0,0
2016,GRR,RB,Isaiah Crowell,CLE,0,0,0,0
2016,GRR,WR,Anquan Boldin,DET,0,0,0,0
2016,GRR,WR,Steve Smith,BAL,0,0,0,0
2016,GRR,WR,Kenny Britt,LAR,0,0,0,0
2016,GRR,TE,Greg Olsen,CAR,0,0,0,0
2016,GRR,WR,Kendall Wright,TEN,0,0,0,0
2016,GRR,QB,Brock Osweiler,HOU,0,0,0,0
2016,GRR,K,Matt Bryant,ATL,0,0,0,0
2016,GRR,DST,Bills,BUF,0,0,0,0
2016,GRR,RB,CJ Anderson,DEN,0,0,0,0
2016,GRR,RB,Justin Forsett,DEN,0,0,0,0
2016,GRR,RB,Adrian Peterson,MIN,0,0,0,0
2016,GRR,WR,DeSean Jackson,WAS,0,0,0,0
2016,GRR,WR,Jaelen Strong,HOU,0,0,0,0
2016,GRR,TE,Jared Cook,GB,0,0,0,0
2016,GRR,RB,Javorius Allen,BAL,0,0,0,0
2016,GRR,TE,Charles Clay,BUF,0,0,0,0
2016,GRR,WR,Mike Thomas,LAR,0,0,0,0
2016,GRR,QB,Ryan Fitzpatrick,NYJ,0,0,0,0
2016,GRR,RB,Jonathan Williams,BUF,0,0,0,0
2016,GRR,WR,Laquon Treadwell,MIN,0,0,0,0
2016,GRR,K,Cairo Santos,KC,0,0,0,0
2016,GRR,DST,Texans,HOU,0,0,0,0
2016,CRB,QB,Kirk Cousins,WAS,0,0,1,0
2016,CRB,RB,LeSean McCoy,BUF,0,0,1,0
2016,CRB,RB,Ezekiel Elliott,DAL,0,0,1,0
2016,CRB,WR,TY Hilton,IND,0,0,1,0
2016,CRB,WR,Jarvis Landry,MIA,0,0,1,0
2016,CRB,WR,Tyrell Williams,SD,0,0,1,0
2016,CRB,TE,Travis Kelce,KC,0,0,1,0
2016,CRB,RB,Spencer Ware,KC,0,0,1,0
2016,CRB,QB,Ben Roethlisberger,PIT,0,0,1,0
2016,CRB,K,Dan Bailey,DAL,0,0,1,0
2016,CRB,DST,Eagles,PHI,0,0,1,0
2016,CRB,WR,Martavis Bryant,PIT,0,0,1,0
2016,CRB,WR,Cameron Meredith,CHI,0,0,1,0
2016,CRB,WR,Corey Coleman,CLE,0,0,1,0
2016,CRB,WR,Sterling Shepard,NYG,0,0,1,0
2016,CRB,TE,Cameron Brate,TB,0,0,1,0
2016,CRB,TE,Coby Fleener,NO,0,0,1,0
2016,CRB,RB,Thomas Rawls,SEA,0,0,1,0
2016,CRB,WR,Jeremy Maclin,KC,0,0,1,0
2016,CRB,RB,TJ Yeldon,JAC,0,0,1,0
2016,CRB,QB,Blake Bortles,JAC,0,0,1,0
2016,CRB,QB,Ryan Tannehill,MIA,0,0,1,0
2016,CRB,QB,Robert Griffin,CLE,0,0,1,0
2016,CRB,K,Adam Vinatieri,IND,0,0,1,0
2016,CRB,DST,Ravens,BAL,0,0,1,0
2016,MWM,QB,Andrew Luck,IND,0,0,0,0
2016,MWM,RB,Latavius Murray,OAK,0,0,0,0
2016,MWM,RB,Doug Martin,TB,0,0,0,0
2016,MWM,WR,Demaryius Thomas,DEN,0,0,0,0
2016,MWM,WR,Doug Baldwin,SEA,0,0,0,0
2016,MWM,WR,Julian Edelman,NE,0,0,0,0
2016,MWM,TE,Jimmy Graham,SEA,0,0,0,0
2016,MWM,WR,Pierre Garcon,WAS,0,0,0,0
2016,MWM,QB,Alex Smith,KC,0,0,0,0
2016,MWM,K,Nick Novak,HOU,0,0,0,0
2016,MWM,DST,Patriots,NE,0,0,0,0
2016,MWM,RB,Christine Michael,GB,0,0,0,0
2016,MWM,WR,Adam Thielen,MIN,0,0,0,0
2016,MWM,TE,Dennis Pitta,BAL,0,0,0,0
2016,MWM,WR,Quincy Enunwa,NYJ,0,0,0,0
2016,MWM,RB,James White,NE,0,0,0,0
2016,MWM,WR,Travis Benjamin,SD,0,0,0,0
2016,MWM,WR,Danny Amendola,NE,0,0,0,0
2016,MWM,RB,Danny Woodhead,SD,0,0,0,0
2016,MWM,RB,Matt Forte,NYJ,0,0,0,0
2016,MWM,WR,Kelvin Benjamin,CAR,0,0,0,0
2016,MWM,K,Mason Crosby,GB,0,0,0,0
2016,MWM,DST,Broncos,DEN,0,0,0,0
2016,MWM,DST,Seahawks,SEA,0,0,0,0
2016,DFL,QB,Dak Prescott,DAL,0,0,0,0
2016,DFL,RB,Rashad Jennings,NYG,0,0,0,0
2016,DFL,RB,Mark Ingram,NO,0,0,0,0
2016,DFL,WR,Brandin Cooks,NO,0,0,0,0
2016,DFL,WR,Michael Crabtree,OAK,0,0,0,0
2016,DFL,WR,Amari Cooper,OAK,0,0,0,0
2016,DFL,TE,Eric Ebron,DET,0,0,0,0
2016,DFL,WR,Stefon Diggs,MIN,0,0,0,0
2016,DFL,QB,Jameis Winston,TB,0,0,0,0
2016,DFL,K,Stephen Gostkowski,NE,0,0,0,0
2016,DFL,DST,Panthers,CAR,0,0,0,0
2016,DFL,QB,Andy Dalton,CIN,0,0,0,0
2016,DFL,QB,Matthew Stafford,DET,0,0,0,0
2016,DFL,RB,Wendell Smallwood,PHI,0,0,0,0
2016,DFL,RB,Giovani Bernard,CIN,0,0,0,0
2016,DFL,RB,Melvin Gordon,SD,0,0,0,0
2016,DFL,WR,Jermaine Kearse,SEA,0,0,0,0
2016,DFL,WR,JJ Nelson,ARI,0,0,0,0
2016,DFL,WR,Markus Wheaton,PIT,0,0,0,0
2016,DFL,TE,Julius Thomas,JAC,0,0,0,0
2016,DFL,WR,Keenan Allen,SD,0,0,0,0
2016,DFL,WR,Marvin Jones,DET,0,0,0,0
2016,DFL,RB,DeAngelo Williams,PIT,0,0,0,0
2016,DFL,WR,Allen Hurns,JAC,0,0,0,0
2016,DFL,QB,Jared Goff,LAR,0,0,0,0
2016,VT,QB,Russell Wilson,SEA,0,0,0,0
2016,VT,RB,Lamar Miller,HOU,0,0,0,0
2016,VT,RB,David Johnson,ARI,0,0,0,0
2016,VT,WR,Tyreek Hill,KC,0,0,0,0
2016,VT,WR,Golden Tate,DET,0,0,0,0
2016,VT,WR,Emmanuel Sanders,DEN,0,0,0,0
2016,VT,TE,Antonio Gates,SD,0,0,0,0
2016,VT,RB,Frank Gore,IND,0,0,0,0
2016,VT,WR,Michael Thomas,NO,0,0,0,0
2016,VT,K,Graham Gano,CAR,0,0,0,0
2016,VT,DST,Steelers,PIT,0,0,0,0
2016,VT,QB,Teddy Bridgewater,MIN,0,0,0,0
2016,VT,QB,Josh McCown,CLE,0,0,0,0
2016,VT,RB,Ryan Mathews,PHI,0,0,0,0
2016,VT,RB,CJ Prosise,SEA,0,0,0,0
2016,VT,WR,DeVante Parker,MIA,0,0,0,0
2016,VT,WR,Eric Decker,NYJ,0,0,0,0
2016,VT,WR,Terrelle Pryor,CLE,0,0,0,0
2016,VT,TE,CJ Fiedorowicz,HOU,0,0,0,0
2016,VT,RB,Charles Sims,TB,0,0,0,0
2016,VT,RB,Chris Johnson,ARI,0,0,0,0
2016,VT,WR,Brandon LaFell,CIN,0,0,0,0
2016,VT,QB,Jay Cutler,CHI,0,0,0,0
2016,VT,DST,Packers,GB,0,0,0,0
2015,VD,QB,Marcus Mariota,TEN,0,0,1,0
2015,VD,RB,Jonathan Stewart,CAR,0,0,1,0
2015,VD,RB,Devonta Freeman,ATL,0,0,1,0
2015,VD,WR,Dez Bryant,DAL,0,0,1,0
2015,VD,WR,Ty Montgomery,GB,0,0,1,0
2015,VD,WR,Odell Beckham,NYG,0,0,1,0
2015,VD,TE,Jordan Reed,WAS,0,0,1,0
2015,VD,RB,Le'Veon Bell,PIT,0,0,1,0
2015,VD,QB,Colin Kaepernick,SF,0,0,1,0
2015,VD,K,Justin Tucker,BAL,0,0,1,0
2015,VD,DST,Redskins,WAS,0,0,1,0
2015,VD,QB,Carson Palmer,ARI,0,0,1,0
2015,VD,RB,Tim Hightower,NO,0,0,1,0
2015,VD,RB,Tevin Coleman,ATL,0,0,1,0
2015,VD,WR,Tavon Austin,LAR,0,0,1,0
2015,VD,WR,Sammie Coates,PIT,0,0,1,0
2015,VD,WR,Kevin White,CHI,0,0,1,0
2015,VD,WR,Adam Humphries,TB,0,0,1,0
2015,VD,WR,Mike Wallace,BAL,0,0,1,0
2015,VD,TE,Vernon Davis,WAS,0,0,1,0
2015,VD,TE,Gary Barnidge,CLE,0,0,1,0
2015,VD,RB,Duke Johnson,CLE,0,0,1,0
2015,VD,K,Chris Boswell,PIT,0,0,1,0
2015,VD,K,Roberto Aguayo,TB,0,0,1,0
2015,VD,DST,Titans,TEN,0,0,1,0
2015,AI,QB,Aaron Rodgers,GB,0,0,0,0
2015,AI,RB,Kenneth Dixon,BAL,0,0,0,0
2015,AI,RB,LeGarrette Blount,NE,0,0,0,0
2015,AI,WR,Larry Fitzgerald,ARI,0,0,0,0
2015,AI,WR,Alshon Jeffery,CHI,0,0,0,0
2015,AI,WR,Sammy Watkins,BUF,0,0,0,0
2015,AI,TE,Tyler Eifert,CIN,0,0,0,0
2015,AI,RB,Todd Gurley,LAR,0,0,0,0
2015,AI,QB,Derek Carr,OAK,0,0,0,0
2015,AI,K,Matt Prater,DET,0,0,0,0
2015,AI,DST,Bengals,CIN,0,0,0,0
2015,AI,QB,Sam Bradford,MIN,0,0,0,0
2015,AI,RB,Dwayne Washington,DET,0,0,0,0
2015,AI,RB,Devontae Booker,DEN,0,0,0,0
2015,AI,RB,Terrance West,BAL,0,0,0,0
2015,AI,RB,Ameer Abdullah,DET,0,0,0,0
2015,AI,WR,Devin Funchess,CAR,0,0,0,0
2015,AI,WR,Phillip Dorsett,IND,0,0,0,0
2015,AI,WR,Dorial Green-Beckham,PHI,0,0,0,0
2015,AI,WR,Allen Robinson,JAC,0,0,0,0
2015,AI,WR,Jordan Matthews,PHI,0,0,0,0
2015,AI,WR,Donte Moncrief,IND,0,0,0,0
2015,AI,TE,Hunter Henry,SD,0,0,0,0
2015,AI,TE,Dwayne Allen,IND,0,0,0,0
2015,AI,RB,Theo Riddick,DET,0,0,0,0
2015,MCM,QB,Matt Ryan,ATL,0,0,0,0
2015,MCM,RB,Jordan Howard,CHI,0,0,0,0
2015,MCM,RB,Rob Kelley,WAS,0,0,0,0
2015,MCM,WR,Dontrelle Inman,SD,0,0,0,0
2015,MCM,WR,DeAndre Hopkins,HOU,0,0,0,0
2015,MCM,WR,Antonio Brown,PIT,0,0,0,0
2015,MCM,TE,Delanie Walker,TEN,0,0,0,0
2015,MCM,RB,Carlos Hyde,SF,0,0,0,0
2015,MCM,QB,Cam Newton,CAR,0,0,0,0
2015,MCM,K,Steven Hauschka,SEA,0,0,0,0
2015,MCM,DST,Giants,NYG,0,0,0,0
2015,MCM,QB,Cardale Jones,BUF,0,0,0,0
2015,MCM,QB,Tom Savage,HOU,0,0,0,0
2015,MCM,QB,Matt Moore,MIA,0,0,0,0
2015,MCM,QB,Trevor Siemian,DEN,0,0,0,0
2015,MCM,RB,Zach Zenner,DET,0,0,0,0
2015,MCM,RB,Chris Thompson,WAS,0,0,0,0
2015,MCM,RB,Jeremy Langford,CHI,0,0,0,0
2015,MCM,RB,Bilal Powell,NYJ,0,0,0,0
2015,MCM,RB,Mike Gillislee,BUF,0,0,0,0
2015,MCM,WR,Davante Adams,GB,0,0,0,0
2015,MCM,WR,Robby Anderson,NYJ,0,0,0,0
2015,MCM,WR,Brandon Marshall,NYJ,0,0,0,0
2015,MCM,QB,Tyrod Taylor,BUF,0,0,0,0
2015,MCM,DST,Cowboys,DAL,0,0,0,0
2015,FRR,QB,Tom Brady,NE,0,0,0,0
2015,FRR,RB,Jeremy Hill,CIN,0,0,0,0
2015,FRR,RB,DeMarco Murray,TEN,0,0,0,0
2015,FRR,WR,Mike Evans,TB,0,0,0,0
2015,FRR,WR,Julio Jones,ATL,0,0,0,0
2015,FRR,WR,Rishard Matthews,TEN,0,0,0,0
2015,FRR,TE,Martellus Bennett,NE,0,0,0,0
2015,FRR,WR,Jamison Crowder,WAS,0,0,0,0
2015,FRR,QB,Drew Brees,NO,0,0,0,0
2015,FRR,K,Caleb Sturgis,PHI,0,0,0,0
2015,FRR,DST,Chiefs,KC,0,0,0,0
2015,FRR,QB,Matt Barkley,CHI,0,0,0,0
2015,FRR,RB,Eddie Lacy,GB,0,0,0,0
2015,FRR,WR,AJ Green,CIN,0,0,0,0
2015,FRR,WR,Willie Snead,NO,0,0,0,0
2015,FRR,WR,Tyler Lockett,SEA,0,0,0,0
2015,FRR,TE,Rob Gronkowski,NE,0,0,0,0
2015,FRR,TE,Kyle Rudolph,MIN,0,0,0,0
2015,FRR,WR,John Brown,ARI,0,0,0,0
2015,FRR,WR,Malcolm Mitchell,NE,0,0,0,0
2015,FRR,RB,Dion Lewis,NE,0,0,0,0
2015,FRR,RB,Derrick Henry,TEN,0,0,0,0
2015,FRR,QB,Philip Rivers,SD,0,0,0,0
2015,FRR,QB,Jimmy Garoppolo,NE,0,0,0,0
2015,FRR,DST,Vikings,MIN,0,0,0,0
2015,GG,QB,Joe Flacco,BAL,0,0,0,0
2015,GG,RB,Jay Ajayi,MIA,0,0,0,0
2015,GG,RB,Darren Sproles,PHI,0,0,0,0
2015,GG,WR,Randall Cobb,GB,0,0,0,0
2015,GG,WR,Will Fuller,HOU,0,0,0,0
2015,GG,WR,Torrey Smith,SF,0,0,0,0
2015,GG,TE,Zach Ertz,PHI,0,0,0,0
2015,GG,WR,Jordy Nelson,GB,0,0,0,0
2015,GG,QB,Eli Manning,NYG,0,0,0,0
2015,GG,K,Dustin Hopkins,WAS,0,0,0,0
2015,GG,DST,Dolphins,MIA,0,0,0,0
2015,GG,QB,Tony Romo,DAL,0,0,0,0
2015,GG,RB,Jamaal Charles,KC,0,0,0,0
2015,GG,RB,Arian Foster,MIA,0,0,0,0
2015,GG,RB,Charcandrick West,KC,0,0,0,0
2015,GG,WR,Breshad Perriman,BAL,0,0,0,0
2015,GG,WR,Terrance Williams,DAL,0,0,0,0
2015,GG,WR,Mohamed Sanu,ATL,0,0,0,0
2015,GG,WR,Victor Cruz,NYG,0,0,0,0
2015,GG,WR,Michael Floyd,NE,0,0,0,0
2015,GG,WR,Cole Beasley,DAL,0,0,0,0
2015,GG,RB,Shaun Draughn,SF,0,0,0,0
2015,GG,RB,Reggie Bush,BUF,0,0,0,0
2015,GG,WR,Tajae Sharpe,TEN,0,0,0,0
2015,GG,WR,Josh Doctson,WAS,0,0,0,0
2015,GRR,QB,Carson Wentz,PHI,0,0,0,0
2015,GRR,RB,Jerick McKinnon,MIN,0,0,0,0
2015,GRR,RB,Isaiah Crowell,CLE,0,0,0,0
2015,GRR,WR,Anquan Boldin,DET,0,0,0,0
2015,GRR,WR,Steve Smith,BAL,0,0,0,0
2015,GRR,WR,Kenny Britt,LAR,0,0,0,0
2015,GRR,TE,Greg Olsen,CAR,0,0,0,0
2015,GRR,WR,Kendall Wright,TEN,0,0,0,0
2015,GRR,QB,Brock Osweiler,HOU,0,0,0,0
2015,GRR,K,Matt Bryant,ATL,0,0,0,0
2015,GRR,DST,Bills,BUF,0,0,0,0
2015,GRR,RB,CJ Anderson,DEN,0,0,0,0
2015,GRR,RB,Justin Forsett,DEN,0,0,0,0
2015,GRR,RB,Adrian Peterson,MIN,0,0,0,0
2015,GRR,WR,DeSean Jackson,WAS,0,0,0,0
2015,GRR,WR,Jaelen Strong,HOU,0,0,0,0
2015,GRR,TE,Jared Cook,GB,0,0,0,0
2015,GRR,RB,Javorius Allen,BAL,0,0,0,0
2015,GRR,TE,Charles Clay,BUF,0,0,0,0
2015,GRR,WR,Mike Thomas,LAR,0,0,0,0
2015,GRR,QB,Ryan Fitzpatrick,NYJ,0,0,0,0
2015,GRR,RB,Jonathan Williams,BUF,0,0,0,0
2015,GRR,WR,Laquon Treadwell,MIN,0,0,0,0
2015,GRR,K,Cairo Santos,KC,0,0,0,0
2015,GRR,DST,Texans,HOU,0,0,0,0
2015,CRB,QB,Kirk Cousins,WAS,0,0,0,0
2015,CRB,RB,LeSean McCoy,BUF,0,0,0,0
2015,CRB,RB,Ezekiel Elliott,DAL,0,0,0,0
2015,CRB,WR,TY Hilton,IND,0,0,0,0
2015,CRB,WR,Jarvis Landry,MIA,0,0,0,0
2015,CRB,WR,Tyrell Williams,SD,0,0,0,0
2015,CRB,TE,Travis Kelce,KC,0,0,0,0
2015,CRB,RB,Spencer Ware,KC,0,0,0,0
2015,CRB,QB,Ben Roethlisberger,PIT,0,0,0,0
2015,CRB,K,Dan Bailey,DAL,0,0,0,0
2015,CRB,DST,Eagles,PHI,0,0,0,0
2015,CRB,WR,Martavis Bryant,PIT,0,0,0,0
2015,CRB,WR,Cameron Meredith,CHI,0,0,0,0
2015,CRB,WR,Corey Coleman,CLE,0,0,0,0
2015,CRB,WR,Sterling Shepard,NYG,0,0,0,0
2015,CRB,TE,Cameron Brate,TB,0,0,0,0
2015,CRB,TE,Coby Fleener,NO,0,0,0,0
2015,CRB,RB,Thomas Rawls,SEA,0,0,0,0
2015,CRB,WR,Jeremy Maclin,KC,0,0,0,0
2015,CRB,RB,TJ Yeldon,JAC,0,0,0,0
2015,CRB,QB,Blake Bortles,JAC,0,0,0,0
2015,CRB,QB,Ryan Tannehill,MIA,0,0,0,0
2015,CRB,QB,Robert Griffin,CLE,0,0,0,0
2015,CRB,K,Adam Vinatieri,IND,0,0,0,0
2015,CRB,DST,Ravens,BAL,0,0,0,0
2015,MWM,QB,Andrew Luck,IND,0,0,0,0
2015,MWM,RB,Latavius Murray,OAK,0,0,0,0
2015,MWM,RB,Doug Martin,TB,0,0,0,0
2015,MWM,WR,Demaryius Thomas,DEN,0,0,0,0
2015,MWM,WR,Doug Baldwin,SEA,0,0,0,0
2015,MWM,WR,Julian Edelman,NE,0,0,0,0
2015,MWM,TE,Jimmy Graham,SEA,0,0,0,0
2015,MWM,WR,Pierre Garcon,WAS,0,0,0,0
2015,MWM,QB,Alex Smith,KC,0,0,0,0
2015,MWM,K,Nick Novak,HOU,0,0,0,0
2015,MWM,DST,Patriots,NE,0,0,0,0
2015,MWM,RB,Christine Michael,GB,0,0,0,0
2015,MWM,WR,Adam Thielen,MIN,0,0,0,0
2015,MWM,TE,Dennis Pitta,BAL,0,0,0,0
2015,MWM,WR,Quincy Enunwa,NYJ,0,0,0,0
2015,MWM,RB,James White,NE,0,0,0,0
2015,MWM,WR,Travis Benjamin,SD,0,0,0,0
2015,MWM,WR,Danny Amendola,NE,0,0,0,0
2015,MWM,RB,Danny Woodhead,SD,0,0,0,0
2015,MWM,RB,Matt Forte,NYJ,0,0,0,0
2015,MWM,WR,Kelvin Benjamin,CAR,0,0,0,0
2015,MWM,K,Mason Crosby,GB,0,0,0,0
2015,MWM,DST,Broncos,DEN,0,0,0,0
2015,MWM,DST,Seahawks,SEA,0,0,0,0
2015,DFL,QB,Dak Prescott,DAL,0,0,0,0
2015,DFL,RB,Rashad Jennings,NYG,0,0,0,0
2015,DFL,RB,Mark Ingram,NO,0,0,0,0
2015,DFL,WR,Brandin Cooks,NO,0,0,0,0
2015,DFL,WR,Michael Crabtree,OAK,0,0,0,0
2015,DFL,WR,Amari Cooper,OAK,0,0,0,0
2015,DFL,TE,Eric Ebron,DET,0,0,0,0
2015,DFL,WR,Stefon Diggs,MIN,0,0,0,0
2015,DFL,QB,Jameis Winston,TB,0,0,0,0
2015,DFL,K,Stephen Gostkowski,NE,0,0,0,0
2015,DFL,DST,Panthers,CAR,0,0,0,0
2015,DFL,QB,Andy Dalton,CIN,0,0,0,0
2015,DFL,QB,Matthew Stafford,DET,0,0,0,0
2015,DFL,RB,Wendell Smallwood,PHI,0,0,0,0
2015,DFL,RB,Giovani Bernard,CIN,0,0,0,0
2015,DFL,RB,Melvin Gordon,SD,0,0,0,0
2015,DFL,WR,Jermaine Kearse,SEA,0,0,0,0
2015,DFL,WR,JJ Nelson,ARI,0,0,0,0
2015,DFL,WR,Markus Wheaton,PIT,0,0,0,0
2015,DFL,TE,Julius Thomas,JAC,0,0,0,0
2015,DFL,WR,Keenan Allen,SD,0,0,0,0
2015,DFL,WR,Marvin Jones,DET,0,0,0,0
2015,DFL,RB,DeAngelo Williams,PIT,0,0,0,0
2015,DFL,WR,Allen Hurns,JAC,0,0,0,0
2015,DFL,QB,Jared Goff,LAR,0,0,0,0
2015,VT,QB,Russell Wilson,SEA,0,0,0,0
2015,VT,RB,Lamar Miller,HOU,0,0,0,0
2015,VT,RB,David Johnson,ARI,0,0,0,0
2015,VT,WR,Tyreek Hill,KC,0,0,0,0
2015,VT,WR,Golden Tate,DET,0,0,0,0
2015,VT,WR,Emmanuel Sanders,DEN,0,0,0,0
2015,VT,TE,Antonio Gates,SD,0,0,0,0
2015,VT,RB,Frank Gore,IND,0,0,0,0
2015,VT,WR,Michael Thomas,NO,0,0,0,0
2015,VT,K,Graham Gano,CAR,0,0,0,0
2015,VT,DST,Steelers,PIT,0,0,0,0
2015,VT,QB,Teddy Bridgewater,MIN,0,0,0,0
2015,VT,QB,Josh McCown,CLE,0,0,0,0
2015,VT,RB,Ryan Mathews,PHI,0,0,0,0
2015,VT,RB,CJ Prosise,SEA,0,0,0,0
2015,VT,WR,DeVante Parker,MIA,0,0,0,0
2015,VT,WR,Eric Decker,NYJ,0,0,0,0
2015,VT,WR,Terrelle Pryor,CLE,0,0,0,0
2015,VT,TE,CJ Fiedorowicz,HOU,0,0,0,0
2015,VT,RB,Charles Sims,TB,0,0,0,0
2015,VT,RB,Chris Johnson,ARI,0,0,0,0
2015,VT,WR,Brandon LaFell,CIN,0,0,0,0
2015,VT,QB,Jay Cutler,CHI,0,0,0,0
2015,VT,DST,Packers,GB,0,0,0,0
2022,AFL,QB,Bailey Zappe,NE,1,2,0,0
2022,AFL,RB,Isiah Pacheco,KC,6,2,0,0
2022,AFL,RB,Miles Sanders,PHI,71,2,0,0
2022,AFL,WR,AJ Brown,PHI,47,2,0,0
2022,AFL,WR,Drake London,ATL,35,3,0,0
2022,AFL,WR,Chris Olave,NO,45,3,0,0
2022,AFL,TE,Daniel Bellinger,NYG,1,2,0,0
2022,AFL,RB,Raheem Mostert,MIA,9,3,0,0
2022,AFL,RB,Rachaad White,TB,5,3,0,0
2022,AFL,DST,Dolphins,MIA,1,1,0,0
2022,AFL,QB,Kyle Allen,HOU,1,2,0,0
2022,AFL,QB,Matthew Stafford,LAR,93,2,0,0
2022,AFL,RB,Melvin Gordon,KC,25,2,0,0
2022,AFL,RB,Hassan Haskins,TEN,3,3,0,0
2022,AFL,RB,Javonte Williams,DEN,5,2,0,0
2022,AFL,WR,Nico Collins,HOU,3,2,0,0
2022,AFL,WR,Courtland Sutton,DEN,49,1,0,0
2022,AFL,TE,Trey McBride,ARI,3,3,0,0
2022,AFL,WR,Kadarius Toney,KC,4,2,0,0
2022,AFL,QB,Trey Lance,SF,45,2,0,0
2022,AFL,WR,John Metchie,HOU,5,3,0,0
2022,CC,QB,Josh Allen,BUF,80,1,0,0
2022,CC,RB,James Cook,BUF,10,3,0,0
2022,CC,RB,Alvin Kamara,NO,96,1,0,0
2022,CC,WR,Marquise Brown,ARI,50,1,0,0
2022,CC,WR,DeAndre Hopkins,ARI,42,2,0,0
2022,CC,WR,George Pickens,PIT,5,3,0,0
2022,CC,TE,Darren Waller,LV,30,2,0,0
2022,CC,WR,Darius Slayton,NYG,8,2,0,0
2022,CC,QB,Kirk Cousins,MIN,20,1,0,0
2022,CC,DST,Commanders,WAS,3,2,0,0
2022,CC,RB,Kenneth Gainwell,PHI,3,2,0,0
2022,CC,RB,Deon Jackson,IND,15,2,0,0
2022,CC,RB,Jonathan Taylor,IND,35,1,0,0
2022,CC,WR,Diontae Johnson,PIT,28,1,0,0
2022,CC,WR,Tyler Lockett,SEA,19,2,0,0
2022,CC,TE,Mike Gesicki,MIA,8,1,0,0
2022,CC,TE,Dalton Schultz,DAL,2,2,0,0
2022,CC,WR,Chase Claypool,CHI,4,1,0,0
2022,CC,RB,Kenyan Drake,BAL,10,2,0,0
2022,CRB,QB,Gardner Minshew,PHI,1,2,0,0
2022,CRB,RB,JK Dobbins,BAL,15,1,0,0
2022,CRB,RB,Pierre Strong,NE,12,2,0,0
2022,CRB,WR,Romeo Doubs,GB,3,3,0,0
2022,CRB,WR,DeVonta Smith,PHI,15,2,0,0
2022,CRB,WR,Amon-Ra St Brown,DET,5,2,0,0
2022,CRB,TE,TJ Hockenson,MIN,21,1,0,0
2022,CRB,WR,Elijah Moore,NYJ,5,2,0,0
2022,CRB,QB,Kenny Pickett,PIT,10,3,0,0
2022,CRB,DST,Chiefs,KC,2,2,0,0
2022,CRB,QB,Jalen Hurts,PHI,100,2,0,0
2022,CRB,QB,Colt McCoy,ARI,30,2,0,0
2022,CRB,QB,Desmond Ridder,ATL,5,3,0,0
2022,CRB,RB,Antonio Gibson,WAS,5,1,0,0
2022,CRB,WR,Mecole Hardman,KC,13,2,0,0
2022,CRB,WR,DeVante Parker,NE,15,2,0,0
2022,CRB,QB,Ryan Tannehill,TEN,49,2,0,0
2022,CRB,RB,Breece Hall,NYJ,50,3,0,0
2022,CRB,RB,Elijah Mitchell,SF,97,2,0,0
2022,ELP,QB,Jarrett Stidham,LV,1,2,1,0
2022,ELP,RB,Derrick Henry,TEN,105,1,1,0
2022,ELP,RB,Kenneth Walker,SEA,30,3,1,0
2022,ELP,WR,Keenan Allen,LAC,47,1,1,0
2022,ELP,WR,Tyreek Hill,MIA,67,2,1,0
2022,ELP,WR,KJ Osborn,MIN,1,2,1,0
2022,ELP,TE,Mark Andrews,BAL,28,2,1,0
2022,ELP,RB,Jamaal Williams,DET,4,2,1,0
2022,ELP,QB,Geno Smith,SEA,25,2,1,0
2022,ELP,DST,49ers,SF,1,1,1,0
2022,ELP,QB,Daniel Jones,NYG,48,1,1,0
2022,ELP,QB,Brock Purdy,SF,20,2,1,0
2022,ELP,RB,Brian Robinson,WAS,5,3,1,0
2022,ELP,WR,Michael Gallup,DAL,1,2,1,0
2022,ELP,WR,Cooper Kupp,LAR,53,1,1,0
2022,ELP,WR,Deebo Samuel,SF,36,1,1,0
2022,ELP,RB,Zonovan Knight,NYJ,3,2,1,0
2022,ELP,TE,Cole Kmet,CHI,3,2,1,0
2022,ELP,WR,Devin Duvernay,BAL,1,2,1,0
2022,ELP,TE,Zach Ertz,ARI,1,2,1,0
2022,FRR,QB,Patrick Mahomes,KC,72,2,0,0
2022,FRR,RB,Christian McCaffrey,SF,105,1,0,0
2022,FRR,RB,Rhamondre Stevenson,NE,3,2,0,0
2022,FRR,WR,Ja'Marr Chase,CIN,40,2,0,0
2022,FRR,WR,Terry McLaurin,WAS,52,1,0,0
2022,FRR,WR,Jaylen Waddle,MIA,10,2,0,0
2022,FRR,TE,Travis Kelce,KC,46,1,0,0
2022,FRR,RB,D'Andre Swift,DET,15,1,0,0
2022,FRR,QB,Joe Burrow,CIN,45,1,0,0
2022,FRR,DST,Eagles,PHI,12,2,0,0
2022,FRR,QB,Jared Goff,DET,2,1,0,0
2022,FRR,QB,Baker Mayfield,LAR,5,2,0,0
2022,FRR,RB,Zack Moss,IND,10,2,0,0
2022,FRR,RB,Jeff Wilson,MIA,15,2,0,0
2022,FRR,WR,Kendrick Bourne,NE,1,2,0,0
2022,FRR,WR,Gabe Davis,BUF,2,1,0,0
2022,FRR,WR,JuJu Smith-Schuster,KC,46,2,0,0
2022,FRR,TE,Greg Dulcich,DEN,2,2,0,0
2022,FRR,TE,Tyler Higbee,LAR,1,2,0,0
2022,FRR,RB,Dameon Pierce,HOU,5,3,0,0
2022,FRR,WR,Rondale Moore,ARI,10,2,0,0
2022,GF,QB,Aaron Rodgers,GB,68,1,0,0
2022,GF,RB,Nick Chubb,CLE,102,2,0,0
2022,GF,RB,James Conner,ARI,69,1,0,0
2022,GF,WR,Donovan Peoples-Jones,CLE,1,2,0,0
2022,GF,WR,Michael Pittman,IND,5,1,0,0
2022,GF,WR,Christian Watson,GB,15,3,0,0
2022,GF,TE,Dawson Knox,BUF,15,2,0,0
2022,GF,RB,Michael Carter,NYJ,5,2,0,0
2022,GF,QB,Russell Wilson,DEN,63,2,0,0
2022,GF,DST,Titans,TEN,1,2,0,0
2022,GF,QB,Derek Carr,LV,35,2,0,0
2022,GF,RB,Ronald Jones,KC,8,3,0,0
2022,GF,WR,Odell Beckham,LAR,1,2,0,0
2022,GF,WR,David Bell,CLE,5,3,0,0
2022,GF,WR,Calvin Ridley,JAC,15,4,0,0
2022,GF,WR,Jalen Tolbert,DAL,6,2,0,0
2022,GF,WR,Jameson Williams,DET,40,3,0,0
2022,GF,TE,Noah Fant,SEA,14,2,0,0
2022,GF,TE,Isaiah Likely,BAL,1,2,0,0
2022,GF,RB,Rashaad Penny,SEA,14,3,0,0
2022,GF,WR,Wan'Dale Robinson,NYG,1,3,0,0
2022,MAM,QB,Justin Fields,CHI,30,2,0,0
2022,MAM,RB,Saquon Barkley,NYG,104,3,0,0
2022,MAM,RB,Joe Mixon,CIN,65,1,0,0
2022,MAM,WR,Mike Evans,TB,54,1,0,0
2022,MAM,WR,Chris Godwin,TB,52,1,0,0
2022,MAM,WR,Garrett Wilson,NYJ,25,3,0,0
2022,MAM,TE,George Kittle,SF,37,2,0,0
2022,MAM,RB,David Montgomery,CHI,25,2,0,0
2022,MAM,TE,Dallas Goedert,PHI,5,2,0,0
2022,MAM,DST,Chargers,LAC,1,2,0,0
2022,MAM,RB,Matt Breida,NYG,3,2,0,0
2022,MAM,WR,DJ Chark,DET,1,2,0,0
2022,MAM,WR,Curtis Samuel,WAS,7,1,0,0
2022,MAM,TE,Jelani Woods,IND,1,2,0,0
2022,MAM,TE,Gerald Everett,LAC,1,1,0,0
2022,MAM,RB,D'Onta Foreman,CAR,3,2,0,0
2022,MAM,QB,Matt Ryan,IND,16,2,0,0
2022,MAM,QB,Tua Tagovailoa,MIA,50,1,0,0
2022,MAM,DST,Broncos,DEN,1,2,0,0
2022,MAM,QB,Matt Corral,CAR,5,3,0,0
2022,MCM,QB,Mike White,NYJ,4,2,0,1
2022,MCM,RB,Kareem Hunt,CLE,58,2,0,1
2022,MCM,RB,Zamir White,LV,5,3,0,1
2022,MCM,WR,Randall Cobb,GB,3,2,0,1
2022,MCM,WR,Brandin Cooks,HOU,34,3,0,1
2022,MCM,WR,Mike Williams,LAC,15,1,0,1
2022,MCM,TE,Chigoziem Okonkwo,TEN,1,2,0,1
2022,MCM,RB,Cordarrelle Patterson,ATL,15,1,0,1
2022,MCM,WR,Marvin Jones,JAC,3,2,0,1
2022,MCM,DST,Ravens,BAL,3,2,0,1
2022,MCM,QB,Andy Dalton,NO,2,2,0,1
2022,MCM,QB,Justin Herbert,LAC,30,1,0,1
2022,MCM,QB,Dak Prescott,DAL,66,2,0,1
2022,MCM,RB,Austin Ekeler,LAC,55,1,0,1
2022,MCM,RB,Travis Etienne,JAC,10,2,0,1
2022,MCM,RB,Latavius Murray,DEN,10,2,0,1
2022,MCM,WR,Davante Adams,LV,69,1,0,1
2022,MCM,WR,Stefon Diggs,BUF,86,1,0,1
2022,MCM,TE,Taysom Hill,NO,1,2,0,1
2022,MWM,QB,Jacoby Brissett,CLE,2,2,0,0
2022,MWM,RB,Clyde Edwards-Helaire,KC,40,1,0,0
2022,MWM,RB,Dontrell Hilliard,TEN,1,2,0,0
2022,MWM,WR,Tyler Boyd,CIN,33,1,0,0
2022,MWM,WR,Corey Davis,NYJ,35,2,0,0
2022,MWM,WR,Van Jefferson,LAR,3,1,0,0
2022,MWM,TE,Foster Moreau,LV,1,2,0,0
2022,MWM,RB,Khalil Herbert,CHI,1,1,0,0
2022,MWM,QB,Jimmy Garoppolo,SF,1,2,0,0
2022,MWM,DST,Jets,NYJ,1,2,0,0
2022,MWM,RB,AJ Dillon,GB,5,1,0,0
2022,MWM,RB,Gus Edwards,BAL,1,2,0,0
2022,MWM,RB,Devin Singletary,BUF,15,2,0,0
2022,MWM,WR,Jerry Jeudy,DEN,25,1,0,0
2022,MWM,WR,DK Metcalf,SEA,52,1,0,0
2022,MWM,WR,Adam Thielen,MIN,59,1,0,0
2022,MWM,RB,Aaron Jones,GB,96,1,0,0
2022,MWM,QB,Tom Brady,TB,84,1,0,0
2022,MWM,QB,Mac Jones,NE,15,2,0,0
2022,NN,QB,Kyle Trask,TB,1,2,0,0
2022,NN,RB,Darrell Henderson,JAC,9,3,0,0
2022,NN,RB,Alexander Mattison,MIN,5,2,0,0
2022,NN,WR,Josh Palmer,LAC,1,2,0,0
2022,NN,WR,Tyquan Thornton,NE,3,3,0,0
2022,NN,WR,Marquez Valdes-Scantling,KC,1,3,0,0
2022,NN,TE,Pat Freiermuth,PIT,3,2,0,0
2022,NN,RB,Chuba Hubbard,CAR,2,2,0,0
2022,NN,RB,Jaylen Warren,PIT,3,2,0,0
2022,NN,DST,Bills,BUF,3,2,0,0
2022,NN,QB,Trevor Lawrence,JAC,50,2,0,0
2022,NN,QB,Deshaun Watson,CLE,62,2,0,0
2022,NN,RB,Tyler Allgeier,ATL,5,3,0,0
2022,NN,RB,Ezekiel Elliott,DAL,106,2,0,0
2022,NN,RB,Josh Jacobs,LV,59,2,0,0
2022,NN,WR,Treylon Burks,TEN,20,3,0,0
2022,NN,WR,Amari Cooper,CLE,49,1,0,0
2022,NN,WR,Justin Jefferson,MIN,5,1,0,0
2022,NN,WR,Christian Kirk,JAC,2,1,0,0
2022,NN,QB,Kyler Murray,ARI,83,1,0,0
2022,VD,QB,Sam Darnold,CAR,15,2,0,0
2022,VD,RB,Leonard Fournette,TB,94,2,0,0
2022,VD,RB,Jerick McKinnon,KC,20,2,0,0
2022,VD,WR,Brandon Aiyuk,SF,39,3,0,0
2022,VD,WR,Jahan Dotson,WAS,5,3,0,0
2022,VD,WR,Allen Lazard,GB,64,2,0,0
2022,VD,TE,Evan Engram,JAC,2,2,0,0
2022,VD,WR,Jakobi Meyers,NE,3,3,0,0
2022,VD,WR,Rashid Shaheed,NO,2,2,0,0
2022,VD,DST,Cowboys,DAL,2,2,0,0
2022,VD,QB,Sam Howell,WAS,3,3,0,0
2022,VD,WR,Terrace Marshall,CAR,5,2,0,0
2022,VD,WR,Skyy Moore,KC,10,3,0,0
2022,VD,RB,Damien Harris,NE,65,2,0,0
2022,VD,RB,Tony Pollard,DAL,31,3,0,0
2022,VD,QB,Jordan Love,GB,7,2,0,0
2022,VD,RB,Kyren Williams,LAR,15,2,0,0
2022,VD,QB,Zach Wilson,NYJ,20,2,0,0
2022,VD,DST,Steelers,PIT,2,2,0,0
2022,VD,TE,Kyle Pitts,ATL,35,2,0,0
2022,WLW,QB,Tyler Huntley,BAL,40,2,0,0
2022,WLW,RB,Dalvin Cook,MIN,120,1,0,0
2022,WLW,RB,Najee Harris,PIT,25,2,0,0
2022,WLW,WR,Tee Higgins,CIN,5,1,0,0
2022,WLW,WR,CeeDee Lamb,DAL,20,1,0,0
2022,WLW,WR,DJ Moore,CAR,46,1,0,0
2022,WLW,TE,David Njoku,CLE,2,2,0,0
2022,WLW,RB,Cam Akers,LAR,25,2,0,0
2022,WLW,QB,Teddy Bridgewater,MIA,25,2,0,0
2022,WLW,DST,Giants,NYG,1,2,0,0
2022,WLW,QB,Lamar Jackson,BAL,83,2,0,0
2022,WLW,QB,Malik Willis,TEN,5,3,0,0
2022,WLW,RB,James Robinson,NYJ,25,2,0,0
2022,WLW,RB,Isaiah Spiller,LAC,10,3,0,0
2022,WLW,WR,Isaiah McKenzie,BUF,1,2,0,0
2022,WLW,WR,Darnell Mooney,CHI,1,2,0,0
2022,WLW,WR,Alec Pierce,IND,3,3,0,0
2022,WLW,WR,Khalil Shakir,BUF,3,3,0,0
2022,WLW,TE,Juwan Johnson,NO,2,2,0,0
2022,WLW,WR,Rashod Bateman,BAL,5,2,0,0
2022,WLW,WR,Michael Thomas,NO,52,2,0,0