Season,Player,Pos,Team,1,2,3,4,5,6,7,8,9,10,11,12,13,14,15,16,17,18,TTL,AVG
2022,AJ Brown ,WR,PHI,87,88,80,85,74,86,bye,68,86,78,88,96,82,85,89,92,100,79,1004,85
2022,AJ Green ,WR,ARI,74,85,34,0,72,69,0,47,0,44,77,53,bye,60,57,0,16,63,533,58
2022,AJ Dillon ,RB,GB,51,57,53,58,32,49,30,42,66,38,48,43,68,bye,37,58,46,52,537,49
2022,Aaron Jones ,RB,GB,61,59,63,62,73,56,74,67,41,70,66,71,38,bye,56,38,40,55,630,58
2022,Aaron Rodgers ,QB,GB,92,100,100,100,100,95,100,100,100,100,100,80,100,bye,100,100,89,100,1068,98
2022,Adam Prentice ,RB,NO,0,15,0,0,0,0,0,0,0,0,0,14,5,bye,9,33,36,0,69,19
2022,Adam Thielen ,WR,MIN,95,97,97,97,96,87,bye,87,94,94,77,93,87,94,90,92,84,52,1042,89
2022,Adam Trautman ,TE,NO,0,0,64,65,65,22,0,0,35,40,70,61,80,bye,65,74,68,53,463,59
2022,Albert Okwuegbunam ,TE,DEN,67,53,32,0,21,0,0,0,bye,0,0,0,0,0,0,0,53,45,187,45
2022,Alec Ingold ,RB,MIA,37,37,28,0,0,33,0,40,0,61,bye,45,54,39,54,54,15,0,304,41
2022,Alec Pierce ,WR,IND,51,0,45,44,59,65,97,57,71,65,71,70,71,bye,77,73,83,64,725,66
2022,Alexander Mattison ,RB,MIN,23,31,39,38,43,13,bye,24,14,16,28,14,25,15,14,21,40,35,297,25
2022,Allen Lazard ,WR,GB,0,81,90,96,94,97,59,0,88,98,92,100,94,bye,94,89,71,90,863,89
2022,Allen Robinson ,WR,LAR,97,90,92,99,83,86,bye,93,89,92,83,0,0,0,0,0,0,0,562,90
2022,Alvin Kamara ,RB,NO,62,0,70,0,73,69,72,72,88,79,70,67,59,bye,62,70,58,75,642,69
2022,Amari Cooper ,WR,CLE,83,81,82,85,90,76,95,79,bye,87,84,92,81,86,73,89,61,91,978,83
2022,Amari Rodgers ,WR,Multi,0,1,5,0,2,33,30,42,26,9,0,0,0,55,51,21,44,62,251,29
2022,Ameer Abdullah ,RB,LV,12,21,0,1,0,bye,12,34,24,21,17,18,20,13,22,19,0,26,166,18
2022,Amon-Ra St Brown ,WR,DET,88,85,73,0,32,bye,17,95,97,81,90,87,87,87,84,83,70,85,832,78
2022,Andre Baccellia ,WR,ARI,0,22,31,0,0,0,0,0,0,0,0,2,bye,0,0,0,47,21,92,25
2022,Andrew Beck ,TE,DEN,15,29,0,23,26,28,25,0,bye,0,0,0,0,0,30,0,19,35,155,26
2022,Andy Dalton ,QB,NO,0,0,0,95,88,88,99,84,90,91,70,86,88,bye,85,72,81,85,736,86
2022,Andy Isabella ,WR,Multi,32,0,39,0,0,0,0,0,0,0,0,0,0,0,0,6,6,0,59,23
2022,Anthony Brown ,QB,BAL,0,0,0,0,0,0,0,0,0,bye,0,0,0,38,0,0,0,100,101,73
2022,Anthony Firkser ,TE,ATL,4,0,16,0,23,0,0,0,0,0,0,39,26,bye,31,21,0,24,117,22
2022,Anthony McFarland ,RB,PIT,0,0,0,0,0,0,0,0,bye,0,0,30,0,0,0,0,0,0,21,30
2022,Anthony Schwartz ,WR,CLE,29,0,0,0,12,17,0,0,bye,18,11,14,8,0,0,0,0,0,79,16
2022,Antonio Gibson ,RB,WAS,64,54,44,41,32,26,39,36,58,48,68,42,49,bye,60,29,0,0,489,46
2022,Armani Rogers ,TE,WAS,5,0,18,0,8,32,51,36,20,25,0,0,0,bye,0,0,0,17,146,23
2022,Ashton Dulin ,WR,IND,35,64,25,29,15,0,0,0,0,0,20,34,28,bye,23,17,0,0,195,28
2022,Austin Ekeler ,RB,LAC,49,63,56,59,59,66,77,bye,68,69,69,70,60,59,69,60,44,49,734,62
2022,Austin Hooper ,TE,TEN,62,50,41,37,53,bye,44,47,61,61,45,67,49,54,48,49,49,45,525,51
2022,Austin Trammell ,WR,LAR,0,0,0,0,0,0,bye,0,0,0,0,0,16,19,0,0,0,0,22,17
2022,Avery Williams ,RB,ATL,31,25,7,13,26,12,15,7,5,14,0,12,0,bye,14,17,16,7,141,15
2022,Bailey Zappe ,QB,NE,0,0,0,74,100,100,65,0,0,bye,0,0,0,0,0,0,0,0,207,86
2022,Baker Mayfield ,QB,Multi,100,100,100,100,87,0,0,0,63,0,100,0,0,95,100,94,100,100,649,95
2022,Ben Ellefson ,TE,MIN,27,0,18,0,0,0,bye,0,0,0,0,0,0,0,0,0,0,0,30,22
2022,Ben Skowronek ,WR,LAR,88,86,85,88,88,68,bye,62,65,98,84,63,97,100,67,0,0,0,696,82
2022,Benny Snell ,RB,PIT,0,0,0,0,0,0,0,0,bye,0,0,41,14,4,0,0,0,0,39,21
2022,Binjimen Victor ,WR,BAL,0,0,0,0,0,0,0,0,6,bye,0,0,0,0,0,0,0,0,4,6
2022,Blaine Gabbert ,QB,TB,0,0,0,0,0,0,0,0,0,0,bye,0,0,0,0,0,0,25,14,25
2022,Blake Bell ,TE,KC,0,0,0,0,0,0,0,bye,0,0,0,0,0,0,0,0,13,31,26,22
2022,Boston Scott ,RB,PHI,18,21,10,0,0,14,bye,23,8,10,19,12,23,18,5,4,33,33,170,17
2022,Brandin Cooks ,WR,HOU,91,87,86,81,78,bye,89,81,0,64,80,74,0,0,0,76,77,91,658,81
2022,Brandon Aiyuk ,WR,SF,99,88,89,92,87,92,94,98,bye,97,79,97,95,78,97,96,96,73,1002,91
2022,Brandon Allen ,QB,CIN,0,0,0,0,0,0,0,0,22,bye,0,0,0,0,0,0,0,0,16,21
2022,Brandon Bolden ,RB,LV,28,0,36,7,16,bye,0,0,7,0,5,0,0,2,0,4,21,0,81,14
2022,Brandon Johnson ,WR,DEN,0,0,0,0,0,0,0,0,bye,0,34,70,0,74,59,0,0,11,165,50
2022,Brandon Powell ,WR,LAR,4,10,13,8,17,38,bye,5,9,8,31,48,41,22,18,62,76,80,290,28
2022,Braxton Berrios ,WR,NYJ,46,23,31,11,22,29,56,51,35,bye,12,25,24,23,43,0,13,4,297,28
2022,Braylon Sanders ,WR,MIA,0,0,0,0,0,0,0,21,0,0,bye,0,0,0,22,0,0,0,27,21
2022,Breece Hall ,RB,NYJ,45,27,51,66,69,67,20,0,0,bye,0,0,0,0,0,0,0,0,233,49
2022,Breshad Perriman ,WR,TB,42,75,72,0,0,3,0,7,29,0,bye,12,0,0,0,0,0,58,194,36
2022,Brett Rypien ,QB,DEN,0,0,0,0,0,0,100,0,bye,0,0,0,0,14,100,25,0,0,175,61
2022,Brevin Jordan ,TE,HOU,60,37,0,0,0,bye,46,56,63,0,0,0,37,0,8,54,36,0,253,44
2022,Brian Hoyer ,QB,NE,0,0,0,26,0,0,0,0,0,bye,0,0,0,0,0,0,0,0,15,26
2022,Brian Robinson ,RB,WAS,0,0,0,0,29,47,47,25,44,52,34,48,47,bye,38,44,52,0,351,43
2022,Britain Covey ,WR,PHI,0,0,0,0,0,0,bye,7,2,0,0,0,12,7,0,0,0,0,19,7
2022,Brock Purdy ,QB,SF,0,0,0,0,1,0,13,0,bye,0,12,0,90,83,100,100,100,82,380,63
2022,Brock Wright ,TE,DET,0,36,0,32,0,bye,53,38,81,74,75,68,46,57,47,41,65,58,510,55
2022,Bryan Edwards ,WR,ATL,47,26,0,0,21,0,0,4,0,0,0,0,0,bye,0,0,0,0,68,25
2022,Bryce Perkins ,QB,LAR,0,0,0,0,0,0,bye,0,0,8,41,100,2,0,0,6,0,0,90,29
2022,Brycen Hopkins ,TE,LAR,0,0,0,0,0,0,bye,0,25,22,0,41,0,6,0,58,39,25,125,30
2022,Byron Pringle ,WR,CHI,17,34,3,0,0,0,0,0,0,33,20,54,0,bye,90,86,75,55,265,46
2022,CJ Beathard ,QB,JAC,0,0,1,0,0,0,0,0,0,0,bye,0,7,0,0,4,30,0,27,10
2022,CJ Board ,WR,TEN,0,0,0,0,0,bye,0,0,0,0,0,0,29,0,0,0,0,0,16,29
2022,CJ Ham ,RB,MIN,23,0,18,13,0,35,bye,18,0,8,0,0,21,9,16,18,0,21,136,17
2022,CJ Uzomah ,TE,NYJ,0,0,35,44,69,78,61,63,53,bye,66,76,46,46,51,51,56,0,502,56
2022,Cade Johnson ,WR,SEA,0,0,0,0,0,0,0,0,0,0,bye,0,0,0,0,0,36,41,55,39
2022,Cade Otton ,TE,TB,48,49,0,67,94,56,81,91,85,61,bye,52,82,59,65,84,87,35,803,70
2022,Caleb Huntley ,RB,ATL,0,5,0,22,24,34,23,36,21,14,4,5,9,bye,3,0,0,0,120,17
2022,Cam Akers ,RB,LAR,18,43,50,38,31,0,bye,0,19,17,39,30,72,42,76,75,78,100,428,48
2022,Cam Sims ,WR,WAS,10,11,0,0,59,72,66,80,44,33,26,0,8,bye,0,7,17,18,301,33
2022,Cameron Brate ,TE,TB,68,57,89,34,0,47,0,0,0,45,bye,51,0,37,39,0,0,0,320,51
2022,Carson Wentz ,QB,WAS,100,100,100,100,100,100,0,0,0,0,0,0,0,bye,0,26,100,0,510,90
2022,Case Keenum ,QB,BUF,0,24,0,0,14,0,bye,0,0,0,0,0,0,0,0,0,0,0,24,19
2022,Cedrick Wilson ,WR,MIA,47,31,0,0,24,0,6,21,23,30,bye,43,20,39,22,26,15,0,217,27
2022,CeeDee Lamb ,WR,DAL,97,95,95,95,93,93,83,84,bye,90,65,80,72,96,93,85,85,87,1015,87
2022,Chad Henne ,QB,KC,7,0,0,0,0,0,9,bye,0,0,0,0,0,0,0,0,0,12,18,9
2022,Charlie Kolar ,TE,BAL,0,0,0,0,0,0,0,0,0,bye,0,0,0,0,0,0,0,44,34,44
2022,Charlie Woerner ,TE,SF,0,0,0,38,36,27,0,0,bye,0,0,24,0,10,0,0,0,0,82,26
2022,Chase Claypool ,WR,Multi,92,92,93,73,91,86,85,80,35,31,42,67,63,0,0,0,37,71,662,70
2022,Chase Daniel ,QB,LAC,0,0,0,0,0,0,0,bye,0,5,0,0,0,0,0,0,20,19,29,15
2022,Chase Edmonds ,RB,Multi,63,51,44,28,15,40,29,24,0,19,5,0,0,0,0,42,59,37,297,35
2022,Chigoziem Okonkwo ,TE,TEN,15,29,0,24,20,bye,46,41,35,32,45,33,58,49,60,46,25,43,368,38
2022,Chris Conley ,WR,Multi,14,0,0,0,0,0,0,0,18,0,0,0,0,48,50,0,0,0,82,33
2022,Chris Evans ,RB,CIN,0,0,3,5,0,5,0,4,1,bye,0,6,3,0,0,0,0,0,17,4
2022,Chris Godwin ,WR,TB,31,0,0,83,52,89,94,90,92,89,bye,96,86,91,89,90,85,47,880,81
2022,Chris Manhertz ,TE,JAC,0,0,0,30,35,57,34,38,54,0,bye,0,27,42,0,0,0,0,209,40
2022,Chris Moore ,WR,HOU,49,65,53,56,0,bye,55,0,73,53,59,59,55,80,87,91,84,91,644,68
2022,Chris Myarick ,TE,NYG,23,32,29,0,44,0,60,46,bye,23,0,36,12,6,0,0,0,0,212,32
2022,Chris Olave ,WR,NO,74,75,77,68,40,0,76,58,90,77,49,67,69,bye,49,0,61,60,607,66
2022,Chris Streveler ,QB,NYJ,0,0,0,0,0,0,0,0,0,bye,0,0,0,0,0,53,0,0,31,53
2022,Christian Kirk ,WR,JAC,91,90,92,94,96,92,94,78,75,92,bye,90,86,85,89,81,83,96,991,88
2022,Christian McCaffrey ,RB,Multi,81,91,80,87,86,86,29,81,0,65,66,63,82,70,89,75,85,48,777,73
2022,Christian Watson ,WR,GB,66,32,0,25,29,0,0,9,23,84,80,92,92,bye,87,38,60,87,507,56
2022,Chuba Hubbard ,RB,CAR,6,3,11,6,0,9,46,0,0,18,40,42,bye,32,63,46,53,69,264,32
2022,Clyde Edwards-Helaire ,RB,KC,39,44,40,56,43,42,27,bye,17,6,8,0,0,0,0,0,0,0,224,32
2022,Cody Hollister ,WR,TEN,12,0,0,0,31,bye,37,55,49,0,0,7,0,0,0,0,0,0,111,31
2022,Cody White ,WR,PIT,0,0,0,0,0,0,0,0,bye,0,0,14,0,0,0,0,0,0,10,14
2022,Colby Parkinson ,TE,SEA,36,0,37,36,0,35,38,36,40,27,bye,0,36,31,39,41,81,79,398,43
2022,Cole Beasley ,WR,Multi,0,0,14,6,0,0,0,0,0,0,0,0,0,0,14,9,0,0,30,11
2022,Cole Kmet ,TE,CHI,83,85,92,98,90,93,96,95,97,93,91,100,100,bye,100,95,88,94,971,94
2022,Cole Turner ,TE,WAS,0,0,0,0,51,93,36,0,0,0,38,32,28,bye,0,29,0,0,203,42
2022,Colt McCoy ,QB,ARI,0,0,0,0,0,0,0,0,0,97,79,0,bye,96,54,0,0,0,229,82
2022,Connor Heyward ,TE,PIT,2,7,0,0,13,47,7,9,bye,20,5,14,22,20,6,19,17,34,167,16
2022,Cooper Kupp ,WR,LAR,100,98,100,100,98,97,bye,95,100,67,0,0,0,0,0,0,0,0,530,95
2022,Cooper Rush ,QB,DAL,23,100,100,100,100,100,0,0,bye,0,11,0,0,0,0,0,0,9,338,66
2022,Cordarrelle Patterson ,RB,ATL,65,59,61,29,0,0,0,0,39,38,49,58,46,bye,50,37,50,28,382,47
2022,Corey Clement ,RB,ARI,0,0,0,0,0,0,0,0,0,0,0,2,bye,4,0,0,43,69,72,27
2022,Corey Davis ,WR,NYJ,68,79,87,74,76,85,22,0,0,bye,0,68,81,12,0,97,84,77,617,70
2022,Courtland Sutton ,WR,DEN,95,92,86,94,93,100,91,95,bye,92,92,93,43,0,0,79,81,94,882,89
2022,Craig Reynolds ,RB,DET,0,15,17,32,47,bye,34,8,2,0,0,0,0,0,0,0,0,0,103,22
2022,Curtis Samuel ,WR,WAS,71,89,83,78,90,86,77,74,75,64,60,60,66,bye,59,66,64,53,850,71
2022,D'Andre Swift ,RB,DET,67,51,41,0,0,bye,0,55,16,31,31,34,51,36,40,56,35,39,393,42
2022,D'Ernest Johnson ,RB,CLE,0,0,0,1,0,13,0,11,bye,18,0,0,0,0,5,3,0,0,35,8
2022,D'Onta Foreman ,RB,CAR,13,5,0,8,4,23,54,68,43,68,39,53,bye,47,30,44,38,25,349,37
2022,DJ Chark ,WR,DET,81,66,79,0,0,bye,0,0,0,0,16,73,84,86,76,74,68,65,534,70
2022,DJ Moore ,WR,CAR,100,97,98,96,93,100,100,96,98,89,98,97,bye,96,96,96,98,92,978,96
2022,DJ Turner ,WR,LV,0,0,0,0,0,bye,9,9,0,3,0,0,0,7,0,0,0,0,16,7
2022,DK Metcalf ,WR,SEA,82,92,93,76,96,81,28,62,81,90,bye,91,87,91,95,91,82,83,893,82
2022,Dak Prescott ,QB,DAL,77,0,0,0,0,0,100,100,bye,100,89,100,96,100,100,100,100,91,821,96
2022,Dallas Goedert ,TE,PHI,92,84,64,90,96,99,bye,74,91,100,0,0,0,0,0,94,96,100,735,90
2022,Dalton Schultz ,TE,DAL,100,90,0,90,18,0,65,71,bye,76,64,84,72,93,97,86,81,87,817,79
2022,Dalvin Cook ,RB,MIN,77,69,61,63,57,87,bye,76,86,84,60,86,75,85,86,79,59,34,841,72
2022,Dameon Pierce ,RB,HOU,29,62,59,68,79,bye,52,78,78,72,77,56,72,55,0,0,0,0,508,64
2022,Damien Harris ,RB,NE,39,40,38,45,10,0,17,41,0,bye,24,20,0,0,0,0,48,53,238,35
2022,Damien Williams ,RB,ATL,13,0,0,0,0,0,0,0,0,0,0,0,0,bye,0,0,0,0,10,13
2022,Damiere Byrd ,WR,ATL,0,0,0,20,32,0,34,51,48,48,35,0,35,bye,41,44,31,29,279,38
2022,Dan Arnold ,TE,JAC,0,23,0,13,11,0,14,21,35,9,bye,0,14,21,0,18,22,0,135,18
2022,Daniel Bellinger ,TE,NYG,0,58,60,60,74,94,34,0,bye,0,0,0,97,61,98,99,89,0,545,74
2022,Daniel Jones ,QB,NYG,100,100,100,82,100,100,100,100,bye,100,100,100,100,81,100,100,87,0,1040,97
2022,Danny Gray ,WR,SF,0,9,0,0,10,0,10,0,bye,0,0,0,0,21,3,4,6,0,43,9
2022,Dante Pettis ,WR,CHI,40,56,57,58,60,61,31,53,36,44,26,40,65,bye,80,73,27,63,524,51
2022,Dare Ogunbowale ,RB,HOU,0,2,0,0,0,bye,12,6,2,6,7,30,22,27,43,28,37,62,183,22
2022,Dareke Young ,WR,SEA,0,0,0,0,0,0,0,6,19,0,bye,0,1,0,5,13,38,24,76,16
2022,Darius Slayton ,WR,NYG,0,0,0,60,54,69,57,74,bye,80,87,84,92,83,94,99,83,0,677,78
2022,Darnell Mooney ,WR,CHI,90,90,94,85,94,92,80,86,86,87,81,0,0,bye,0,0,0,0,612,87
2022,Darrel Williams ,RB,ARI,0,46,17,21,12,0,0,27,0,0,0,0,bye,0,0,0,0,0,99,25
2022,Darrell Henderson ,RB,LAR,82,56,50,59,57,71,bye,41,49,57,6,0,0,0,0,0,0,0,331,53
2022,Darren Waller ,TE,LV,84,55,73,80,0,bye,0,0,0,0,0,0,0,0,49,40,57,67,338,64
2022,Darrynton Evans ,RB,CHI,0,0,0,0,0,0,0,0,0,0,0,32,25,bye,27,0,0,0,47,28
2022,Davante Adams ,WR,LV,95,97,100,95,100,bye,96,72,95,93,98,100,97,97,99,96,89,90,1044,95
2022,David Bell ,WR,CLE,0,30,56,26,43,63,57,47,bye,52,64,63,5,68,0,73,26,36,494,48
2022,David Blough ,QB,ARI,0,0,0,0,0,0,0,0,0,0,0,0,bye,0,0,0,100,67,109,87
2022,David Johnson ,RB,NO,0,0,0,0,0,0,0,0,0,0,18,0,0,bye,33,28,0,12,50,22
2022,David Montgomery ,RB,CHI,66,80,17,0,72,78,56,70,70,66,80,68,77,bye,68,67,54,47,629,65
2022,David Njoku ,TE,CLE,89,94,88,92,85,80,62,0,bye,0,37,81,0,96,94,97,93,92,817,84
2022,David Sills V ,WR,NYG,0,92,63,72,43,35,31,15,bye,0,0,0,0,0,0,0,0,0,242,51
2022,Davis Mills ,QB,HOU,97,95,100,100,100,bye,100,100,100,100,100,0,0,50,83,78,83,91,855,91
2022,Davis Webb ,QB,NYG,0,0,0,0,0,0,0,0,bye,0,0,0,0,0,0,0,0,100,63,100
2022,Dawson Knox ,TE,BUF,86,69,71,75,0,85,bye,88,85,81,80,78,84,86,82,75,0,81,825,80
2022,Dax Milne ,WR,WAS,8,3,6,3,2,11,35,15,16,10,7,0,0,bye,0,1,0,3,83,9
2022,Daylen Baldwin ,WR,CLE,0,0,0,0,0,0,0,0,bye,0,0,0,0,0,18,0,0,0,12,18
2022,DeAndre Carter ,WR,LAC,37,65,74,70,59,73,94,bye,83,86,82,80,60,15,23,19,20,60,698,59
2022,DeAndre Hopkins ,WR,ARI,0,0,0,0,0,0,92,100,94,94,69,74,bye,85,92,93,0,0,555,88
2022,DeSean Jackson ,WR,BAL,0,0,0,0,0,0,0,0,16,bye,0,14,35,18,32,29,35,0,110,25
2022,DeVante Parker ,WR,NE,100,76,97,97,52,79,92,1,0,bye,40,85,87,10,0,0,0,82,545,67
2022,DeVonta Smith ,WR,PHI,96,99,89,87,99,89,bye,74,89,86,94,92,86,91,96,93,98,100,1083,92
2022,Dee Eskridge ,WR,SEA,9,12,0,27,48,19,42,30,53,0,bye,0,0,0,0,0,0,0,156,31
2022,DeeJay Dallas ,RB,SEA,5,4,21,4,19,34,27,8,3,0,bye,14,48,0,0,46,38,16,196,21
2022,Deebo Samuel ,WR,SF,82,78,79,80,79,83,86,0,bye,87,59,79,82,43,0,0,0,68,659,76
2022,Demarcus Robinson ,WR,BAL,45,39,37,56,75,76,0,63,50,bye,78,60,76,61,63,54,60,63,622,60
2022,Demetric Felton ,RB,CLE,14,18,0,0,0,0,0,0,bye,0,0,0,60,12,6,0,0,0,74,21
2022,Dennis Houston ,WR,DAL,57,34,0,0,0,0,0,0,bye,0,0,0,0,0,0,0,0,0,60,46
2022,Denzel Mims ,WR,NYJ,0,0,0,0,0,0,41,75,83,bye,90,29,19,69,10,0,16,0,265,45
2022,Deon Jackson ,RB,IND,0,4,0,0,58,67,8,3,63,0,20,0,11,bye,32,15,24,41,246,31
2022,Deonte Harty ,WR,NO,11,16,0,3,5,0,0,0,0,0,0,0,0,bye,0,0,0,0,24,9
2022,Derek Carr ,QB,LV,100,100,100,100,100,bye,98,76,100,100,100,99,100,100,100,100,0,0,946,98
2022,Derek Watt ,RB,PIT,0,2,0,0,3,5,9,4,bye,7,0,7,11,0,13,3,6,8,55,7
2022,Derrick Henry ,RB,TEN,68,46,74,69,64,bye,75,74,59,58,71,56,55,75,71,74,0,75,648,67
2022,Deshaun Watson ,QB,CLE,0,0,0,0,0,0,0,0,bye,0,0,0,98,99,98,100,98,98,387,99
2022,Desmond Ridder ,QB,ATL,0,0,0,0,0,0,0,0,0,0,0,0,0,bye,100,100,100,94,271,99
2022,Deven Thompkins ,WR,TB,0,0,0,0,0,0,0,0,0,0,bye,0,0,0,18,5,12,84,72,25
2022,Devin Asiasi ,TE,CIN,0,0,0,25,0,2,0,0,31,bye,14,0,0,0,0,39,0,0,81,23
2022,Devin Duvernay ,WR,BAL,52,54,58,64,72,68,66,66,74,bye,84,78,94,57,71,0,0,0,632,69
2022,Devin Singletary ,RB,BUF,59,54,73,88,54,86,bye,75,74,72,72,78,44,49,60,58,0,41,709,65
2022,Devine Ozigbo ,RB,DEN,0,0,0,0,3,0,0,0,bye,0,0,7,0,0,7,0,0,0,11,5
2022,Dezmon Patmon ,WR,IND,0,48,0,0,0,0,0,0,0,0,0,0,0,bye,0,0,0,0,24,48
2022,Diontae Johnson ,WR,PIT,81,86,98,89,93,95,93,95,bye,92,96,96,82,95,74,88,91,82,1042,90
2022,Donald Parham ,TE,LAC,0,0,0,0,25,20,0,bye,0,0,0,0,0,0,31,35,41,51,144,33
2022,Donovan Peoples-Jones ,WR,CLE,83,78,88,84,88,87,93,96,bye,88,99,96,95,100,77,97,86,92,1055,90
2022,Dontrell Hilliard ,RB,TEN,18,0,24,31,31,bye,29,28,31,42,18,37,36,13,0,0,0,0,200,28
2022,Drake London ,WR,ATL,72,82,84,80,67,67,85,88,75,87,76,86,87,bye,81,77,77,57,819,78
2022,Drew Sample ,TE,CIN,29,14,0,0,0,0,0,0,0,bye,0,0,0,0,0,0,0,0,39,23
2022,Duke Johnson ,RB,BUF,0,0,0,0,0,0,bye,0,0,7,0,0,0,0,0,0,0,0,5,7
2022,Durham Smythe ,TE,MIA,63,49,74,63,49,0,0,0,58,54,bye,49,59,0,64,64,59,71,470,59
2022,Dwayne Washington ,RB,NO,0,6,0,0,3,0,1,20,10,0,0,2,0,bye,0,0,0,0,26,7
2022,Dyami Brown ,WR,WAS,0,0,16,28,32,5,0,0,31,19,0,23,0,bye,16,0,0,12,124,20
2022,Elijah Mitchell ,RB,SF,25,0,0,0,0,0,0,0,bye,35,22,21,0,0,0,0,0,16,80,24
2022,Elijah Moore ,WR,NYJ,89,87,94,90,66,58,0,17,0,bye,54,35,68,82,75,81,70,70,704,71
2022,Eno Benjamin ,RB,Multi,34,42,27,14,54,87,73,74,27,1,0,0,0,12,0,0,9,10,335,36
2022,Equanimeous St Brown ,WR,CHI,76,71,86,95,62,64,59,32,70,51,72,40,58,bye,5,0,62,8,555,57
2022,Eric Saubert ,TE,DEN,27,36,47,77,56,0,19,16,bye,19,42,0,49,26,59,33,34,0,360,38
2022,Eric Tomlinson ,TE,DEN,30,0,0,0,48,28,44,30,bye,26,0,0,0,32,51,0,0,38,228,37
2022,Erik Ezukanma ,WR,MIA,0,0,0,0,0,0,0,0,0,0,bye,0,0,0,0,0,0,15,10,15
2022,Evan Engram ,TE,JAC,71,69,76,74,75,78,85,93,55,88,bye,81,77,79,86,75,67,88,868,77
2022,Ezekiel Elliott ,RB,DAL,58,67,64,64,65,61,49,0,bye,0,29,51,56,49,51,47,66,48,558,55
2022,Feleipe Franks ,QB,ATL,0,0,0,0,45,0,2,7,0,0,0,0,6,bye,5,0,0,0,43,14
2022,Foster Moreau ,TE,LV,0,61,50,0,0,bye,96,100,97,96,100,100,90,100,56,68,79,40,727,80
2022,Frank Darby ,WR,ATL,0,0,0,0,0,0,0,0,0,0,0,0,0,bye,0,0,0,41,28,41
2022,Freddie Swain ,WR,Multi,0,0,0,0,0,0,0,0,0,0,0,0,0,0,55,75,0,32,109,54
2022,Gabe Davis ,WR,BUF,98,0,96,98,84,93,bye,88,95,93,88,90,81,92,97,89,0,80,926,91
2022,Gardner Minshew ,QB,PHI,0,0,0,0,0,0,bye,19,0,0,0,0,12,7,0,100,100,0,151,47
2022,Garrett Wilson ,WR,NYJ,49,61,63,77,56,44,73,88,92,bye,100,83,92,97,98,97,100,88,884,79
2022,Gary Brightwell ,RB,NYG,0,1,0,5,11,2,0,2,bye,0,9,17,0,33,0,1,8,46,87,12
2022,Geno Smith ,QB,SEA,100,100,100,100,100,100,100,100,100,100,bye,100,100,100,100,100,100,100,1093,100
2022,Geoff Swaim ,TE,TEN,69,0,69,0,66,bye,63,0,0,53,71,54,36,25,0,39,45,55,406,54
2022,George Kittle ,TE,SF,0,0,91,94,88,98,89,100,bye,100,74,97,96,79,84,90,93,71,859,89
2022,George Pickens ,WR,PIT,71,85,76,70,76,83,79,86,bye,75,86,78,68,76,66,81,73,63,882,76
2022,Gerald Everett ,TE,LAC,66,67,75,66,65,55,56,bye,68,17,0,58,59,72,62,0,56,44,630,59
2022,Giovani Bernard ,RB,TB,0,0,0,0,0,0,0,0,0,0,bye,0,0,0,0,0,0,45,25,45
2022,Giovanni Ricci ,TE,CAR,23,31,51,46,29,0,20,9,27,12,0,0,bye,0,0,0,6,5,150,23
2022,Godwin Igwebuike ,RB,SEA,0,0,0,0,0,0,0,0,0,0,bye,0,0,0,0,0,6,1,5,4
2022,Grant Calcaterra ,TE,PHI,0,0,24,0,0,0,bye,0,0,0,28,29,38,57,40,0,0,0,155,36
2022,Greg Dortch ,WR,ARI,91,71,81,36,3,6,53,26,8,3,93,0,bye,5,9,76,81,69,513,45
2022,Greg Dulcich ,TE,DEN,0,0,0,0,0,71,59,80,bye,89,83,87,72,75,68,67,0,0,497,75
2022,Gunner Olszewski ,WR,PIT,14,14,5,14,0,0,13,0,bye,26,42,30,28,36,28,0,36,18,208,24
2022,Gus Edwards ,RB,BAL,0,0,0,0,0,0,36,21,0,bye,0,50,24,34,17,40,17,6,159,27
2022,Harrison Bryant ,TE,CLE,48,46,0,67,57,36,57,0,bye,76,73,27,57,11,41,0,53,31,463,48
2022,Hassan Haskins ,RB,TEN,0,50,7,0,3,bye,7,3,12,3,11,11,0,0,19,25,66,20,146,18
2022,Hayden Hurst ,TE,CIN,75,81,38,56,81,70,62,72,46,bye,65,66,12,0,0,0,0,73,545,61
2022,Hunter Henry ,TE,NE,77,50,70,84,98,97,85,64,67,bye,84,71,87,66,80,0,100,100,794,80
2022,Hunter Long ,TE,MIA,0,0,0,0,0,27,0,25,0,0,bye,0,0,0,0,0,0,0,38,26
2022,Hunter Renfrow ,WR,LV,83,69,0,0,55,bye,57,79,75,0,0,0,0,0,43,47,46,57,377,61
2022,Ian Thomas ,TE,CAR,66,74,62,29,39,52,62,55,0,0,54,58,bye,64,46,63,55,0,471,56
2022,Ihmir Smith-Marsette ,WR,Multi,0,0,0,10,38,35,0,0,0,0,0,0,0,0,0,0,0,0,50,27
2022,Irv Smith ,TE,MIN,31,56,51,64,63,63,bye,48,0,0,0,0,0,0,0,0,0,45,285,53
2022,Isaiah Hodgins ,WR,Multi,0,0,0,0,23,0,0,0,0,62,59,70,80,89,89,97,81,0,430,73
2022,Isaiah Likely ,TE,BAL,45,36,33,0,23,22,11,67,76,bye,32,0,26,0,44,25,33,88,372,42
2022,Isaiah McKenzie ,WR,BUF,44,46,51,48,0,51,bye,53,66,69,40,73,52,64,56,36,0,56,555,54
2022,Isaiah Spiller ,RB,LAC,0,0,0,0,0,0,6,bye,19,17,25,12,0,0,0,0,0,0,51,16
2022,Isiah Pacheco ,RB,KC,23,9,8,21,3,15,30,bye,22,56,40,51,45,43,35,49,45,36,351,31
2022,JD McKissic ,RB,WAS,40,46,53,51,41,30,16,36,0,0,0,0,0,bye,0,0,0,0,221,40
2022,JJ Taylor ,RB,NE,0,0,0,0,0,0,0,0,27,bye,0,0,0,0,0,0,0,0,17,27
2022,JK Dobbins ,RB,BAL,0,0,45,50,40,27,0,0,0,bye,0,0,0,43,38,42,50,0,202,42
2022,JP Holtz ,TE,NO,0,0,0,18,0,0,0,0,0,0,0,0,0,bye,0,0,0,0,11,18
2022,Ja'Marr Chase ,WR,CIN,100,96,87,94,100,98,93,0,0,bye,0,0,82,94,91,98,0,94,793,94
2022,JaMycal Hasty ,RB,JAC,0,0,4,6,4,16,6,22,19,22,bye,78,0,25,23,25,40,49,216,23
2022,Jack Stoll ,TE,PHI,0,0,53,0,0,45,bye,53,35,22,81,80,74,69,79,0,0,0,411,61
2022,Jacob Eason ,QB,CAR,0,0,0,0,0,16,0,0,0,0,0,0,bye,0,0,0,0,0,7,16
2022,Jacoby Brissett ,QB,CLE,100,100,100,100,100,100,100,100,bye,100,100,100,0,1,2,0,2,0,785,80
2022,Jaelon Darden ,WR,Multi,16,12,28,9,14,0,6,0,0,0,0,0,0,0,0,0,4,2,60,11
2022,Jahan Dotson ,WR,WAS,88,99,87,59,0,0,0,0,0,41,66,61,79,bye,79,86,77,74,651,75
2022,Jake Ferguson ,TE,DAL,0,0,83,28,0,51,38,55,bye,0,50,48,47,0,0,21,29,21,316,42
2022,Jake Kumerow ,WR,BUF,0,78,5,0,0,0,bye,12,8,11,0,0,0,0,0,0,0,0,78,22
2022,Jake Tonges ,TE,CHI,0,0,10,0,0,0,0,0,0,0,0,0,0,bye,0,0,0,0,6,10
2022,Jakob Johnson ,RB,LV,14,0,23,0,39,bye,29,0,22,29,33,26,0,38,22,0,0,27,197,27
2022,Jakobi Meyers ,WR,NE,88,82,0,0,80,81,100,81,81,bye,95,29,57,0,62,100,82,90,690,79
2022,Jalen Camp ,WR,HOU,0,0,0,0,0,bye,0,0,25,0,0,0,0,0,0,0,0,0,15,25
2022,Jalen Guyton ,WR,LAC,7,0,26,0,0,0,0,bye,0,0,0,0,0,0,0,0,0,0,21,16
2022,Jalen Hurts ,QB,PHI,100,100,100,100,100,100,bye,81,100,100,100,100,88,93,100,0,0,100,1028,98
2022,Jalen Nailor ,WR,MIN,0,0,0,1,0,0,bye,0,0,0,21,0,0,0,1,0,16,46,56,16
2022,Jalen Reagor ,WR,MIN,0,16,1,4,4,2,bye,6,3,0,21,3,3,11,8,0,21,23,82,9
2022,Jalen Tolbert ,WR,DAL,0,0,36,0,0,0,0,0,bye,10,18,0,0,0,0,0,0,0,44,20
2022,Jalen Virgil ,WR,DEN,0,0,0,0,0,0,0,0,bye,30,0,7,8,12,1,28,0,3,63,14
2022,Jamaal Williams ,RB,DET,33,34,45,49,33,bye,44,37,61,40,48,42,30,37,31,24,46,48,459,40
2022,Jamal Agnew ,WR,JAC,10,10,16,38,8,8,0,0,1,11,bye,24,16,15,14,12,27,14,141,14
2022,Jameis Winston ,QB,NO,100,97,100,0,0,0,0,0,0,0,0,0,0,bye,0,0,0,0,196,99
2022,James Conner ,RB,ARI,72,21,60,66,35,0,0,0,71,96,77,97,bye,95,91,97,55,0,663,71
2022,James Cook ,RB,BUF,5,26,12,3,18,14,bye,25,23,17,25,18,43,41,36,41,0,56,269,25
2022,James Mitchell ,TE,DET,0,0,0,0,0,bye,0,8,21,24,0,24,0,0,24,29,28,18,116,22
2022,James Proche ,WR,BAL,9,0,0,0,28,0,12,63,25,bye,25,19,18,0,5,0,8,42,180,24
2022,James Robinson ,RB,Multi,49,63,58,47,41,43,17,22,40,0,22,0,11,0,0,0,0,0,272,37
2022,James Washington ,WR,DAL,0,0,0,0,0,0,0,0,bye,0,0,0,0,15,0,0,0,0,11,15
2022,Jameson Williams ,WR,DET,0,0,0,0,0,bye,0,0,0,0,0,0,11,19,19,17,25,24,78,19
2022,Jamison Crowder ,WR,BUF,31,28,49,17,0,0,bye,0,0,0,0,0,0,0,0,0,0,0,93,33
2022,Jared Goff ,QB,DET,100,100,100,100,100,bye,100,100,100,100,100,100,97,100,100,100,90,100,1133,99
2022,Jaret Patterson ,RB,WAS,0,0,0,0,0,0,0,0,0,0,0,0,0,bye,0,0,0,50,33,50
2022,Jarrett Stidham ,QB,LV,0,0,0,0,0,bye,0,24,0,0,0,0,0,0,0,0,100,100,154,78
2022,Jarvis Landry ,WR,NO,72,68,30,63,0,0,0,0,0,79,56,56,54,bye,35,0,0,0,301,56
2022,Jason Moore ,WR,LAC,0,0,0,0,0,0,25,bye,0,0,0,0,0,0,0,0,0,0,18,25
2022,Jauan Jennings ,WR,SF,60,46,46,36,22,32,41,0,bye,32,38,41,26,35,84,88,88,42,489,46
2022,Javonte Williams ,RB,DEN,58,65,45,45,0,0,0,0,bye,0,0,0,0,0,0,0,0,0,142,54
2022,Jaylen Waddle ,WR,MIA,67,80,74,86,76,79,79,76,72,74,bye,62,52,84,69,74,76,75,785,74
2022,Jaylen Warren ,RB,PIT,37,29,20,25,51,31,23,29,bye,43,4,0,20,40,34,31,40,42,342,31
2022,Jeff Driskel ,QB,HOU,3,5,0,0,0,bye,0,0,0,0,0,0,0,50,29,28,21,9,96,21
2022,Jeff Smith ,WR,NYJ,0,14,0,10,20,0,59,22,12,bye,0,0,0,0,46,0,0,0,113,26
2022,Jeff Wilson ,RB,Multi,59,49,73,66,58,52,33,36,49,61,0,61,37,16,0,60,65,65,525,53
2022,Jelani Woods ,TE,IND,0,0,23,23,29,38,30,0,29,0,0,64,21,bye,24,63,60,52,303,37
2022,Jeremy Ruckert ,TE,NYJ,0,26,0,0,0,0,0,0,0,bye,0,0,0,0,0,0,0,34,37,29
2022,Jerick McKinnon ,RB,KC,39,47,52,23,53,43,44,bye,62,38,52,34,47,57,62,47,48,37,535,47
2022,Jerome Ford ,RB,CLE,0,0,0,0,0,0,0,0,bye,0,0,0,11,0,0,0,12,0,14,12
2022,Jerry Jeudy ,WR,DEN,89,14,59,89,84,91,89,85,bye,1,0,0,38,83,74,90,89,97,713,70
2022,Jesper Horsted ,TE,LV,0,0,0,0,58,bye,0,3,0,0,0,0,0,0,0,0,0,0,39,32
2022,Jimmy Garoppolo ,QB,SF,0,79,100,100,99,100,87,100,bye,100,88,100,10,0,0,0,0,0,614,84
2022,Jody Fortson ,TE,KC,34,11,13,29,0,0,34,bye,0,11,28,22,18,0,16,0,0,0,147,22
2022,Joe Burrow ,QB,CIN,100,100,100,100,100,100,100,100,78,bye,100,100,100,100,100,100,0,100,1091,98
2022,Joe Flacco ,QB,NYJ,100,100,100,0,0,0,0,0,0,bye,0,0,0,9,0,0,0,100,295,81
2022,Joe Mixon ,RB,CIN,73,76,66,83,70,72,72,72,65,bye,21,0,0,58,64,59,0,55,624,65
2022,John Bates ,TE,WAS,55,32,26,41,59,0,0,33,39,0,51,58,0,bye,57,0,0,0,305,45
2022,John Brown ,WR,BUF,0,0,0,0,0,0,bye,0,0,0,0,0,0,5,0,0,0,12,10,8
2022,John Wolford ,QB,LAR,0,0,0,0,0,0,bye,0,0,92,0,0,98,0,0,0,0,0,118,95
2022,Johnny Mundt ,TE,MIN,65,46,39,28,44,56,bye,61,23,0,47,54,35,0,18,31,0,0,364,41
2022,Jonathan Taylor ,RB,IND,76,74,76,88,0,0,55,69,0,94,75,92,82,bye,3,0,0,0,524,70
2022,Jonathan Ward ,RB,Multi,0,0,0,0,0,0,0,0,0,0,0,0,0,0,0,0,8,7,10,7
2022,Jonathan Williams ,RB,WAS,1,0,3,8,0,0,0,0,0,0,0,8,2,bye,0,27,46,47,99,17
2022,Jonnu Smith ,TE,NE,68,57,48,0,0,43,33,64,54,bye,54,0,31,47,58,57,0,0,390,52
2022,Jordan Akins ,TE,HOU,0,0,29,35,17,bye,40,26,27,52,46,52,52,53,48,55,59,54,406,44
2022,Jordan Howard ,RB,NO,0,0,0,0,0,0,0,0,0,6,0,0,0,bye,0,0,0,0,3,6
2022,Jordan Love ,QB,GB,8,0,0,0,0,5,0,0,0,0,0,20,0,bye,0,0,11,0,26,11
2022,Jordan Mason ,RB,SF,0,0,9,0,1,0,0,0,bye,0,12,13,18,30,11,0,7,23,82,14
2022,Jordan Wilkins ,RB,IND,0,0,0,0,0,0,0,0,31,5,0,0,0,bye,0,15,17,0,40,17
2022,Josh Ali ,WR,ATL,0,0,0,0,0,0,0,0,0,0,0,0,0,bye,0,0,0,10,7,10
2022,Josh Allen ,QB,BUF,100,76,100,100,86,100,bye,100,100,100,100,100,100,100,100,100,0,100,1061,98
2022,Josh Gordon ,WR,TEN,0,32,0,0,0,bye,0,0,0,0,0,0,0,0,0,0,0,0,18,32
2022,Josh Jacobs ,RB,LV,60,72,64,89,81,bye,80,55,69,79,80,79,75,83,75,81,67,71,821,75
2022,Josh Johnson ,QB,SF,0,0,0,0,0,0,0,0,bye,0,0,0,0,17,0,0,0,0,11,17
2022,Josh Oliver ,TE,BAL,0,0,40,0,35,36,48,50,65,bye,33,61,0,0,41,81,58,44,380,49
2022,Josh Reynolds ,WR,DET,80,72,79,84,91,bye,80,80,0,0,0,0,79,61,0,61,44,40,577,71
2022,Joshua Dobbs ,QB,TEN,0,0,0,0,0,bye,0,0,0,0,0,0,0,0,0,0,100,99,139,99
2022,Joshua Kelley ,RB,LAC,27,25,21,20,38,0,0,bye,0,0,0,21,43,40,35,34,36,41,268,32
2022,Joshua Palmer ,WR,LAC,75,91,93,56,73,87,0,bye,91,95,92,95,93,79,65,59,58,79,898,80
2022,Josiah Deguara ,TE,GB,25,0,0,15,14,7,0,45,38,0,0,0,15,bye,0,29,37,0,150,25
2022,JuJu Smith-Schuster ,WR,KC,66,74,70,63,86,88,55,bye,83,38,0,38,76,81,88,83,65,73,765,71
2022,Julio Jones ,WR,TB,52,0,0,28,0,0,0,57,36,51,bye,62,65,72,0,27,28,0,351,48
2022,Julius Chestnut ,RB,TEN,0,0,0,0,0,bye,0,0,0,0,0,0,13,10,2,0,22,0,29,12
2022,Justice Hill ,RB,BAL,20,36,47,36,0,0,31,21,25,bye,41,19,24,3,38,13,33,22,264,27
2022,Justin Fields ,QB,CHI,100,100,100,100,100,100,100,96,100,100,100,0,100,bye,98,92,100,0,917,99
2022,Justin Herbert ,QB,LAC,100,99,100,100,100,100,100,bye,100,95,100,100,100,100,100,100,80,81,1162,97
2022,Justin Jackson ,RB,DET,0,0,0,14,21,bye,20,0,21,27,37,25,21,29,32,21,0,10,187,23
2022,Justin Jefferson ,WR,MIN,92,98,100,94,100,94,bye,99,100,100,79,97,96,94,92,100,79,51,1079,92
2022,Justin Watson ,WR,KC,23,25,16,18,15,10,16,bye,26,73,88,84,62,65,65,74,37,51,494,43
2022,Juwan Johnson ,TE,NO,74,78,68,48,57,78,74,73,75,66,63,47,0,bye,51,50,67,68,648,65
2022,Juwann Winfree ,WR,GB,15,0,21,0,0,18,0,0,0,0,0,0,0,bye,0,0,0,0,35,18
2022,KJ Osborn ,WR,MIN,68,77,75,85,82,60,bye,80,80,78,74,57,66,74,81,69,79,77,873,75
2022,KJ Hamler ,WR,DEN,61,0,26,8,53,57,58,70,bye,0,0,0,0,0,0,0,0,0,224,48
2022,KaVontae Turpin ,WR,DAL,3,8,13,8,5,3,10,10,bye,2,8,3,7,1,3,7,2,0,62,6
2022,Kadarius Toney ,WR,Multi,12,38,0,0,0,0,0,0,9,44,22,0,0,0,6,30,32,31,144,24
2022,Kalif Raymond ,WR,DET,12,10,17,51,85,bye,90,90,95,82,85,76,17,11,29,32,30,37,555,49
2022,Kareem Hunt ,RB,CLE,56,46,44,49,49,43,47,46,bye,36,43,41,38,39,26,47,32,25,492,42
2022,Ke'Shawn Vaughn ,RB,TB,0,0,0,0,0,0,0,0,4,7,bye,13,0,0,0,2,3,29,37,8
2022,Keaontay Ingram ,RB,ARI,0,0,0,0,0,13,30,0,2,7,25,11,bye,12,12,9,0,37,103,15
2022,Keelan Cole ,WR,LV,0,0,57,65,8,bye,0,31,0,69,67,65,57,48,24,23,0,14,356,45
2022,Keenan Allen ,WR,LAC,33,0,0,0,0,0,32,bye,0,0,68,89,96,86,89,84,84,76,515,74
2022,Keith Kirkwood ,WR,NO,0,0,0,0,39,71,0,0,0,0,0,0,0,bye,0,30,0,0,97,48
2022,Keith Smith ,RB,ATL,0,0,0,27,26,48,0,24,25,10,0,0,28,bye,0,10,19,29,151,24
2022,Keke Coutee ,WR,IND,0,0,0,0,0,0,0,0,2,2,0,0,0,bye,0,0,0,0,2,2
2022,Kendall Blanton ,TE,LAR,0,0,10,11,0,0,bye,0,0,0,0,0,0,0,0,0,0,0,13,11
2022,Kendall Hinton ,WR,DEN,0,76,43,57,0,21,9,0,bye,96,88,92,77,86,0,0,47,0,460,63
2022,Kendrick Bourne ,WR,NE,4,35,27,45,57,6,0,69,76,bye,38,69,37,71,17,57,47,53,441,44
2022,Kene Nwangwu ,RB,MIN,0,0,0,0,0,0,bye,0,0,0,12,0,0,0,0,0,2,14,18,10
2022,Kenneth Gainwell ,RB,PHI,30,26,31,27,22,24,bye,25,28,32,16,34,27,18,40,42,27,27,331,28
2022,Kenneth Walker ,RB,SEA,0,25,13,36,58,69,73,77,77,87,bye,71,21,0,75,53,57,87,575,58
2022,Kenny Golladay ,WR,NYG,77,0,33,42,0,0,0,0,bye,38,43,0,0,0,0,0,0,100,219,54
2022,Kenny Pickett ,QB,PIT,0,0,0,48,100,58,100,100,bye,100,100,100,100,15,0,100,100,100,804,88
2022,Kenny Yeboah ,TE,NYJ,0,3,0,0,0,0,0,0,0,bye,0,0,0,0,0,2,0,0,3,2
2022,Kenyan Drake ,RB,BAL,59,27,0,0,42,58,27,58,68,bye,51,25,47,18,0,0,0,65,366,46
2022,Kevin Harris ,RB,NE,0,0,0,0,0,17,0,0,0,bye,0,0,2,49,11,7,0,0,53,17
2022,Kevin Rader ,TE,TEN,0,0,0,0,8,bye,24,0,0,21,0,0,18,3,13,0,0,0,52,14
2022,Kevin White ,WR,NO,0,0,0,0,0,17,29,47,35,66,0,32,0,bye,0,0,0,0,130,36
2022,KhaDarel Hodge ,WR,ATL,27,20,0,33,30,12,4,0,26,13,11,0,11,bye,18,20,24,0,157,20
2022,Khalil Herbert ,RB,CHI,29,20,60,77,28,22,41,28,28,38,0,0,0,bye,0,41,38,37,301,38
2022,Khalil Shakir ,WR,BUF,0,35,0,25,70,21,bye,29,0,20,0,0,21,20,0,39,0,25,194,30
2022,Khari Blasingame ,RB,CHI,0,0,24,0,0,8,0,0,0,0,0,18,0,bye,12,17,0,0,49,16
2022,Kirk Cousins ,QB,MIN,100,100,100,100,100,100,bye,100,98,100,79,100,100,100,100,100,86,54,1114,95
2022,Kirk Merritt ,WR,NO,0,0,0,0,0,0,0,0,0,0,0,0,0,bye,0,0,25,0,17,25
2022,Ko Kieft ,TE,TB,0,36,17,14,18,25,27,19,20,0,bye,23,19,7,27,17,29,0,217,21
2022,Kyle Allen ,QB,HOU,0,0,0,0,0,bye,0,0,0,0,0,100,100,0,0,0,0,0,126,100
2022,Kyle Juszczyk ,RB,SF,37,53,63,64,57,53,48,0,bye,0,43,43,55,65,0,0,46,44,440,51
2022,Kyle Philips ,WR,TEN,48,23,0,4,28,bye,0,0,0,0,0,0,0,0,0,0,0,0,64,27
2022,Kyle Pitts ,TE,ATL,84,93,67,62,0,57,79,75,69,89,44,0,0,bye,0,0,0,0,434,72
2022,Kyle Rudolph ,TE,TB,0,0,14,0,11,0,12,9,0,0,bye,0,0,0,0,0,0,20,43,13
2022,Kyle Trask ,QB,TB,0,0,0,0,0,0,0,0,0,0,bye,0,0,0,0,0,0,18,10,18
2022,Kylen Granson ,TE,IND,55,54,42,45,48,38,33,55,42,46,38,0,57,bye,33,0,0,0,408,45
2022,Kyler Murray ,QB,ARI,88,100,100,100,100,100,100,100,100,0,0,100,bye,4,0,0,0,0,719,90
2022,Kylin Hill ,RB,GB,0,0,0,0,0,0,0,0,1,0,0,0,0,bye,0,0,0,0,1,1
2022,Kyren Williams ,RB,LAR,0,0,0,0,0,0,bye,0,0,27,55,70,28,30,9,12,6,0,141,30
2022,Lamar Jackson ,QB,BAL,100,100,100,100,100,100,100,100,100,bye,100,100,14,0,0,0,0,0,728,92
2022,Lance McCutcheon ,WR,LAR,0,0,0,0,0,0,bye,0,0,0,0,48,0,0,0,12,12,0,40,24
2022,Laquon Treadwell ,WR,SEA,0,0,0,0,0,0,0,0,0,0,bye,0,27,0,0,86,54,0,122,57
2022,Larry Rountree ,RB,LAC,0,0,0,0,0,0,0,bye,0,0,0,0,0,0,0,0,20,12,21,16
2022,Latavius Murray ,RB,Multi,0,0,0,43,0,47,39,44,0,31,50,82,68,53,64,46,60,60,447,52
2022,Laviska Shenault ,WR,CAR,0,0,18,8,0,0,4,29,6,39,28,42,bye,29,28,35,27,29,206,26
2022,Lawrence Cager ,WR,Multi,12,0,0,0,0,0,0,18,0,65,74,44,0,0,0,0,0,97,212,50
2022,Leonard Fournette ,RB,TB,76,87,91,61,62,82,60,72,62,29,bye,0,60,47,58,60,46,5,689,60
2022,Lil'Jordan Humphrey ,WR,NE,0,38,82,53,23,0,0,0,0,bye,0,0,0,0,0,0,0,0,125,50
2022,Logan Thomas ,TE,WAS,62,73,65,74,0,0,0,0,72,73,68,71,56,bye,63,71,83,70,647,69
2022,Luke Farrell ,TE,JAC,0,0,0,0,0,11,0,0,22,0,bye,0,11,0,0,0,0,6,31,13
2022,Mac Jones ,QB,NE,100,100,100,0,0,0,35,100,100,bye,100,100,100,100,100,100,100,100,830,96
2022,Mack Hollins ,WR,LV,88,87,97,96,95,bye,100,91,85,96,100,96,98,97,88,94,86,94,1030,93
2022,Malcolm Brown ,RB,LAR,0,0,0,0,0,25,bye,22,28,0,0,0,0,28,16,11,16,0,85,21
2022,Malik Davis ,RB,DAL,0,0,0,0,0,0,0,33,bye,13,18,0,4,0,0,0,32,9,78,18
2022,Malik Willis ,QB,TEN,0,30,0,0,0,bye,0,100,100,2,0,0,18,0,16,100,0,0,208,51
2022,Marcedes Lewis ,TE,GB,0,0,0,0,51,0,0,0,43,58,0,0,42,bye,41,44,0,0,187,46
2022,Marcus Johnson ,WR,NYG,0,0,0,0,77,62,79,86,bye,0,0,0,15,0,3,4,0,95,279,53
2022,Marcus Kemp ,WR,KC,0,0,0,0,0,0,9,bye,0,0,0,0,0,0,0,0,0,0,6,9
2022,Marcus Mariota ,QB,ATL,100,100,100,100,100,100,100,100,100,100,100,100,100,bye,0,0,0,0,776,100
2022,Mark Andrews ,TE,BAL,84,83,90,94,95,92,88,13,0,bye,93,85,85,89,92,81,94,0,787,83
2022,Mark Ingram ,RB,NO,33,37,33,48,22,33,28,8,0,0,0,30,42,bye,0,0,0,0,205,31
2022,Marlon Mack ,RB,Multi,0,0,0,0,0,0,0,0,0,0,0,10,9,32,29,15,0,0,64,20
2022,Marquez Callaway ,WR,NO,0,0,19,97,73,75,72,33,57,0,37,0,22,bye,0,0,0,13,325,51
2022,Marquez Valdes-Scantling ,WR,KC,73,79,78,69,81,82,55,bye,71,84,71,58,56,51,53,43,83,59,777,68
2022,Marquise Brown ,WR,ARI,95,93,95,93,97,96,0,0,0,0,0,97,bye,96,89,66,91,85,783,91
2022,Marquise Goodwin ,WR,SEA,51,53,42,41,0,46,54,39,0,79,bye,45,37,76,59,51,0,0,420,51
2022,Marvin Jones ,WR,JAC,81,90,68,91,87,0,56,54,57,69,bye,60,68,49,66,43,67,55,700,66
2022,Mason Kinsey ,WR,TEN,0,0,0,0,0,bye,22,0,0,0,0,0,0,0,0,0,0,0,13,22
2022,Mason Schreck ,TE,HOU,0,0,0,33,41,bye,0,0,0,0,0,0,0,0,0,0,0,0,43,37
2022,Matt Breida ,RB,NYG,22,15,11,14,30,25,23,22,bye,20,20,28,14,36,17,16,19,70,264,23
2022,Matt Ryan ,QB,IND,100,96,100,100,100,100,100,0,0,100,100,100,100,bye,100,0,0,0,846,100
2022,Matthew Slater ,WR,NE,0,0,0,0,0,0,0,0,0,bye,0,0,0,3,0,0,3,0,4,3
2022,Matthew Stafford ,QB,LAR,100,98,100,100,100,100,bye,100,100,0,59,0,0,0,0,0,0,0,534,95
2022,Maurice Alexander ,WR,DET,0,0,0,3,2,bye,0,2,0,0,0,0,0,0,0,0,0,0,4,2
2022,Maxx Williams ,TE,ARI,0,0,0,0,0,0,0,0,0,0,18,0,bye,0,20,28,0,0,47,22
2022,Mecole Hardman ,WR,KC,56,54,68,46,40,45,62,bye,54,0,0,0,0,0,0,0,0,0,303,53
2022,Melvin Gordon ,RB,DEN,41,32,38,19,56,16,51,56,bye,54,0,0,0,0,0,0,0,0,255,41
2022,Michael Bandy ,WR,LAC,0,0,0,29,0,5,59,bye,80,84,12,3,23,0,0,0,0,0,198,35
2022,Michael Burton ,RB,KC,13,12,8,0,0,4,11,bye,5,3,3,0,5,6,1,0,3,0,50,6
2022,Michael Carter ,RB,NYJ,60,61,49,44,42,49,73,56,52,bye,50,30,0,50,52,39,29,32,496,48
2022,Michael Gallup ,WR,DAL,0,0,0,64,55,76,67,84,bye,83,62,76,66,76,91,84,85,90,738,76
2022,Michael Pittman ,WR,IND,98,0,94,89,99,99,100,95,90,97,98,100,93,bye,97,100,98,99,1065,97
2022,Michael Thomas ,WR,NO,61,76,68,0,0,0,0,0,0,0,0,0,0,bye,0,0,0,0,136,69
2022,Michael Woods ,WR,CLE,0,0,0,0,0,14,0,17,bye,19,0,0,0,0,62,6,37,41,127,27
2022,Mike Boone ,RB,DEN,5,0,19,36,41,36,11,0,bye,0,0,0,23,15,0,0,0,0,119,23
2022,Mike Davis ,RB,BAL,13,31,0,0,8,0,0,0,4,bye,1,0,0,0,0,0,0,0,34,11
2022,Mike Evans ,WR,TB,73,61,0,91,85,96,88,94,88,73,bye,90,84,87,81,93,83,0,927,85
2022,Mike Gesicki ,TE,MIA,42,62,40,44,54,64,61,46,49,46,bye,54,20,39,20,24,42,38,478,45
2022,Mike Strachan ,WR,IND,12,70,0,14,0,23,0,0,0,0,0,0,0,bye,0,0,5,0,77,22
2022,Mike Thomas ,WR,CIN,69,0,0,0,71,0,0,45,30,bye,0,0,0,0,0,0,0,0,160,55
2022,Mike White ,QB,NYJ,0,0,0,0,0,0,0,0,0,bye,0,100,100,91,0,0,100,0,285,98
2022,Mike Williams ,WR,LAC,93,88,90,93,85,94,76,bye,0,0,9,0,0,65,89,85,78,37,703,76
2022,Miles Boykin ,WR,PIT,13,0,0,0,7,6,0,11,bye,0,0,0,0,18,37,0,14,15,81,15
2022,Miles Sanders ,RB,PHI,52,53,59,67,74,62,bye,51,65,58,65,54,53,66,55,54,40,40,673,57
2022,Miller Forristall ,TE,CLE,0,0,6,0,0,0,0,0,bye,0,0,0,0,0,0,0,0,0,4,6
2022,Mitch Trubisky ,QB,PIT,100,100,100,52,0,42,0,0,bye,0,0,0,0,85,100,0,0,0,356,82
2022,Mitchell Wilcox ,TE,CIN,0,27,57,50,0,0,38,28,0,bye,0,0,72,79,91,65,0,0,350,57
2022,Mo Alie-Cox ,TE,IND,54,54,59,70,44,0,0,50,55,0,62,34,43,bye,51,44,53,60,494,52
2022,Montrell Washington ,WR,DEN,0,17,19,6,5,5,4,5,bye,9,9,12,15,6,1,4,0,0,78,8
2022,MyCole Pruitt ,TE,ATL,0,0,0,0,0,28,0,0,30,19,56,56,50,bye,55,51,65,46,284,46
2022,Myles Gaskin ,RB,MIA,0,0,0,0,19,0,0,0,0,0,bye,34,0,0,0,0,0,0,39,27
2022,N'Keal Harry ,WR,CHI,0,0,0,0,0,0,42,63,28,0,0,0,10,bye,0,0,48,33,148,39
2022,Najee Harris ,RB,PIT,59,71,80,75,49,69,77,71,bye,60,92,29,66,56,66,72,64,63,763,66
2022,Nate Sudfeld ,QB,DET,0,0,0,0,0,bye,0,0,0,0,0,0,3,0,0,0,10,0,9,6
2022,Nathan Peterman ,QB,CHI,0,0,0,0,0,0,0,0,0,0,0,0,0,bye,2,8,0,75,44,25
2022,Nelson Agholor ,WR,NE,58,50,76,66,12,0,6,24,0,bye,59,78,56,97,83,34,45,6,455,50
2022,Nick Boyle ,TE,BAL,0,0,0,0,0,0,0,0,0,bye,0,14,0,0,0,12,0,0,16,13
2022,Nick Chubb ,RB,CLE,53,54,63,55,52,44,57,51,bye,48,55,59,51,62,70,53,56,75,660,56
2022,Nick Foles ,QB,IND,0,0,0,0,0,0,0,0,0,0,0,0,0,bye,0,100,50,0,81,74
2022,Nick Mullens ,QB,MIN,0,0,0,0,0,0,bye,0,2,0,21,0,0,0,0,0,14,46,54,21
2022,Nick Vannett ,TE,Multi,0,0,7,0,0,0,0,58,0,0,0,0,45,44,16,7,0,87,170,37
2022,Nick Westbrook-Ikhine ,WR,TEN,68,61,57,0,92,bye,76,74,78,77,79,75,95,96,82,75,69,57,742,76
2022,Nico Collins ,WR,HOU,67,67,68,77,81,bye,46,0,0,78,86,75,72,0,0,0,0,0,441,71
2022,Nikola Kalinic ,TE,IND,0,0,0,0,0,0,0,0,0,0,0,0,0,bye,0,0,2,0,1,2
2022,Noah Brown ,WR,DAL,88,85,80,79,76,91,79,0,bye,76,75,45,79,70,75,75,59,66,822,74
2022,Noah Fant ,TE,SEA,56,53,55,58,60,63,73,72,60,52,bye,62,67,56,52,55,62,64,660,60
2022,Noah Gray ,TE,KC,53,49,41,58,40,42,58,bye,40,46,60,66,58,57,56,51,55,58,597,52
2022,Noah Togiai ,TE,PHI,14,0,0,0,0,0,bye,0,0,0,0,0,0,0,0,0,0,0,11,14
2022,Nsimba Webster ,WR,CHI,0,0,0,0,0,0,0,0,0,0,0,0,0,bye,17,0,0,0,10,17
2022,Nyheim Hines ,RB,Multi,28,30,45,32,4,0,38,36,6,8,15,5,31,17,4,5,0,5,208,19
2022,OJ Howard ,TE,HOU,17,29,31,75,79,bye,0,50,43,52,25,20,0,0,0,0,27,0,268,40
2022,Olamide Zaccheaus ,WR,ATL,60,43,67,56,67,74,62,81,70,76,76,74,87,bye,81,92,61,62,737,70
2022,PJ Walker ,QB,CAR,0,0,0,0,13,84,100,100,37,100,0,0,bye,0,0,0,0,0,260,73
2022,Parker Hesse ,TE,ATL,64,66,75,87,62,0,0,43,0,35,0,61,63,bye,57,62,0,66,471,61
2022,Parris Campbell ,WR,IND,77,86,82,67,92,100,98,79,82,80,80,88,78,bye,82,88,97,92,980,85
2022,Pat Freiermuth ,TE,PIT,89,81,76,73,49,0,59,62,bye,69,71,71,55,56,0,81,77,63,705,69
2022,Patrick Mahomes ,QB,KC,93,100,100,100,100,100,91,bye,100,100,100,100,100,100,100,100,100,88,1131,99
2022,Patrick Ricard ,RB,BAL,64,63,65,70,0,76,88,51,68,bye,55,74,35,74,56,0,0,0,543,64
2022,Patrick Taylor ,RB,GB,0,0,0,0,0,0,0,0,0,0,0,0,9,bye,13,8,19,0,32,12
2022,Penny Hart ,WR,SEA,0,0,8,0,0,0,0,0,0,0,bye,0,0,0,3,24,0,0,26,12
2022,Peyton Hendershot ,TE,DAL,0,0,59,7,67,61,30,36,bye,20,35,27,22,0,23,0,18,0,268,33
2022,Pharaoh Brown ,TE,Multi,66,71,81,0,0,27,18,35,0,42,15,0,63,0,0,0,0,0,273,46
2022,Pharoh Cooper ,WR,ARI,0,0,0,0,0,0,0,0,0,0,0,0,bye,0,0,1,9,33,25,12
2022,Phillip Dorsett ,WR,HOU,6,0,22,19,19,bye,54,83,77,44,25,43,71,82,86,58,56,0,465,50
2022,Phillip Lindsay ,RB,IND,0,0,0,0,38,33,0,0,15,0,0,0,0,bye,0,0,0,0,66,30
2022,Pierre Strong ,RB,NE,0,4,0,0,0,6,0,0,0,bye,0,0,0,32,26,4,3,0,47,12
2022,Quez Watkins ,WR,PHI,53,59,47,60,59,59,bye,65,54,58,53,82,51,47,66,72,51,42,681,58
2022,Quintez Cephus ,WR,DET,0,10,13,45,0,bye,0,0,0,0,0,0,0,0,0,0,0,0,49,23
2022,Quintin Morris ,TE,BUF,0,41,32,25,68,16,bye,0,0,0,0,23,0,0,17,34,0,41,200,32
2022,Racey McMath ,WR,TEN,0,0,0,0,0,bye,0,0,0,0,0,0,0,33,23,0,23,17,64,24
2022,Rachaad White ,RB,TB,27,13,9,38,39,22,43,26,35,64,bye,90,41,53,39,36,50,18,469,39
2022,Raheem Blackshear ,RB,CAR,0,0,0,0,0,0,10,9,35,12,19,5,bye,19,4,9,5,5,79,12
2022,Raheem Mostert ,RB,MIA,42,55,56,72,69,62,71,65,47,28,bye,0,61,73,76,52,42,37,552,56
2022,Randall Cobb ,WR,GB,61,29,40,34,63,36,0,0,0,0,56,45,50,bye,41,48,46,32,371,44
2022,Rashaad Penny ,RB,SEA,69,41,69,68,29,0,0,0,0,0,bye,0,0,0,0,0,0,0,170,57
2022,Rashid Shaheed ,WR,NO,0,0,0,0,0,12,14,23,10,13,49,53,61,bye,71,43,68,83,298,42
2022,Rashod Bateman ,WR,BAL,66,61,62,44,0,0,56,17,0,bye,0,0,0,0,0,0,0,0,190,49
2022,Ray-Ray McCloud ,WR,SF,26,24,18,18,27,33,25,57,bye,10,14,10,8,44,42,37,42,19,286,26
2022,Reggie Bonnafon ,RB,WAS,0,0,0,0,0,0,0,0,0,0,0,0,0,bye,0,0,0,5,3,5
2022,Reggie Gilliam ,RB,BUF,0,26,22,0,0,29,bye,0,0,0,25,9,0,0,0,23,0,17,107,21
2022,Rex Burkhead ,RB,HOU,71,37,41,32,21,bye,35,19,22,25,0,18,0,8,19,16,19,15,251,27
2022,Rhamondre Stevenson ,RB,NE,25,62,62,55,90,86,77,63,73,bye,78,82,98,22,66,91,57,49,699,66
2022,Richard Rodgers ,TE,LAC,3,0,0,0,0,0,0,bye,22,22,0,0,0,0,0,0,0,0,30,15
2022,Richie James ,WR,NYG,70,42,74,32,54,34,9,6,bye,0,22,70,52,91,79,83,79,0,524,52
2022,Rico Dowdle ,RB,DAL,0,2,0,0,0,0,0,0,bye,0,0,0,0,0,0,0,0,0,1,2
2022,River Cracraft ,WR,MIA,0,23,21,16,21,22,0,0,0,0,bye,33,43,0,0,0,0,23,126,25
2022,Robbie Anderson ,WR,Multi,100,93,84,96,77,0,18,9,83,0,0,42,0,31,37,0,23,0,424,54
2022,Robert Tonyan ,TE,GB,36,40,58,44,44,63,56,74,46,64,59,51,52,bye,52,58,62,62,591,54
2022,Robert Woods ,WR,TEN,71,66,72,76,84,bye,75,66,63,81,76,81,93,87,81,95,74,85,809,78
2022,Romeo Doubs ,WR,GB,57,37,89,96,86,96,89,82,1,0,0,0,0,bye,32,61,49,38,529,62
2022,Ronald Jones ,RB,KC,0,0,0,0,0,0,0,bye,0,0,0,14,0,0,3,2,7,29,35,11
2022,Rondale Moore ,WR,ARI,0,0,0,86,91,99,89,99,90,97,3,0,bye,0,0,0,0,0,459,82
2022,Ronnie Rivers ,RB,LAR,0,0,0,0,0,5,bye,36,0,0,0,0,0,0,0,0,0,0,24,20
2022,Ross Dwelley ,TE,SF,28,37,0,10,6,0,0,36,bye,0,0,0,0,0,0,0,0,0,75,24
2022,Royce Freeman ,RB,HOU,0,0,0,0,0,bye,0,0,0,0,0,0,0,0,38,55,43,23,106,40
2022,Russell Gage ,WR,TB,42,66,80,64,73,76,61,0,0,0,bye,0,32,33,62,53,54,55,529,58
2022,Russell Wilson ,QB,DEN,100,100,100,100,100,100,0,100,bye,100,100,100,100,86,0,75,100,100,961,97
2022,Ryan Griffin ,TE,CHI,53,27,0,0,26,4,15,0,0,21,12,0,0,bye,25,27,15,0,130,22
2022,Ryan Tannehill ,QB,TEN,100,70,100,100,100,bye,98,0,0,98,100,100,82,100,84,0,0,0,686,95
2022,Salvon Ahmed ,RB,MIA,0,0,0,0,0,0,0,4,0,10,bye,0,0,10,24,0,3,6,35,9
2022,Sam Darnold ,QB,CAR,0,0,0,0,0,0,0,0,0,0,0,100,bye,100,100,100,100,100,377,100
2022,Sam Ehlinger ,QB,IND,0,0,0,0,0,0,0,100,100,0,0,0,0,bye,0,0,50,100,222,88
2022,Sam Howell ,QB,WAS,0,0,0,0,0,0,0,0,0,0,0,0,0,bye,0,0,0,100,66,100
2022,Samaje Perine ,RB,CIN,26,20,34,19,30,25,29,25,36,bye,70,80,83,43,38,41,0,45,448,40
2022,Sammy Watkins ,WR,Multi,67,65,0,0,0,0,52,79,81,33,36,0,0,0,0,33,0,50,324,56
2022,Samori Toure ,WR,GB,0,0,0,0,0,0,35,21,38,0,0,0,18,bye,0,0,0,0,73,28
2022,Saquon Barkley ,RB,NYG,83,84,92,94,69,88,81,80,bye,80,76,73,88,31,86,91,79,0,856,80
2022,Scotty Miller ,WR,TB,0,43,80,0,46,3,12,29,42,19,bye,0,19,14,0,5,0,38,247,28
2022,Sean McKeon ,TE,DAL,0,0,0,0,0,13,0,0,bye,11,0,0,15,0,0,0,0,0,28,13
2022,Shane Zylstra ,TE,DET,0,0,4,0,0,bye,0,0,26,26,0,0,30,33,37,44,39,35,185,30
2022,Shi Smith ,WR,CAR,77,71,36,75,62,55,50,48,80,24,60,0,bye,33,46,21,47,51,482,51
2022,Simi Fehoko ,WR,DAL,23,10,5,0,0,0,0,0,bye,0,0,0,0,0,0,0,0,0,25,13
2022,Skylar Thompson ,QB,MIA,0,0,0,0,99,31,0,0,0,10,bye,28,2,0,0,0,38,100,211,45
2022,Skyy Moore ,WR,KC,19,4,13,28,35,30,22,bye,26,25,42,46,42,40,38,21,25,0,313,29
2022,Snoop Conner ,RB,JAC,0,0,0,0,0,0,0,0,0,0,bye,16,7,0,4,8,17,0,34,10
2022,Sony Michel ,RB,LAC,24,12,23,24,3,32,18,bye,16,14,8,0,0,0,0,0,0,0,125,18
2022,Spencer Brown ,RB,CAR,0,0,0,0,0,0,0,22,27,0,0,0,bye,0,0,0,0,0,31,24
2022,Stanley Berryhill ,WR,DET,0,0,0,0,0,bye,0,0,0,3,0,0,0,0,0,0,0,0,2,3
2022,Stanley Morgan ,WR,CIN,5,0,9,0,13,0,0,0,14,bye,12,7,8,7,15,0,0,0,63,10
2022,Stefon Diggs ,WR,BUF,64,66,70,95,77,88,bye,80,74,92,66,78,73,78,86,67,0,76,836,77
2022,Stephen Anderson ,TE,ARI,14,22,7,4,0,0,9,0,0,37,14,0,bye,19,0,12,0,0,101,15
2022,Stephen Sullivan ,TE,CAR,0,7,0,2,0,9,0,11,0,0,0,0,bye,25,28,22,18,0,76,16
2022,Sterling Shepard ,WR,NYG,72,88,81,0,0,0,0,0,bye,0,0,0,0,0,0,0,0,0,165,80
2022,Steven Sims ,WR,PIT,0,0,0,0,4,9,0,14,bye,38,44,35,38,49,43,49,41,45,284,34
2022,Stone Smartt ,TE,LAC,0,0,0,0,0,0,0,bye,0,0,29,0,21,5,0,0,0,0,39,18
2022,TJ Hockenson ,TE,Multi,91,89,76,88,85,0,83,87,91,93,77,80,90,95,94,90,81,46,987,85
2022,TY Hilton ,WR,DAL,0,0,0,0,0,0,0,0,bye,0,0,0,0,0,0,16,28,39,60,27
2022,Tanner Conner ,WR,MIA,0,0,0,0,10,10,0,0,0,0,bye,0,0,0,0,0,0,0,15,10
2022,Tanner Gentry ,WR,BUF,0,0,0,0,20,0,bye,0,0,0,0,0,0,0,0,0,0,0,11,20
2022,Tanner Hudson ,TE,NYG,0,37,0,57,0,0,39,72,bye,16,0,22,0,0,0,0,0,0,166,40
2022,Taylor Heinicke ,QB,WAS,0,0,0,0,0,0,100,100,100,100,100,100,100,bye,100,74,0,0,614,97
2022,Taysom Hill ,TE,NO,26,9,0,20,30,21,25,36,33,40,42,49,46,bye,44,46,45,30,326,33
2022,Teagan Quitoriano ,TE,HOU,0,0,0,0,0,bye,0,0,30,0,66,59,71,0,81,27,0,66,249,57
2022,Teddy Bridgewater ,QB,MIA,0,0,7,61,1,69,0,0,0,0,bye,0,0,0,0,0,62,0,141,44
2022,Tee Higgins ,WR,CIN,26,89,68,77,0,86,84,98,62,bye,79,83,93,0,80,88,0,85,746,76
2022,Terrace Marshall ,WR,CAR,0,0,0,0,38,45,86,92,92,89,93,62,bye,85,89,93,88,93,639,81
2022,Terry McLaurin ,WR,WAS,90,89,88,95,98,98,95,95,100,86,72,82,91,bye,92,93,81,76,1063,89
2022,Tevin Coleman ,RB,SF,0,0,0,0,28,20,0,0,bye,0,0,0,0,0,0,0,0,0,31,24
2022,Tim Boyle ,QB,CHI,0,0,0,0,0,0,0,0,0,0,0,0,0,bye,0,0,0,25,13,25
2022,Tim Jones ,WR,JAC,0,0,5,55,0,43,13,0,0,0,bye,8,20,0,0,26,0,0,101,22
2022,Tom Brady ,QB,TB,100,100,100,100,100,100,100,100,100,100,bye,100,100,100,100,100,100,56,1192,98
2022,Tom Kennedy ,WR,DET,0,0,0,81,53,bye,51,0,66,61,28,6,0,0,0,0,0,0,227,49
2022,Tommy Sweeney ,TE,BUF,0,0,0,0,0,11,bye,0,0,0,0,0,29,0,0,0,0,0,30,20
2022,Tommy Tremble ,TE,CAR,34,0,39,42,57,0,64,57,55,59,37,74,bye,40,52,57,58,49,476,52
2022,Tony Jones ,RB,Multi,0,50,0,0,0,0,0,0,0,0,0,0,34,9,0,0,0,0,62,33
2022,Tony Pollard ,RB,DAL,55,39,44,39,42,40,65,53,bye,87,54,59,41,58,55,53,0,43,569,53
2022,Trace McSorley ,QB,ARI,12,0,0,0,0,0,0,0,0,0,21,0,bye,0,46,100,0,33,146,44
2022,Travis Etienne ,RB,JAC,51,37,43,51,53,46,80,79,81,78,bye,8,88,75,73,71,38,55,669,59
2022,Travis Homer ,RB,SEA,35,45,3,0,0,0,0,22,29,15,bye,20,0,91,25,1,0,0,165,26
2022,Travis Kelce ,TE,KC,64,89,89,81,78,78,78,bye,83,73,78,83,82,81,75,81,87,73,914,80
2022,Trayveon Williams ,RB,CIN,0,0,0,0,0,0,0,0,0,bye,12,20,15,3,0,1,0,0,36,10
2022,Tre' McKitty ,TE,LAC,60,0,31,53,51,42,34,bye,0,78,0,39,33,51,0,46,47,34,416,46
2022,Tre'Quan Smith ,WR,NO,0,0,61,23,68,71,61,59,71,15,0,26,0,bye,0,0,0,32,318,51
2022,Trent Sherfield ,WR,MIA,35,35,63,63,66,67,56,59,65,65,bye,61,65,61,54,44,59,0,569,57
2022,Trent Taylor ,WR,CIN,14,0,3,3,2,5,19,13,35,bye,15,16,7,78,2,1,0,0,148,15
2022,Trenton Irwin ,WR,CIN,0,0,0,0,0,0,0,43,49,bye,70,74,12,84,24,45,0,18,287,46
2022,Trestan Ebner ,RB,CHI,7,0,24,23,0,0,11,4,0,0,22,0,2,bye,8,0,10,16,78,13
2022,Trevon Wesco ,TE,CHI,0,0,0,26,0,0,0,32,24,25,0,23,0,bye,0,0,17,0,96,25
2022,Trevor Lawrence ,QB,JAC,100,100,99,100,100,100,100,100,100,100,bye,100,93,100,100,96,70,100,1096,97
2022,Trevor Siemian ,QB,CHI,0,0,0,0,0,0,0,4,0,0,0,100,0,bye,0,0,0,0,60,44
2022,Trey Lance ,QB,SF,100,21,0,0,0,0,0,0,bye,0,0,0,0,0,0,0,0,0,84,58
2022,Trey McBride ,TE,ARI,0,0,0,42,0,28,52,26,0,91,76,79,bye,73,86,84,96,83,563,67
2022,Trey Sermon ,RB,PHI,0,0,0,6,0,0,bye,0,0,0,0,0,0,0,0,0,0,0,5,6
2022,Treylon Burks ,WR,TEN,37,45,69,65,0,bye,0,0,0,56,50,67,18,0,0,82,72,75,393,58
2022,Trinity Benson ,WR,DET,0,0,0,0,0,bye,0,0,0,21,0,0,0,0,0,0,0,0,13,21
2022,Tua Tagovailoa ,QB,MIA,100,100,93,39,0,0,100,100,100,90,bye,72,98,100,100,100,0,0,705,91
2022,Tutu Atwell ,WR,LAR,10,0,6,0,14,3,bye,0,0,0,11,52,47,61,84,69,84,93,306,43
2022,Ty Chandler ,RB,MIN,0,0,0,0,0,0,bye,0,0,0,0,0,0,0,0,0,0,17,12,17
2022,Ty Johnson ,RB,NYJ,0,19,0,0,0,0,17,32,12,bye,28,24,33,0,0,20,47,38,172,27
2022,Ty Montgomery ,RB,NE,37,0,0,0,0,0,0,0,0,bye,0,0,0,0,0,0,0,0,21,37
2022,Ty'Son Williams ,RB,ARI,0,0,0,0,0,0,0,0,0,0,0,0,bye,0,0,0,0,4,2,4
2022,Tylan Wallace ,WR,BAL,11,15,0,0,20,22,0,0,0,bye,3,0,0,0,0,0,0,24,62,16
2022,Tyler Allgeier ,RB,ATL,0,31,37,44,59,57,62,60,38,48,55,39,52,bye,49,59,55,69,497,51
2022,Tyler Badie ,RB,DEN,0,0,0,0,0,0,0,0,bye,0,0,0,0,0,0,0,0,14,9,14
2022,Tyler Boyd ,WR,CIN,80,81,68,72,97,96,75,96,66,bye,82,76,86,3,61,51,0,73,797,72
2022,Tyler Conklin ,TE,NYJ,92,100,79,81,68,67,75,75,72,bye,74,79,72,72,75,71,61,96,861,77
2022,Tyler Davis ,TE,GB,25,31,31,29,13,0,20,0,0,0,0,18,0,bye,15,21,16,13,147,21
2022,Tyler Higbee ,TE,LAR,94,97,94,93,97,78,bye,69,79,80,92,0,84,95,89,91,90,89,856,88
2022,Tyler Huntley ,QB,BAL,0,0,0,0,0,0,0,0,0,bye,0,0,86,62,100,100,100,0,267,89
2022,Tyler Kroft ,TE,SF,54,0,0,0,0,0,0,34,bye,0,0,0,27,25,22,38,0,0,128,33
2022,Tyler Lockett ,WR,SEA,80,92,82,78,96,81,65,69,74,90,bye,88,88,93,89,0,32,79,799,79
2022,Tyler Mabry ,TE,SEA,0,0,0,0,0,0,0,0,0,0,bye,0,0,0,0,0,4,0,3,4
2022,Tyquan Thornton ,WR,NE,0,0,0,0,42,57,85,78,67,bye,27,0,39,88,92,93,93,54,507,68
2022,Tyree Jackson ,TE,PHI,0,0,0,0,0,0,bye,0,0,0,13,0,0,0,4,0,0,0,12,9
2022,Tyreek Hill ,WR,MIA,67,76,86,94,64,77,89,72,79,71,bye,59,85,67,83,80,82,66,800,76
2022,Tyrie Cleveland ,WR,DEN,12,43,0,0,14,0,0,0,bye,34,0,0,0,0,0,0,0,0,76,26
2022,Tyrion Davis-Price ,RB,SF,0,39,0,0,0,0,16,0,bye,0,0,0,0,0,0,25,7,13,69,21
2022,Tyrod Taylor ,QB,NYG,0,0,0,18,0,0,0,0,bye,0,0,0,0,19,0,0,0,0,24,19
2022,Tyron Johnson ,WR,Multi,0,0,0,1,0,0,0,0,42,0,0,0,0,0,0,0,0,0,26,19
2022,Van Jefferson ,WR,LAR,0,0,0,0,0,0,bye,0,35,28,73,87,100,97,98,94,94,97,467,80
2022,Velus Jones ,WR,CHI,0,0,0,0,6,17,0,19,0,0,12,21,23,bye,68,46,10,20,146,24
2022,Wan'Dale Robinson ,WR,NYG,15,0,0,0,0,23,69,69,bye,75,72,0,0,0,0,0,0,0,229,56
2022,Will Dissly ,TE,SEA,67,47,61,73,63,65,76,78,59,42,bye,74,52,39,58,37,0,0,569,60
2022,Zach Ertz ,TE,ARI,60,84,93,82,93,96,80,88,97,13,0,0,bye,0,0,0,0,0,575,79
2022,Zach Gentry ,TE,PIT,30,0,0,61,64,66,45,38,bye,51,41,52,74,45,62,43,0,58,506,52
2022,Zach Pascal ,WR,PHI,22,42,43,24,0,13,bye,40,31,42,43,11,38,28,25,17,36,0,306,30
2022,Zach Wilson ,QB,NYJ,0,0,0,100,100,100,100,100,100,bye,100,0,0,0,100,49,0,0,504,94
2022,Zack Moss ,RB,Multi,37,19,17,9,29,0,0,0,0,2,6,2,7,0,67,69,59,58,249,29
2022,Zamir White ,RB,LV,0,9,0,4,5,bye,9,0,2,3,0,4,7,5,4,0,0,3,35,5
2022,Zander Horvath ,RB,LAC,22,11,5,11,14,18,0,bye,0,9,12,0,0,0,0,0,0,0,74,13
2022,Zay Jones ,WR,JAC,83,68,76,0,80,98,99,99,94,94,bye,90,82,78,96,79,78,94,930,86
2022,Zonovan Knight ,RB,NYJ,0,0,0,0,0,0,0,0,0,bye,0,48,55,47,48,41,21,30,198,42
2023,AJ Brown,WR,PHI,91,96,83,96,99,96,82,98,97,bye,95,94,86,93,96,97,94,18,1019,89
2023,AT Perry,WR,NO,0,0,0,0,0,0,0,12,25,84,bye,74,61,62,42,60,46,64,343,53
2023,AJ Dillon,RB,GB,48,68,52,67,64,bye,56,51,40,50,72,52,62,53,0,18,16,0,494,51
2023,AJ McCarron,QB,CIN,0,0,0,0,0,0,bye,0,0,0,0,0,0,8,0,0,0,19,17,14
2023,Aaron Jones,RB,GB,47,0,0,35,0,bye,36,51,57,56,21,0,0,0,48,52,57,82,354,49
2023,Aaron Rodgers,QB,NYJ,7,0,0,0,0,0,bye,0,0,0,0,0,0,0,0,0,0,0,4,7
2023,Adam Prentice,RB,NO,17,23,18,14,11,0,0,0,0,1,bye,11,13,19,16,8,21,15,125,15
2023,Adam Thielen,WR,CAR,88,87,92,90,97,81,bye,97,100,100,90,89,89,81,95,88,93,92,1046,91
2023,Adam Trautman,TE,DEN,72,82,87,88,90,69,73,82,bye,64,78,91,63,69,47,49,49,51,755,70
2023,Aidan O'Connell,QB,LV,0,0,0,100,0,0,22,0,100,100,100,100,bye,100,100,100,100,95,641,92
2023,Albert Okwuegbunam,TE,PHI,0,0,0,0,0,0,0,0,10,bye,18,14,44,0,0,0,0,0,57,22
2023,Alec Ingold,RB,MIA,45,60,34,31,35,42,24,32,43,bye,49,29,33,40,31,43,32,33,413,38
2023,Alec Pierce,WR,IND,92,100,96,91,98,74,100,94,100,96,bye,95,99,91,97,100,98,97,1090,95
2023,Alex Armah,RB,WAS,0,0,0,0,0,0,0,8,13,10,0,0,0,bye,13,7,11,16,47,11
2023,Alex Erickson,WR,LAC,0,0,0,0,bye,0,0,0,0,0,78,52,13,66,55,53,94,69,329,61
2023,Alexander Mattison,RB,MIN,73,76,80,69,51,79,53,61,56,45,65,56,bye,32,0,9,40,32,579,55
2023,Allen Lazard,WR,NYJ,78,94,97,86,92,77,bye,81,89,89,65,0,47,72,90,27,0,0,685,76
2023,Allen Robinson,WR,PIT,89,87,81,85,86,bye,64,69,72,77,78,63,54,59,62,68,67,68,771,72
2023,Alvin Kamara,RB,NO,0,0,0,75,62,80,73,58,49,76,bye,64,58,54,52,73,33,0,558,63
2023,Amari Cooper,WR,CLE,62,72,80,81,bye,84,88,81,79,92,89,74,32,84,94,79,0,0,883,78
2023,Amari Rodgers,WR,IND,0,0,0,6,2,26,0,0,0,0,bye,0,0,0,0,0,0,0,25,12
2023,Ameer Abdullah,RB,LV,12,15,17,21,17,13,15,22,13,16,23,21,bye,28,27,22,40,27,216,21
2023,Amon-Ra St Brown,WR,DET,94,74,94,88,0,91,97,92,bye,92,92,92,79,88,92,99,100,72,1010,90
2023,Andre Baccellia,WR,ARI,0,0,0,0,0,0,0,3,6,0,8,11,46,bye,0,0,0,0,49,15
2023,Andrei Iosivas,WR,CIN,2,3,10,19,32,15,bye,16,13,28,0,33,10,17,26,72,27,92,266,26
2023,Andrew Beck,TE,HOU,19,20,50,48,50,44,bye,38,38,0,31,25,40,27,21,17,0,27,322,32
2023,Andy Dalton,QB,CAR,0,2,100,0,1,0,bye,0,0,0,0,0,0,0,0,0,0,0,81,39
2023,Andy Isabella,WR,BUF,0,0,0,0,0,0,0,0,0,0,0,2,bye,0,0,0,0,0,2,2
2023,Anthony Firkser,TE,DET,0,0,0,0,0,0,0,0,bye,0,0,0,0,0,0,3,0,0,2,3
2023,Anthony McFarland,RB,PIT,8,0,0,0,0,bye,0,0,0,2,0,0,0,0,0,0,0,0,6,5
2023,Anthony Richardson,QB,IND,96,32,0,100,33,0,0,0,0,0,bye,0,0,0,0,0,0,0,173,67
2023,Antoine Green,WR,DET,0,11,20,20,18,6,44,6,bye,11,0,0,0,0,0,0,0,18,106,17
2023,Antonio Gibson,RB,WAS,35,48,61,38,54,39,38,51,44,48,0,46,56,bye,45,44,43,51,473,46
2023,Austin Ekeler,RB,LAC,51,0,0,0,bye,68,63,67,67,69,71,80,57,72,40,64,72,76,630,66
2023,Austin Hooper,TE,LV,53,43,76,51,56,34,34,22,48,42,48,41,bye,37,41,89,85,86,557,53
2023,Austin Trammell,WR,LAR,0,1,0,0,2,7,3,3,5,bye,69,4,2,3,1,0,2,9,73,8
2023,Bailey Zappe,QB,NE,0,0,0,27,28,0,0,0,0,12,bye,49,100,100,100,100,100,100,413,70
2023,Baker Mayfield,QB,TB,100,100,100,100,bye,100,100,100,100,98,100,97,100,100,100,100,100,100,1100,100
2023,Ben Mason,RB,BAL,0,0,0,0,0,0,0,0,0,0,0,0,bye,0,0,0,0,2,1,2
2023,Ben Sims,TE,GB,15,10,4,11,16,bye,6,7,7,0,22,25,31,15,17,30,55,20,189,18
2023,Ben Skowronek,WR,LAR,26,25,22,27,11,5,19,8,26,bye,13,21,38,8,4,1,2,61,216,19
2023,Bijan Robinson,RB,ATL,63,72,81,76,61,77,17,74,61,75,bye,63,75,78,58,75,76,74,771,68
2023,Blaine Gabbert,QB,KC,0,0,27,0,0,0,0,0,0,bye,0,0,0,0,0,0,0,100,79,59
2023,Blake Bell,TE,KC,40,22,29,23,30,20,25,5,27,bye,4,22,13,9,15,12,20,71,251,22
2023,Blake Whiteheart,TE,ARI,0,0,0,0,0,0,0,0,0,0,0,0,0,bye,0,3,0,0,2,3
2023,Bo Melton,WR,GB,0,0,0,0,0,bye,0,0,0,0,0,4,0,0,30,38,66,75,139,44
2023,Boston Scott,RB,PHI,12,13,0,0,0,7,0,2,0,bye,12,8,8,5,1,3,0,31,68,9
2023,Brady Russell,TE,SEA,0,0,7,0,bye,0,3,2,0,0,3,0,0,0,2,0,0,9,16,4
2023,Brandin Cooks,WR,DAL,59,0,80,70,65,78,bye,62,77,53,72,80,90,77,74,79,78,79,809,74
2023,Brandon Aiyuk,WR,SF,85,53,0,76,79,98,98,92,bye,68,88,89,86,91,82,94,87,38,803,82
2023,Brandon Bolden,RB,LV,0,0,0,0,0,0,0,0,0,0,0,0,bye,0,3,2,3,0,5,3
2023,Brandon Johnson,WR,DEN,50,45,60,35,51,31,37,0,bye,0,0,0,15,16,6,68,84,46,343,43
2023,Brandon Powell,WR,MIN,0,0,5,2,31,60,61,53,69,67,59,65,bye,50,3,51,17,12,407,41
2023,Braxton Berrios,WR,MIA,52,33,51,49,37,30,59,53,27,bye,0,54,41,46,39,46,43,46,456,44
2023,Brayden Willis,TE,SF,0,0,6,2,0,0,0,0,bye,0,0,0,0,7,11,1,9,41,48,11
2023,Breece Hall,RB,NYJ,31,34,49,44,52,66,bye,64,60,70,63,66,68,62,40,77,71,89,667,61
2023,Brenton Strange,TE,JAC,39,25,29,36,27,53,23,41,bye,25,38,32,0,0,0,17,48,17,307,32
2023,Brett Rypien,QB,LAR,0,0,0,0,0,0,0,32,100,bye,0,0,0,0,0,0,0,0,78,65
2023,Brevin Jordan,TE,HOU,0,18,18,20,3,19,bye,0,0,0,22,43,75,75,25,25,51,48,283,33
2023,Brian Hoyer,QB,LV,3,0,0,0,0,39,78,0,0,0,0,0,bye,0,0,0,0,0,80,41
2023,Brian Robinson,RB,WAS,61,52,37,55,36,53,49,49,56,51,78,45,22,bye,0,0,54,43,496,50
2023,Britain Covey,WR,PHI,0,0,5,8,0,3,10,0,0,bye,2,0,0,4,0,1,0,54,58,11
2023,Brock Purdy,QB,SF,97,100,95,98,85,100,100,100,bye,79,100,100,93,100,82,73,93,0,936,93
2023,Brock Wright,TE,DET,39,39,41,59,62,61,35,53,bye,52,39,33,40,37,18,0,0,0,423,43
2023,Bryce Young,QB,CAR,100,98,0,100,99,100,bye,100,100,100,100,100,100,100,100,100,100,100,1068,100
2023,Brycen Hopkins,TE,LAR,28,11,4,10,9,2,3,8,19,bye,4,0,0,5,3,3,2,27,96,9
2023,Byron Pringle,WR,WAS,0,18,11,23,16,8,6,10,23,16,26,22,29,bye,13,18,22,18,183,18
2023,CJ Beathard,QB,JAC,0,0,7,0,0,5,0,0,bye,5,11,0,23,0,0,32,90,0,113,24
2023,CJ Ham,RB,MIN,34,22,10,10,25,28,16,26,17,14,14,20,bye,11,16,31,8,27,216,19
2023,CJ Stroud,QB,HOU,100,100,100,100,100,100,bye,100,100,100,99,100,97,86,0,0,95,100,968,99
2023,CJ Uzomah,TE,NYJ,56,32,44,36,45,37,bye,47,35,35,11,5,3,0,0,0,0,0,239,32
2023,Cade Otton,TE,TB,97,97,91,100,bye,96,96,97,100,95,96,100,98,97,90,97,95,94,1064,96
2023,Calvin Austin,WR,PIT,56,76,73,90,56,bye,12,27,26,20,17,25,15,29,16,19,19,27,374,35
2023,Calvin Ridley,WR,JAC,81,79,82,80,85,80,88,86,bye,91,80,93,86,95,92,92,71,85,993,85
2023,Cam Akers,RB,Multi,35,0,0,29,29,16,39,24,31,0,0,0,0,0,0,0,0,0,139,29
2023,Carson Wentz,QB,LAR,0,0,0,0,0,0,0,0,0,bye,0,4,0,0,0,0,0,100,70,52
2023,Case Keenum,QB,HOU,0,0,0,0,0,0,bye,0,0,0,0,0,0,0,99,49,0,0,113,74
2023,Cedric Tillman,WR,CLE,15,10,15,20,bye,0,0,0,74,85,88,89,93,61,72,73,95,64,609,60
2023,Cedrick Wilson,WR,MIA,0,0,47,35,54,37,59,30,65,bye,64,39,54,56,77,62,86,96,545,56
2023,CeeDee Lamb,WR,DAL,79,72,83,63,69,84,bye,82,93,77,79,93,92,89,100,88,95,85,991,84
2023,Charlie Jones,WR,CIN,0,0,4,0,0,0,bye,0,0,0,2,9,1,5,6,11,0,33,44,9
2023,Charlie Kolar,TE,BAL,20,0,0,3,0,8,18,22,22,13,18,27,bye,22,36,29,49,70,230,25
2023,Charlie Woerner,TE,SF,31,16,33,13,31,8,40,19,bye,39,37,27,20,41,20,23,24,77,312,29
2023,Chase Brown,RB,CIN,0,2,1,2,1,7,bye,0,0,0,0,0,15,30,19,22,15,28,93,13
2023,Chase Claypool,WR,Multi,78,79,86,0,0,0,8,14,22,0,0,0,0,0,8,5,14,8,195,32
2023,Chase Edmonds,RB,TB,12,4,0,0,bye,0,0,12,12,28,21,12,15,18,19,32,27,26,156,18
2023,Chig Okonkwo,TE,TEN,83,69,81,65,58,73,bye,72,73,54,40,53,59,68,63,71,75,56,692,66
2023,Chris Blair,WR,ATL,0,0,0,0,0,0,0,0,0,0,bye,15,0,0,0,0,0,0,9,15
2023,Chris Brooks,RB,MIA,0,0,18,0,13,16,0,0,0,bye,0,0,0,0,0,0,7,0,36,14
2023,Chris Conley,WR,SF,0,0,11,0,0,0,2,0,bye,0,0,0,15,15,11,17,31,70,110,22
2023,Chris Evans,RB,CIN,13,0,0,0,4,4,bye,6,7,3,2,0,0,0,0,0,0,0,24,5
2023,Chris Godwin,WR,TB,85,75,87,75,bye,84,70,85,88,77,80,83,84,84,81,80,86,77,892,81
2023,Chris Manhertz,TE,DEN,39,32,21,44,24,46,31,55,bye,40,33,40,42,34,25,35,41,0,367,36
2023,Chris Moore,WR,TEN,14,46,38,79,62,36,bye,41,42,83,75,66,69,44,60,74,76,64,596,57
2023,Chris Olave,WR,NO,78,79,80,82,79,88,81,74,71,81,bye,47,61,65,0,75,67,73,814,74
2023,Chris Rodriguez,RB,WAS,4,3,2,0,0,12,13,0,0,0,20,5,22,bye,33,39,0,0,97,15
2023,Christian Kirk,WR,JAC,60,81,86,79,83,70,80,66,bye,89,76,76,1,0,0,0,0,0,585,71
2023,Christian McCaffrey,RB,SF,85,100,61,85,73,58,100,97,bye,76,87,77,88,89,77,100,54,0,812,81
2023,Christian Watson,WR,GB,0,0,0,46,84,bye,88,82,78,75,78,88,73,0,0,0,0,0,446,77
2023,Chuba Hubbard,RB,CAR,36,37,34,54,48,77,bye,67,65,50,49,64,65,78,73,64,70,81,679,59
2023,Clayton Tune,QB,ARI,0,0,0,0,0,0,0,0,100,3,0,1,0,bye,3,0,1,3,60,15
2023,Clyde Edwards-Helaire,RB,KC,22,16,30,9,14,13,10,3,0,bye,5,20,25,48,62,39,0,19,227,22
2023,Cody Thompson,WR,SEA,4,1,9,11,bye,5,5,0,0,0,0,0,0,0,0,0,0,0,23,6
2023,Colby Parkinson,TE,SEA,43,50,71,58,bye,45,53,34,45,41,35,36,42,46,34,37,57,78,497,47
2023,Cole Fotheringham,TE,LV,0,0,0,0,0,0,0,0,0,0,0,0,bye,0,0,35,3,0,21,16
2023,Cole Kmet,TE,CHI,97,68,76,74,83,95,89,83,85,92,79,89,bye,85,86,43,18,69,878,77
2023,Cole Turner,TE,WAS,14,32,57,8,16,18,20,0,5,0,14,15,13,bye,0,7,0,0,142,17
2023,Collin Johnson,WR,CHI,0,0,0,0,0,0,0,0,0,0,0,0,bye,0,0,19,15,33,40,21
2023,Colton Dowell,WR,TEN,0,0,0,23,0,2,bye,0,0,0,18,8,4,3,5,21,4,0,51,9
2023,Connor Heyward,TE,PIT,27,19,21,25,56,bye,86,73,62,52,14,34,31,16,28,24,31,37,403,38
2023,Cooper Kupp,WR,LAR,0,0,0,0,95,100,100,100,84,bye,27,88,98,97,100,100,98,0,710,91
2023,Cooper Rush,QB,DAL,12,0,0,10,20,0,bye,14,0,23,15,0,0,0,0,0,0,10,69,15
2023,Cordarrelle Patterson,RB,ATL,0,0,0,2,6,12,40,18,13,31,bye,26,31,17,27,20,14,13,177,19
2023,Courtland Sutton,WR,DEN,86,89,95,83,86,94,86,79,bye,87,80,78,85,75,94,13,0,46,782,78
2023,Craig Reynolds,RB,DET,0,15,29,1,22,61,9,28,bye,5,3,1,3,2,0,4,0,4,132,14
2023,Curtis Samuel,WR,WAS,65,62,74,69,70,63,55,19,0,51,16,55,58,bye,72,66,50,57,571,55
2023,D'Andre Swift,RB,PHI,29,75,54,63,62,57,68,70,65,bye,64,64,42,51,59,57,47,0,630,58
2023,D'Ernest Johnson,RB,JAC,1,9,16,2,1,3,4,4,bye,21,24,39,36,26,29,26,19,21,194,17
2023,D'Onta Foreman,RB,CHI,28,0,0,0,0,61,46,32,59,53,24,0,bye,55,26,0,0,0,269,42
2023,DJ Montgomery,WR,IND,0,0,0,0,0,0,0,0,0,0,bye,4,4,8,63,86,7,9,124,26
2023,DJ Chark,WR,CAR,0,62,94,92,99,67,bye,93,58,0,75,74,40,89,74,73,83,65,771,76
2023,DJ Moore,WR,CHI,92,91,100,93,88,95,89,88,97,93,97,93,bye,92,88,74,81,90,1029,90
2023,DJ Turner,WR,LV,0,0,0,0,0,0,0,0,5,0,0,0,bye,0,5,7,0,3,12,5
2023,DK Metcalf,WR,SEA,94,83,72,71,bye,78,0,78,86,89,71,86,90,90,92,89,96,84,831,84
2023,Dak Prescott,QB,DAL,88,100,100,90,80,100,bye,86,100,77,85,100,100,100,100,100,100,90,1115,94
2023,Dallas Goedert,TE,PHI,92,96,93,100,95,77,79,92,77,bye,0,0,0,84,84,85,94,35,809,85
2023,Dalton Keene,TE,HOU,0,0,0,0,0,0,bye,0,0,11,0,0,0,0,0,0,0,0,8,11
2023,Dalton Kincaid,TE,BUF,80,60,51,52,53,0,61,84,90,76,67,61,bye,78,49,42,55,55,699,63
2023,Dalton Schultz,TE,HOU,81,71,68,49,59,63,bye,78,79,88,85,48,0,0,84,79,79,79,739,73
2023,Dalvin Cook,RB,NYJ,50,36,25,25,17,14,bye,12,9,15,25,33,26,24,17,6,0,0,202,21
2023,Dameon Pierce,RB,HOU,47,45,54,59,59,33,bye,43,0,0,0,18,38,14,5,15,20,0,298,34
2023,Damien Harris,RB,BUF,13,18,13,28,18,2,0,0,0,0,0,0,bye,0,0,0,0,0,60,15
2023,Damien Williams,RB,ARI,0,0,0,0,0,17,18,4,0,0,0,0,0,bye,0,0,0,0,28,13
2023,Damiere Byrd,WR,ATL,0,0,0,0,0,0,0,0,28,0,bye,0,0,0,0,0,0,0,19,28
2023,Dan Chisena,WR,ARI,0,0,0,0,0,0,0,0,0,0,0,0,1,bye,0,0,0,0,1,1
2023,Daniel Bellinger,TE,NYG,63,41,60,8,38,53,53,89,86,81,93,90,bye,89,56,63,43,81,688,62
2023,Daniel Jones,QB,NYG,96,100,94,97,68,0,0,0,33,0,0,0,bye,0,0,0,0,0,325,82
2023,Dare Ogunbowale,RB,HOU,0,19,0,0,0,0,bye,0,0,0,1,0,16,29,19,41,18,13,108,20
2023,Dareke Young,WR,SEA,0,0,0,0,bye,0,0,0,0,2,0,0,0,2,2,2,0,7,9,3
2023,Darius Slayton,WR,NYG,67,82,84,88,68,87,84,99,81,79,51,54,bye,93,95,94,86,78,896,81
2023,Darnell Mooney,WR,CHI,84,28,71,75,78,79,68,85,87,67,60,81,bye,90,86,81,0,0,766,75
2023,Darnell Washington,TE,PIT,38,48,47,42,70,bye,53,15,49,51,47,52,56,43,24,49,62,63,511,48
2023,Darrell Daniels,TE,DET,0,0,0,7,25,3,0,0,bye,0,0,0,0,0,0,0,0,0,22,11
2023,Darrell Henderson,RB,LAR,0,0,0,0,0,0,57,47,59,bye,36,0,0,0,0,0,0,0,126,49
2023,Darren Waller,TE,NYG,54,90,82,92,92,92,82,23,0,0,0,0,bye,0,42,63,66,51,568,69
2023,Darrynton Evans,RB,Multi,0,0,0,0,0,36,48,27,9,8,0,7,0,0,0,0,0,0,93,23
2023,Davante Adams,WR,LV,90,93,97,86,94,91,75,96,88,97,98,100,bye,98,81,91,97,94,963,92
2023,David Bell,WR,CLE,14,13,14,12,bye,13,4,4,0,0,3,18,39,9,7,24,58,98,217,20
2023,David Montgomery,RB,DET,79,45,0,71,75,26,0,0,bye,38,40,27,62,35,52,39,39,49,453,48
2023,David Moore,WR,TB,0,0,0,0,bye,0,0,0,0,0,0,18,13,21,26,31,29,26,105,23
2023,David Njoku,TE,CLE,73,85,73,70,bye,83,96,78,77,87,89,85,83,82,84,79,82,0,970,82
2023,David Sills V,WR,DEN,0,0,0,0,0,0,0,0,bye,5,13,7,0,0,0,0,0,0,16,8
2023,David Wells,TE,TB,12,25,11,11,bye,0,0,0,0,0,0,0,0,0,0,0,7,0,43,14
2023,Davis Allen,TE,LAR,1,0,0,1,2,7,19,5,10,bye,1,13,2,71,35,24,6,75,192,19
2023,Davis Mills,QB,HOU,0,0,0,0,0,0,bye,0,0,0,1,0,3,14,1,51,5,0,53,13
2023,Dawson Knox,TE,BUF,84,71,60,50,70,75,63,0,0,0,0,0,bye,47,62,47,43,47,487,60
2023,De'Von Achane,RB,MIA,0,10,41,60,48,0,0,0,0,bye,4,0,61,46,39,55,48,63,300,43
2023,DeAndre Carter,WR,LV,17,23,11,11,28,9,5,2,15,11,5,12,bye,4,8,0,3,6,102,10
2023,DeAndre Hopkins,WR,TEN,78,60,73,53,83,87,bye,63,69,79,62,57,76,63,78,82,85,78,758,72
2023,DeMario Douglas,WR,NE,41,8,24,33,13,0,62,77,83,72,bye,49,0,0,72,74,94,96,481,55
2023,DeVante Parker,WR,NE,0,100,76,82,98,75,58,43,0,0,bye,75,86,0,91,93,28,49,581,74
2023,DeVonta Smith,WR,PHI,98,100,99,99,94,99,96,97,94,bye,95,98,100,95,96,93,88,0,1043,96
2023,Dee Eskridge,WR,SEA,0,0,0,0,bye,0,0,5,0,0,22,2,0,0,0,0,0,0,18,10
2023,DeeJay Dallas,RB,SEA,22,13,13,7,bye,5,23,0,0,0,11,12,41,2,0,2,0,0,96,14
2023,Deebo Samuel,WR,SF,87,89,82,87,73,15,0,0,bye,56,85,76,83,78,86,96,84,33,708,74
2023,Demarcus Robinson,WR,LAR,4,8,2,9,0,0,0,0,16,bye,10,60,59,86,95,93,92,39,396,44
2023,Deon Jackson,RB,Multi,71,0,0,0,0,0,0,0,2,0,0,0,0,0,0,0,0,0,52,39
2023,Deonte Harty,WR,BUF,22,19,19,26,25,16,27,9,5,7,18,0,bye,4,3,7,4,18,155,14
2023,Derek Carr,QB,NO,95,90,54,86,81,96,96,83,83,49,bye,88,63,96,95,97,91,88,978,84
2023,Derius Davis,WR,LAC,4,16,9,18,bye,3,17,13,14,25,11,6,11,0,6,21,20,23,149,14
2023,Derrick Gore,RB,WAS,0,0,0,8,10,0,0,0,0,0,4,0,0,bye,0,11,0,2,24,7
2023,Derrick Henry,RB,TEN,48,71,38,59,62,53,bye,65,49,43,62,64,40,48,54,48,42,65,558,53
2023,Deshaun Watson,QB,CLE,100,100,93,0,bye,0,16,0,92,99,0,0,0,0,0,0,0,0,383,84
2023,Desmond Ridder,QB,ATL,100,100,100,100,100,100,100,46,0,31,bye,100,100,100,100,0,14,84,850,85
2023,Deuce Vaughn,RB,DAL,14,15,0,31,10,0,bye,0,0,6,0,0,0,0,0,0,12,0,61,15
2023,Deven Thompkins,WR,TB,26,45,21,63,bye,25,26,16,14,23,23,7,21,7,18,19,12,12,251,23
2023,Devin Duvernay,WR,BAL,11,29,25,60,9,21,15,3,21,7,0,3,bye,0,0,0,0,0,136,18
2023,Devin Singletary,RB,HOU,21,36,39,35,29,54,bye,40,75,81,85,82,46,57,75,44,62,88,629,55
2023,Devine Ozigbo,RB,DET,0,0,0,0,0,9,0,2,bye,0,0,0,0,0,0,0,0,0,8,5
2023,Diontae Johnson,WR,PIT,43,0,0,0,0,bye,66,91,88,82,86,73,72,69,86,63,58,48,590,71
2023,Donald Parham,TE,LAC,49,50,52,23,bye,41,40,62,55,44,72,42,62,22,0,0,0,57,460,48
2023,Donovan Peoples-Jones,WR,Multi,89,87,89,90,0,80,61,83,0,0,5,10,21,14,17,6,4,37,511,48
2023,Dontayvion Wicks,WR,GB,62,50,66,58,22,bye,22,34,32,44,33,0,39,63,78,39,0,72,458,47
2023,Dorian Thompson-Robinson,QB,CLE,0,0,7,100,bye,0,0,1,0,0,100,71,0,3,1,11,0,0,214,36
2023,Drake London,WR,ATL,90,82,93,86,86,82,85,54,0,77,bye,84,85,76,85,77,83,75,860,81
2023,Drew Lock,QB,SEA,0,0,0,31,bye,0,0,0,0,0,12,0,0,100,100,0,0,0,145,60
2023,Drew Ogletree,TE,IND,21,0,33,44,61,36,60,54,38,0,bye,0,39,27,57,15,0,0,336,40
2023,Drew Sample,TE,CIN,32,23,44,32,34,35,bye,38,37,36,30,44,58,67,57,55,72,73,497,46
2023,Durham Smythe,TE,MIA,100,97,36,85,81,66,92,66,84,bye,0,77,67,78,70,85,74,75,785,76
2023,Dwayne Washington,RB,DEN,0,0,0,0,0,0,0,1,bye,0,0,0,0,0,0,0,0,0,1,1
2023,Dyami Brown,WR,WAS,27,32,22,32,24,22,16,31,29,18,26,24,20,bye,10,21,4,14,253,23
2023,Dylan Drummond,WR,DET,0,0,0,0,8,0,0,0,bye,0,0,0,0,0,0,0,0,0,5,8
2023,Easop Winston,WR,SEA,0,0,0,0,bye,0,3,0,0,0,0,0,0,0,0,0,0,0,2,3
2023,Easton Stick,QB,LAC,0,0,0,0,bye,0,0,0,0,0,0,0,0,54,100,100,100,100,320,91
2023,Elijah Cooks,WR,JAC,0,0,0,0,0,16,9,10,bye,30,0,0,0,9,23,21,40,13,108,18
2023,Elijah Dotson,RB,LAC,1,13,2,8,bye,0,0,0,0,0,0,0,0,0,0,0,0,0,16,6
2023,Elijah Higgins,TE,ARI,0,0,0,0,0,0,9,16,29,18,15,27,32,bye,34,28,37,39,192,26
2023,Elijah Mitchell,RB,SF,15,0,34,0,0,11,8,12,bye,27,13,26,8,0,0,0,37,52,161,23
2023,Elijah Moore,WR,CLE,69,77,76,83,bye,80,79,82,62,83,71,86,73,70,78,82,53,11,903,73
2023,Emanuel Wilson,RB,GB,0,10,10,0,2,bye,8,0,11,4,8,0,0,0,0,0,0,0,36,8
2023,Emari Demercado,RB,ARI,5,12,18,35,77,43,80,55,0,0,0,20,3,bye,24,38,12,10,292,31
2023,Equanimeous St Brown,WR,CHI,0,0,0,58,38,0,0,0,0,39,43,49,bye,0,0,0,39,50,213,45
2023,Eric Gray,RB,NYG,0,0,0,0,42,1,0,0,0,0,0,4,bye,2,18,0,8,21,65,14
2023,Eric Saubert,TE,Multi,0,0,0,0,0,0,0,0,17,32,0,18,28,30,0,4,30,23,117,22
2023,Erik Ezukanma,WR,MIA,28,16,0,0,0,0,0,0,0,bye,0,0,0,0,0,0,0,0,29,22
2023,Ethan Fernea,WR,IND,0,0,0,0,0,0,0,0,0,0,bye,0,0,0,0,3,0,0,2,3
2023,Evan Engram,TE,JAC,73,75,71,73,85,75,82,79,bye,86,63,70,84,89,84,91,68,89,917,79
2023,Evan Hull,RB,IND,11,0,0,0,0,0,0,0,0,0,bye,0,0,0,0,0,0,0,8,11
2023,Ezekiel Elliott,RB,NE,35,30,38,40,46,38,35,42,39,33,bye,22,69,91,87,83,81,93,539,51
2023,Foster Moreau,TE,NO,49,47,0,0,67,48,50,70,49,31,bye,43,60,63,73,40,54,60,549,53
2023,Gabe Davis,WR,BUF,94,74,76,72,90,89,96,99,93,98,88,96,bye,82,72,85,91,23,966,83
2023,Gardner Minshew,QB,IND,4,68,100,0,67,100,100,100,100,100,bye,100,100,95,100,100,100,100,972,90
2023,Garrett Wilson,WR,NYJ,93,91,97,93,83,88,bye,89,98,94,95,95,100,91,95,96,99,58,1008,92
2023,Gary Brightwell,RB,NYG,16,3,18,25,0,0,0,0,0,0,0,0,bye,0,0,0,0,0,41,16
2023,Geno Smith,QB,SEA,100,100,100,69,bye,100,100,100,100,100,88,100,100,0,0,100,100,100,906,97
2023,Geoff Swaim,TE,ARI,29,43,52,28,39,20,38,35,48,49,39,28,50,bye,20,0,0,0,337,36
2023,George Kittle,TE,SF,69,96,83,96,79,98,96,93,bye,73,97,100,93,93,86,89,91,0,895,89
2023,George Pickens,WR,PIT,89,85,89,98,88,bye,90,93,89,95,91,75,80,86,93,78,78,81,929,87
2023,Gerald Everett,TE,LAC,68,41,58,69,bye,74,48,0,55,33,0,64,64,68,63,70,69,5,572,56
2023,Giovanni Ricci,TE,CAR,10,2,0,4,0,0,bye,0,0,0,0,0,0,0,0,0,0,0,12,6
2023,Godwin Igwebuike,RB,Multi,2,1,0,0,0,0,0,0,0,0,0,0,0,0,0,0,0,0,2,1
2023,Grant Calcaterra,TE,PHI,6,13,15,1,8,7,21,0,0,bye,21,0,18,5,0,19,10,28,118,13
2023,Greg Dortch,WR,ARI,0,0,0,1,2,21,6,0,42,2,75,76,69,bye,65,79,82,67,397,46
2023,Greg Dulcich,TE,DEN,33,0,0,0,0,21,0,0,bye,0,0,0,0,0,0,0,0,0,32,28
2023,Gunner Olszewski,WR,Multi,0,2,0,0,6,0,0,0,0,0,0,0,0,0,3,5,3,1,13,3
2023,Gus Edwards,RB,BAL,23,43,44,69,43,62,50,52,18,52,38,27,bye,28,40,43,54,33,470,42
2023,Harrison Bryant,TE,CLE,36,30,35,17,bye,36,23,31,33,31,32,19,44,36,28,27,47,66,406,33
2023,Hayden Hurst,TE,CAR,53,55,61,51,59,55,bye,33,34,55,0,0,0,0,0,0,0,0,318,51
2023,Henry Pearson,RB,GB,0,0,0,0,0,bye,0,0,0,0,0,4,14,0,0,0,0,0,11,9
2023,Hunter Henry,TE,NE,79,92,86,80,78,62,50,58,88,72,bye,68,73,88,72,0,0,0,664,75
2023,Hunter Kampmoyer,TE,LAC,0,0,0,0,bye,0,0,0,0,0,0,2,0,0,0,0,0,0,1,2
2023,Hunter Long,TE,LAR,0,0,0,0,0,0,0,0,0,bye,0,22,33,25,0,0,0,0,55,26
2023,Hunter Luepke,RB,DAL,7,21,10,20,12,12,bye,9,7,6,11,7,12,10,7,17,12,35,153,13
2023,Hunter Renfrow,WR,LV,22,65,51,45,30,10,37,61,22,42,44,48,bye,48,42,20,16,8,363,35
2023,Ian Thomas,TE,CAR,19,32,16,35,21,0,bye,0,0,0,27,34,67,4,0,18,11,37,216,26
2023,Ihmir Smith-Marsette,WR,CAR,3,0,4,7,0,9,bye,0,0,2,2,9,17,32,27,32,22,17,123,14
2023,Irv Smith,TE,CIN,54,77,0,0,61,61,bye,59,36,33,39,37,32,13,24,0,0,0,330,44
2023,Irvin Charles,WR,NYJ,0,0,0,0,3,8,bye,0,5,6,0,3,0,3,3,0,8,25,43,7
2023,Isaiah Hodgins,WR,NYG,60,75,66,37,39,23,29,64,49,60,44,35,bye,36,29,43,24,79,511,46
2023,Isaiah Likely,TE,BAL,72,33,26,26,11,24,35,11,25,7,76,73,bye,79,74,74,63,33,497,44
2023,Isaiah McKenzie,WR,IND,1,4,11,11,11,5,13,7,44,46,bye,8,8,12,0,0,0,0,117,13
2023,Isaiah Spiller,RB,LAC,0,6,24,23,bye,4,0,12,0,0,0,0,0,18,37,24,18,0,111,18
2023,Isiah Pacheco,RB,KC,48,51,42,60,59,63,53,54,68,bye,61,78,70,0,0,57,93,0,568,60
2023,Israel Abanikanda,RB,NYJ,0,0,0,0,0,0,bye,0,0,0,18,0,0,7,38,18,26,8,77,19
2023,JK Dobbins,RB,BAL,47,0,0,0,0,0,0,0,0,0,0,0,bye,0,0,0,0,0,30,47
2023,JP Holtz,TE,NO,0,0,0,0,0,1,0,0,0,0,bye,0,0,0,0,0,0,0,1,1
2023,Ja'Marr Chase,WR,CIN,96,98,96,94,93,91,bye,89,90,84,98,88,96,87,71,0,73,48,890,87
2023,JaMycal Hasty,RB,Multi,0,0,0,8,1,0,0,0,0,0,0,0,0,0,0,0,0,0,6,4
2023,Jack Stoll,TE,PHI,20,35,51,8,28,31,33,37,44,bye,55,55,36,20,32,52,61,58,438,38
2023,Jacob Harris,TE,JAC,0,0,10,11,0,0,0,0,bye,0,0,0,0,0,0,0,0,0,14,10
2023,Jacoby Brissett,QB,WAS,0,0,0,0,0,0,0,0,0,0,0,0,5,bye,27,44,0,0,46,26
2023,Jahan Dotson,WR,WAS,87,85,94,72,80,80,84,85,76,95,79,85,82,bye,77,74,85,84,910,82
2023,Jahmyr Gibbs,RB,DET,27,48,60,37,0,0,87,70,bye,58,56,71,45,63,48,58,62,51,596,57
2023,Jake Bobo,WR,SEA,24,25,41,38,bye,31,75,31,18,27,40,21,12,17,23,26,10,25,304,29
2023,Jake Browning,QB,CIN,7,0,0,0,0,0,bye,0,0,0,56,100,100,92,100,100,100,81,469,83
2023,Jake Ferguson,TE,DAL,72,60,69,56,69,86,bye,80,89,67,72,72,74,73,86,83,89,72,880,74
2023,Jake Funk,RB,IND,18,0,0,0,0,0,0,0,0,0,bye,0,0,0,0,0,0,0,13,18
2023,Jakob Johnson,RB,LV,46,20,10,34,16,24,25,11,0,0,0,0,bye,15,23,35,20,21,186,23
2023,Jakobi Meyers,WR,LV,80,0,86,96,95,91,94,98,82,91,82,91,bye,98,88,82,95,88,903,90
2023,Jaleel McLaughlin,RB,DEN,8,5,21,33,33,40,17,11,bye,15,15,3,15,19,12,25,28,15,193,18
2023,Jalen Brooks,WR,DAL,0,17,0,0,0,8,bye,0,0,31,22,11,0,0,0,0,3,13,77,16
2023,Jalen Guyton,WR,LAC,0,0,0,0,bye,0,0,0,57,79,0,80,62,32,49,24,5,0,255,49
2023,Jalen Hurts,QB,PHI,100,100,100,100,100,100,100,100,100,bye,100,100,93,96,100,100,100,43,1103,96
2023,Jalen Nailor,WR,MIN,0,2,0,0,0,0,0,0,0,92,4,11,bye,24,0,0,0,0,94,28
2023,Jalen Reagor,WR,NE,0,0,0,0,0,23,42,58,77,1,bye,0,9,35,55,86,68,82,308,48
2023,Jalen Tolbert,WR,DAL,28,68,17,34,45,23,bye,45,41,62,42,37,36,45,49,36,38,32,477,40
2023,Jalin Hyatt,WR,NYG,36,21,32,60,46,73,71,33,59,30,53,60,bye,64,71,56,77,13,557,50
2023,Jamaal Williams,RB,NO,75,23,0,0,0,0,22,23,43,22,bye,28,33,44,47,22,57,49,324,37
2023,Jamal Agnew,WR,JAC,4,37,55,0,12,31,52,28,bye,5,0,0,0,0,16,47,14,0,201,27
2023,Jameis Winston,QB,NO,0,0,38,2,10,0,0,0,0,49,bye,0,13,4,0,0,0,1,76,17
2023,James Conner,RB,ARI,84,72,64,62,21,0,0,0,0,63,69,42,76,bye,49,59,66,74,533,62
2023,James Cook,RB,BUF,59,59,62,40,62,49,52,67,55,46,46,43,bye,44,56,75,55,62,634,54
2023,James Mitchell,TE,DET,9,3,3,13,0,0,0,7,bye,11,10,5,5,17,9,37,28,81,157,16
2023,James Proche,WR,CLE,0,0,0,0,bye,0,0,0,8,4,0,0,0,0,0,0,0,94,59,29
2023,James Robinson,RB,GB,0,0,0,0,0,bye,0,0,0,0,0,0,6,0,0,0,0,0,4,6
2023,Jameson Williams,WR,DET,0,0,0,0,47,23,44,40,bye,52,65,63,57,58,68,58,64,0,444,53
2023,Jamison Crowder,WR,WAS,0,0,2,0,11,0,0,32,47,10,30,14,9,bye,5,8,26,8,139,18
2023,Jared Goff,QB,DET,100,100,100,100,95,100,100,100,bye,100,100,100,100,100,100,100,100,100,1175,100
2023,Jaren Hall,QB,MIN,0,0,0,0,0,0,0,15,15,0,0,0,bye,0,0,0,45,0,46,23
2023,Jarrett Stidham,QB,DEN,0,0,0,0,0,0,0,0,bye,0,0,0,0,0,6,0,100,100,134,69
2023,Jashaun Corbin,RB,NYG,0,0,0,0,0,0,0,0,0,26,0,0,bye,0,0,0,0,0,15,26
2023,Jason Brownlee,WR,NYJ,0,0,0,0,0,0,bye,3,0,0,33,98,50,0,0,82,97,83,311,65
2023,Jauan Jennings,WR,SF,32,47,37,0,38,53,74,85,bye,29,33,36,49,33,41,0,0,0,361,45
2023,Javonte Williams,RB,DEN,45,45,42,17,0,35,53,63,bye,52,49,70,65,60,48,39,45,41,493,49
2023,Jaxon Smith-Njigba,WR,SEA,59,56,44,53,bye,72,63,66,82,62,68,75,67,71,69,63,67,65,675,64
2023,Jayden Reed,WR,GB,53,56,66,67,50,bye,48,78,39,51,69,73,47,69,42,0,31,60,578,56
2023,Jaylen Waddle,WR,MIA,64,73,0,75,81,69,45,75,54,bye,83,66,61,82,67,43,0,0,611,68
2023,Jaylen Warren,RB,PIT,40,43,45,49,48,bye,46,49,40,51,45,48,43,53,69,58,54,44,519,48
2023,Jeff Driskel,QB,CLE,0,0,0,0,bye,0,0,0,0,0,0,0,0,0,0,0,0,100,53,100
2023,Jeff Wilson,RB,MIA,0,0,0,0,0,0,14,25,17,bye,0,33,8,1,13,23,49,48,148,23
2023,Jeremy Ruckert,TE,NYJ,33,11,2,42,29,35,bye,42,28,23,42,45,41,49,38,23,0,0,310,32
2023,Jerick McKinnon,RB,KC,31,33,29,31,27,27,37,41,25,bye,30,0,0,45,34,0,0,0,264,32
2023,Jerome Ford,RB,CLE,41,49,56,62,bye,50,43,33,64,64,49,70,51,57,51,43,40,36,629,51
2023,Jerry Jeudy,WR,DEN,0,68,76,63,86,65,68,59,bye,65,71,61,70,57,62,72,48,62,662,66
2023,Jesper Horsted,TE,LV,0,0,0,0,0,0,8,0,2,0,3,0,bye,0,0,0,0,0,8,4
2023,Jimmy Garoppolo,QB,LV,97,100,100,0,100,61,0,100,0,0,0,0,bye,0,0,0,0,5,325,78
2023,Jimmy Graham,TE,NO,14,13,28,65,38,17,20,0,0,0,bye,0,3,15,16,3,7,10,171,19
2023,Joe Burrow,QB,CIN,93,100,100,100,100,100,bye,100,100,100,44,0,0,0,0,0,0,0,602,94
2023,Joe Flacco,QB,CLE,0,0,0,0,bye,0,0,0,0,0,0,0,100,97,99,89,100,0,346,97
2023,Joe Mixon,RB,CIN,63,78,75,79,77,70,bye,75,73,73,64,65,71,63,70,59,61,55,752,69
2023,John Bates,TE,WAS,37,52,57,35,20,39,59,47,47,41,58,38,45,bye,40,43,54,61,500,45
2023,John FitzPatrick,TE,ATL,0,1,0,2,1,0,0,0,0,7,bye,0,0,0,0,0,0,16,18,5
2023,John Metchie,WR,HOU,0,17,27,23,43,25,bye,12,15,25,22,32,35,50,10,24,61,68,310,29
2023,Johnny Johnson,WR,HOU,0,0,0,0,0,0,bye,0,0,0,0,0,0,0,0,0,0,7,4,7
2023,Johnny Mundt,TE,MIN,8,2,9,17,14,12,11,6,8,22,18,13,bye,7,10,42,77,75,223,20
2023,Jonathan Mingo,WR,CAR,87,98,33,0,86,93,bye,99,99,98,95,92,96,89,91,92,98,0,910,89
2023,Jonathan Taylor,RB,IND,0,0,0,0,15,42,50,61,74,88,bye,58,0,0,0,59,62,77,386,58
2023,Jonathan Ward,RB,TEN,0,0,0,0,0,0,bye,4,0,0,0,0,0,1,0,0,5,5,10,4
2023,Jonathan Williams,RB,WAS,0,0,0,0,0,0,0,0,0,0,0,0,0,bye,22,0,0,0,13,22
2023,Jonnu Smith,TE,ATL,50,67,72,55,64,54,55,71,57,44,bye,35,40,69,33,69,78,62,653,58
2023,Jordan Addison,WR,MIN,56,69,71,58,75,86,74,94,97,97,95,96,bye,96,91,38,92,93,921,82
2023,Jordan Akins,TE,CLE,31,10,18,22,bye,9,7,12,26,6,20,14,17,22,16,18,20,64,231,19
2023,Jordan Love,QB,GB,92,100,100,100,100,bye,100,100,100,100,100,100,100,100,100,100,89,100,1083,99
2023,Jordan Mason,RB,SF,0,0,5,15,18,24,0,0,bye,5,3,0,5,11,23,0,7,44,99,14
2023,Jordan Mims,RB,NO,0,0,0,0,0,0,0,0,0,0,bye,0,0,0,0,0,0,4,3,4
2023,Josh Allen,QB,BUF,100,95,84,86,100,97,100,100,100,100,95,100,bye,100,90,100,97,100,1126,97
2023,Josh Downs,WR,IND,79,75,80,73,71,78,71,80,20,25,bye,68,68,78,58,93,62,68,788,69
2023,Josh Jacobs,RB,LV,80,73,82,70,84,81,66,76,78,83,77,76,bye,63,0,0,0,0,600,76
2023,Josh Oliver,TE,MIN,47,34,33,46,35,39,43,46,32,44,46,38,bye,39,51,36,45,53,466,42
2023,Josh Pederson,TE,JAC,0,0,0,0,0,0,0,0,bye,0,0,0,0,9,2,0,0,0,8,6
2023,Josh Reynolds,WR,DET,70,80,77,73,47,81,73,83,bye,70,73,64,76,55,58,59,72,88,832,71
2023,Josh Whyle,TE,TEN,3,22,13,29,37,4,bye,0,7,43,42,38,26,0,0,0,0,0,156,23
2023,Joshua Dobbs,QB,Multi,100,100,100,100,100,100,100,100,85,100,100,100,0,74,0,0,0,0,854,97
2023,Joshua Kelley,RB,LAC,48,79,73,60,bye,27,37,22,34,31,29,20,43,10,23,11,9,22,392,34
2023,Joshua Palmer,WR,LAC,64,54,61,86,bye,97,98,68,0,0,0,0,0,0,72,93,0,58,525,75
2023,Josiah Deguara,TE,GB,32,38,22,63,26,bye,27,7,18,7,1,0,0,10,15,23,15,12,196,20
2023,JuJu Smith-Schuster,WR,NE,54,59,74,47,50,0,0,34,36,99,bye,65,92,98,0,0,0,0,461,65
2023,Julian Hill,TE,MIA,0,0,78,15,26,46,29,44,11,bye,67,30,33,21,36,17,33,33,343,35
2023,Julio Jones,WR,PHI,0,0,0,0,0,0,22,24,31,bye,57,71,14,24,32,27,41,26,231,33
2023,Julius Chestnut,RB,TEN,10,2,0,0,0,0,bye,0,0,0,0,0,0,0,0,0,0,0,7,5
2023,Justice Hill,RB,BAL,30,57,0,12,56,38,50,48,63,26,26,28,bye,42,26,62,35,54,436,41
2023,Justin Fields,QB,CHI,100,100,100,100,100,53,0,0,0,0,100,100,bye,100,100,100,100,98,829,96
2023,Justin Herbert,QB,LAC,100,100,100,100,bye,100,100,100,100,100,100,100,100,46,0,0,0,0,838,96
2023,Justin Jefferson,WR,MIN,98,100,95,98,71,0,0,0,0,0,0,0,bye,18,96,98,100,93,550,85
2023,Justin Watson,WR,KC,29,46,40,61,44,39,0,36,63,bye,63,57,60,55,68,64,44,31,536,50
2023,Justyn Ross,WR,KC,9,13,38,6,9,14,25,0,0,bye,0,0,0,0,0,13,13,66,136,20
2023,Juwan Johnson,TE,NO,75,81,70,0,0,0,0,61,75,76,bye,74,57,40,44,72,71,46,555,65
2023,Juwann Winfree,WR,IND,7,0,0,0,0,0,0,13,10,2,bye,0,0,0,0,0,0,0,21,8
2023,KJ Osborn,WR,MIN,91,97,93,83,89,93,93,86,27,0,96,85,bye,71,54,85,62,56,821,78
2023,KaVontae Turpin,WR,DAL,19,18,2,30,4,3,bye,17,17,0,17,9,15,13,2,14,2,14,140,13
2023,Kadarius Toney,WR,KC,25,28,3,24,38,42,19,20,12,bye,28,0,18,44,40,0,0,0,230,26
2023,Kalif Raymond,WR,DET,27,42,36,23,48,21,36,24,bye,26,21,29,22,35,30,33,28,21,348,30
2023,Kareem Hunt,RB,CLE,0,0,20,22,bye,37,25,35,29,36,44,26,35,37,32,38,37,13,339,31
2023,Kayshon Boutte,WR,NE,69,0,0,0,0,0,0,0,0,38,bye,16,0,0,0,9,0,33,116,35
2023,Ke'Shawn Vaughn,RB,TB,0,0,0,30,bye,21,25,6,8,0,0,0,0,0,0,0,0,0,60,18
2023,Keaontay Ingram,RB,ARI,11,15,15,0,0,37,0,38,42,22,0,0,0,bye,0,0,0,0,119,26
2023,Keaton Mitchell,RB,BAL,0,0,0,0,0,0,3,0,18,24,36,46,bye,33,36,0,0,0,135,29
2023,Keelan Doss,WR,LAC,0,0,0,8,bye,16,5,0,0,0,0,0,0,0,0,0,75,35,98,28
2023,Keenan Allen,WR,LAC,91,94,89,75,bye,96,94,80,86,75,94,98,89,96,0,0,0,0,779,89
2023,Keith Kirkwood,WR,NO,34,22,28,29,24,18,16,0,0,0,bye,35,25,44,40,15,23,0,236,26
2023,Keith Smith,RB,ATL,19,21,15,29,29,19,32,6,0,30,bye,18,22,15,19,0,0,0,185,21
2023,Kendre Miller,RB,NO,0,0,34,8,36,22,3,14,10,0,bye,0,0,0,0,0,0,36,112,20
2023,Kendrick Bourne,WR,NE,91,51,56,53,87,93,93,60,0,0,bye,0,0,0,0,0,0,0,371,73
2023,Kene Nwangwu,RB,MIN,0,0,0,0,0,0,0,0,0,4,0,0,bye,4,10,0,0,0,13,6
2023,Kenneth Gainwell,RB,PHI,62,0,46,38,38,41,32,30,37,bye,30,35,54,45,41,40,53,38,442,41
2023,Kenneth Walker,RB,SEA,63,61,51,71,bye,76,80,41,49,48,11,0,0,56,56,58,43,49,502,54
2023,Kenny Pickett,QB,PIT,100,100,100,83,100,bye,100,42,100,100,100,100,49,0,0,0,0,0,670,89
2023,Kenny Yeboah,TE,NYJ,0,0,0,0,0,0,bye,0,0,0,0,0,0,34,16,26,34,66,123,35
2023,Kenyan Drake,RB,Multi,0,0,15,0,1,0,0,0,0,0,0,0,0,0,8,0,0,0,17,8
2023,Kevin Harris,RB,NE,0,0,0,0,0,0,0,0,0,0,bye,0,0,0,13,17,21,11,34,15
2023,Kevin Rader,TE,TEN,0,0,0,14,8,24,bye,24,8,6,8,9,11,14,16,41,22,31,146,17
2023,KhaDarel Hodge,WR,ATL,13,13,19,24,48,35,18,43,67,39,bye,44,31,32,37,31,29,28,370,33
2023,Khalil Herbert,RB,CHI,36,60,55,78,66,0,0,0,0,0,43,21,bye,17,23,51,50,48,357,45
2023,Khalil Shakir,WR,BUF,10,15,24,28,32,39,34,65,71,76,74,80,bye,61,49,58,80,77,604,52
2023,Khari Blasingame,RB,CHI,9,9,10,21,41,12,17,21,10,0,21,9,bye,20,12,26,23,15,186,17
2023,Kirk Cousins,QB,MIN,100,100,100,100,100,100,100,85,0,0,0,0,bye,0,0,0,0,0,512,98
2023,Kirk Merritt,WR,NO,3,0,0,0,0,0,0,0,0,0,bye,0,0,0,0,0,0,0,2,3
2023,Ko Kieft,TE,TB,47,25,21,21,bye,25,16,9,15,11,13,13,16,4,21,23,0,35,207,20
2023,Kristian Wilkerson,WR,LV,22,73,0,0,0,0,0,0,0,0,0,0,bye,0,0,0,0,0,42,42
2023,Kwamie Lassiter,WR,CIN,0,0,0,0,6,0,bye,0,0,0,0,0,0,0,0,0,0,0,5,6
2023,Kyle Allen,QB,BUF,0,5,16,14,0,3,0,0,0,0,5,0,bye,0,10,0,3,0,38,8
2023,Kyle Juszczyk,RB,SF,62,42,51,65,39,55,42,37,bye,61,42,42,37,43,50,40,56,23,495,46
2023,Kyle Philips,WR,TEN,0,0,0,0,22,49,bye,26,30,35,28,23,0,4,0,0,0,7,132,24
2023,Kyle Pitts,TE,ATL,62,70,78,64,53,55,52,60,57,70,bye,50,66,85,65,72,73,64,728,64
2023,Kyle Trask,QB,TB,0,0,0,0,bye,0,0,0,0,2,0,3,0,0,0,0,0,0,3,2
2023,Kylen Granson,TE,IND,61,65,52,55,39,58,0,0,49,56,bye,42,34,38,30,39,62,62,496,49
2023,Kyler Murray,QB,ARI,0,0,0,0,0,0,0,0,0,97,100,99,100,bye,97,100,99,97,538,99
2023,Kyren Williams,RB,LAR,65,95,100,72,84,82,0,0,0,bye,0,61,94,90,77,79,94,0,678,82
2023,La'Mical Perine,RB,KC,0,0,0,0,0,0,0,0,7,bye,0,2,0,0,0,4,7,81,59,19
2023,Lamar Jackson,QB,BAL,100,100,100,95,100,100,95,100,75,100,100,100,bye,100,100,100,93,0,1040,97
2023,Laquon Treadwell,WR,BAL,0,0,0,29,0,0,0,0,0,0,0,0,bye,0,0,0,9,75,65,38
2023,Latavius Murray,RB,BUF,23,23,25,33,18,49,45,33,45,52,32,44,bye,32,21,13,28,0,351,32
2023,Laviska Shenault,WR,CAR,32,17,14,18,24,16,bye,0,0,0,5,3,0,0,0,0,0,0,92,16
2023,Lawrence Cager,WR,NYG,29,0,0,7,0,6,0,0,41,23,13,25,bye,16,5,0,0,0,101,18
2023,Leonard Fournette,RB,BUF,0,0,0,0,0,0,0,0,0,0,0,0,bye,0,0,18,0,21,26,20
2023,Leroy Watson IV,TE,CLE,0,0,0,0,bye,0,0,0,0,3,0,0,0,7,4,0,0,85,55,20
2023,Lil'Jordan Humphrey,WR,DEN,70,32,21,21,13,29,34,31,bye,19,35,30,42,57,58,58,65,59,428,40
2023,Logan Thomas,TE,WAS,82,40,0,79,79,78,68,74,73,74,70,64,62,bye,80,70,61,53,732,70
2023,Logan Woodside,QB,ATL,0,0,0,0,0,0,0,0,0,0,bye,0,0,0,0,0,0,16,10,16
2023,Lucas Krull,TE,DEN,0,0,0,0,0,0,0,0,bye,27,0,0,37,25,45,32,33,54,166,36
2023,Lucky Jackson,WR,MIN,0,0,0,0,0,0,0,0,0,0,0,0,bye,0,0,2,2,1,3,2
2023,Luke Farrell,TE,JAC,47,28,34,39,38,45,36,46,bye,16,39,42,41,30,34,8,49,23,411,35
2023,Luke Musgrave,TE,GB,75,88,86,25,69,bye,67,72,83,74,64,0,0,0,0,0,0,15,468,66
2023,Luke Schoonmaker,TE,DAL,28,36,23,56,41,27,bye,38,16,36,35,41,28,23,21,20,26,39,368,31
2023,Lynn Bowden,WR,NO,0,0,8,17,12,11,14,36,22,28,bye,64,72,77,60,22,26,30,326,32
2023,Mac Jones,QB,NE,100,100,100,73,72,95,100,100,100,88,bye,51,0,0,0,0,0,0,635,90
2023,Mack Hollins,WR,ATL,63,71,72,79,39,34,35,21,20,0,bye,0,0,8,0,23,29,21,345,39
2023,Malik Cunningham,QB,Multi,0,0,0,0,0,10,0,0,0,0,0,0,0,0,0,0,0,7,10,9
2023,Malik Heath,WR,GB,48,20,14,0,0,bye,0,0,10,4,21,20,17,34,33,77,62,38,260,31
2023,Malik Taylor,WR,NYJ,0,0,0,0,0,0,bye,36,22,15,0,0,0,0,0,0,0,0,51,24
2023,Malik Willis,QB,TEN,0,0,4,0,0,33,bye,3,0,0,0,0,0,0,0,0,0,0,22,13
2023,Marcedes Lewis,TE,CHI,7,15,18,29,34,24,32,26,21,28,40,34,bye,25,34,50,39,33,332,29
2023,Marcus Mariota,QB,PHI,0,0,0,0,0,0,0,0,0,bye,0,0,7,4,0,0,0,57,44,23
2023,Mark Andrews,TE,BAL,0,79,82,69,94,85,73,75,58,72,11,0,bye,0,0,0,0,0,467,70
2023,Marquez Callaway,WR,NO,0,0,0,0,0,0,0,0,0,0,bye,0,16,8,21,0,0,0,28,15
2023,Marquez Valdes-Scantling,WR,KC,63,82,53,54,65,56,69,57,55,bye,47,53,49,33,34,80,70,0,618,58
2023,Marquise Brown,WR,ARI,84,94,95,94,91,89,92,95,90,100,95,87,53,bye,32,0,0,0,784,85
2023,Marquise Goodwin,WR,CLE,14,17,7,6,bye,20,24,12,11,0,0,0,0,12,10,13,18,0,122,14
2023,Marvin Jones,WR,DET,56,52,41,28,58,29,0,0,bye,0,0,0,0,0,0,0,0,0,178,43
2023,Marvin Mims,WR,DEN,27,24,24,35,32,23,31,39,bye,69,56,48,30,37,42,43,0,43,384,38
2023,Mason Kinsey,WR,TEN,0,0,4,2,0,0,bye,0,0,0,0,0,0,0,3,5,9,22,25,7
2023,Mason Rudolph,QB,PIT,0,0,0,0,0,bye,0,0,0,0,0,0,0,0,10,100,100,100,199,79
2023,Matt Barkley,QB,JAC,0,0,0,0,0,0,0,0,bye,0,0,0,0,0,0,0,10,0,6,10
2023,Matt Breida,RB,NYG,23,3,82,73,58,23,16,11,29,23,11,19,bye,18,39,8,5,7,288,26
2023,Matt Bushman,TE,KC,11,0,0,0,0,0,0,0,0,bye,0,0,0,0,0,0,0,0,7,11
2023,Matt Sokol,TE,NE,0,0,0,0,0,0,0,0,0,0,bye,0,0,0,0,17,2,5,14,8
2023,Matthew Stafford,QB,LAR,100,100,100,100,100,100,100,68,0,bye,100,96,100,100,100,100,100,0,1000,98
2023,Mecole Hardman,WR,Multi,0,30,3,10,0,9,16,36,22,0,20,0,0,0,0,0,9,100,153,25
2023,Melvin Gordon,RB,BAL,0,0,40,19,0,0,0,0,0,0,0,0,bye,0,0,0,14,14,56,23
2023,Michael Bandy,WR,DEN,0,0,0,0,0,0,0,0,bye,0,0,0,0,0,0,0,3,0,2,3
2023,Michael Burton,RB,DEN,9,20,11,23,10,23,20,20,bye,16,16,24,13,21,14,23,20,16,189,18
2023,Michael Carter,RB,Multi,22,32,24,31,31,20,0,23,31,14,0,38,19,0,24,3,17,13,224,23
2023,Michael Gallup,WR,DAL,67,72,69,53,82,70,bye,51,48,47,35,33,46,49,51,50,31,28,612,52
2023,Michael Mayer,TE,LV,49,40,47,51,66,81,71,91,88,88,80,84,bye,94,64,0,0,0,602,71
2023,Michael Pittman,WR,IND,97,98,100,95,100,100,97,99,89,95,bye,96,96,86,31,0,89,100,991,92
2023,Michael Thomas,WR,NO,80,78,75,80,71,83,83,67,63,3,bye,0,0,0,0,0,0,0,490,69
2023,Michael Wilson,WR,ARI,90,43,67,70,75,88,83,88,0,89,0,0,0,bye,88,90,86,83,709,80
2023,Mike Boone,RB,HOU,32,0,7,6,12,16,bye,17,26,19,13,0,0,0,0,0,0,0,102,17
2023,Mike Evans,WR,TB,84,61,81,37,bye,80,78,85,83,72,79,92,82,93,85,77,82,86,863,78
2023,Mike Gesicki,TE,NE,41,72,47,60,30,60,50,28,86,67,bye,26,9,33,40,66,68,72,530,50
2023,Mike Strachan,WR,CAR,0,0,0,0,0,0,bye,0,0,22,14,0,43,2,0,0,0,0,54,20
2023,Mike White,QB,MIA,0,0,21,0,0,16,0,0,0,bye,0,1,21,0,13,0,7,0,53,13
2023,Mike Williams,WR,LAC,77,90,67,0,bye,0,0,0,0,0,0,0,0,0,0,0,0,0,167,78
2023,Miles Boykin,WR,PIT,8,7,13,10,18,bye,0,7,9,14,10,11,20,11,7,29,8,8,121,12
2023,Miles Sanders,RB,CAR,57,62,65,43,46,0,bye,18,25,38,46,36,32,21,27,36,26,13,406,38
2023,Mitchell Tinsley,WR,WAS,0,4,0,0,0,0,0,0,0,0,0,0,0,bye,0,0,0,0,3,4
2023,Mitchell Trubisky,QB,PIT,0,0,0,17,0,bye,0,58,0,0,0,0,51,100,90,0,0,0,202,64
2023,Mitchell Wilcox,TE,CIN,13,3,42,36,26,11,bye,14,14,8,7,28,16,37,24,23,26,28,230,21
2023,Mo Alie-Cox,TE,IND,42,40,30,27,18,10,46,32,51,60,bye,47,34,28,52,27,61,53,434,38
2023,Montrell Washington,WR,KC,0,0,0,0,0,0,0,0,0,bye,0,3,0,0,0,0,0,0,2,3
2023,MyCole Pruitt,TE,ATL,48,46,27,33,45,39,38,28,42,42,bye,26,29,29,44,38,24,23,402,36
2023,N'Keal Harry,WR,MIN,0,0,0,0,1,2,6,6,8,5,3,2,bye,0,0,0,0,0,23,4
2023,Najee Harris,RB,PIT,52,57,50,49,56,bye,58,52,58,51,57,54,59,57,34,44,53,60,569,53
2023,Nate Adkins,TE,DEN,0,8,10,13,11,0,10,6,bye,0,15,10,0,0,0,0,4,13,60,10
2023,Nathan Peterman,QB,CHI,0,0,0,0,0,0,4,0,0,0,0,0,bye,0,0,0,0,2,4,3
2023,Nelson Agholor,WR,BAL,38,33,72,74,59,52,37,42,55,43,39,41,bye,60,40,54,46,100,582,52
2023,Nick Bawden,RB,NYJ,15,4,8,7,26,9,bye,8,4,8,4,10,13,32,17,0,11,23,127,13
2023,Nick Chubb,RB,CLE,49,21,0,0,bye,0,0,0,0,0,0,0,0,0,0,0,0,0,54,34
2023,Nick Mullens,QB,MIN,0,0,0,0,0,0,0,0,0,0,0,0,bye,26,100,100,55,100,244,76
2023,Nick Muse,TE,MIN,0,0,0,0,0,0,0,0,0,0,0,0,bye,0,0,0,0,3,2,3
2023,Nick Vannett,TE,LAC,0,0,0,0,bye,0,0,0,21,15,17,0,0,22,35,23,17,31,125,23
2023,Nick Westbrook-Ikhine,WR,TEN,81,68,81,83,70,71,bye,50,58,62,55,75,82,89,48,0,0,0,611,70
2023,Nico Collins,WR,HOU,71,62,66,76,88,73,bye,72,79,0,76,77,81,5,0,47,62,84,669,68
2023,Noah Brown,WR,HOU,68,0,0,0,0,56,bye,72,72,75,0,0,81,66,86,81,11,0,463,68
2023,Noah Fant,TE,SEA,49,47,63,45,bye,42,60,59,53,59,62,59,64,61,62,76,45,15,574,55
2023,Noah Gray,TE,KC,88,61,61,49,65,55,51,48,52,bye,41,50,36,39,51,42,59,47,592,52
2023,Noah Togiai,TE,PHI,0,0,0,0,0,0,0,0,0,bye,0,11,0,0,0,0,0,0,7,11
2023,Odell Beckham,WR,BAL,92,52,0,0,53,41,57,57,46,33,35,32,bye,53,54,54,32,0,465,50
2023,Olamide Zaccheaus,WR,PHI,11,45,55,86,11,81,57,48,42,bye,39,27,33,27,7,24,12,82,471,41
2023,PJ Walker,QB,CLE,0,0,0,0,bye,99,84,99,8,1,0,29,0,0,0,0,0,0,243,54
2023,Parker Hesse,TE,ATL,13,0,0,0,0,0,0,0,0,0,bye,37,26,0,0,0,0,0,48,26
2023,Parker Washington,WR,JAC,0,0,0,2,0,0,0,0,bye,0,14,1,59,62,45,58,40,68,239,39
2023,Parris Campbell,WR,NYG,67,66,42,31,22,0,6,4,22,30,20,12,bye,0,0,0,0,0,207,29
2023,Pat Freiermuth,TE,PIT,51,76,79,51,0,bye,0,0,0,0,53,59,59,69,76,63,64,61,474,63
2023,Patrick Mahomes,QB,KC,100,100,73,100,100,100,100,100,100,bye,100,100,100,100,100,100,100,0,1051,98
2023,Patrick Ricard,RB,BAL,44,33,26,40,37,32,40,54,30,59,36,44,bye,32,53,41,53,21,443,39
2023,Patrick Taylor,RB,GB,12,22,39,0,36,bye,0,0,0,0,0,48,31,47,43,30,27,18,226,33
2023,Payne Durham,TE,TB,0,0,0,0,bye,11,21,12,15,17,17,20,18,6,21,15,11,14,128,15
2023,Peyton Hendershot,TE,DAL,48,36,46,0,0,0,bye,0,0,0,0,0,0,18,12,24,28,10,159,28
2023,Pharaoh Brown,TE,NE,8,11,35,40,20,32,38,40,11,48,bye,54,50,49,58,47,68,58,399,38
2023,Phillip Dorsett,WR,DEN,9,0,0,0,0,0,0,0,bye,0,0,0,0,0,0,0,41,0,34,26
2023,Pierre Strong,RB,CLE,0,15,11,13,bye,1,31,31,7,0,4,3,14,7,17,16,23,51,169,16
2023,Puka Nacua,WR,LAR,78,86,96,95,100,96,93,92,81,bye,88,81,62,94,100,99,98,43,1000,87
2023,Qadree Ollison,RB,PIT,0,0,2,0,0,bye,0,0,0,0,0,0,0,0,0,0,0,0,1,2
2023,Quentin Johnston,WR,LAC,27,15,24,51,bye,48,54,70,83,85,86,44,77,88,92,83,91,87,748,65
2023,Quez Watkins,WR,PHI,79,14,0,0,66,0,0,0,0,bye,0,24,64,47,52,1,0,98,304,49
2023,Quintin Morris,TE,BUF,9,19,28,26,10,30,0,0,3,26,38,26,bye,9,26,4,10,3,185,18
2023,Rachaad White,RB,TB,79,72,91,70,bye,79,75,82,80,71,80,87,87,84,81,68,73,74,861,78
2023,Raheem Blackshear,RB,CAR,0,0,0,0,0,17,bye,15,10,12,3,0,3,5,2,2,4,6,51,7
2023,Raheem Mostert,RB,MIA,73,73,51,43,59,61,53,56,56,bye,79,60,38,64,54,29,0,0,555,57
2023,Rakim Jarrett,WR,TB,9,23,13,18,bye,12,29,15,12,22,20,0,0,0,0,0,0,0,115,18
2023,Randall Cobb,WR,NYJ,41,49,73,39,35,55,bye,0,0,0,0,12,0,19,12,0,4,11,210,31
2023,Rashaad Penny,RB,PHI,0,12,0,0,0,0,0,0,3,bye,0,0,0,0,0,0,0,31,31,15
2023,Rashee Rice,WR,KC,31,18,51,46,30,49,59,61,68,bye,57,67,69,85,92,75,78,0,622,58
2023,Rashid Shaheed,WR,NO,54,49,72,58,57,76,70,27,51,69,bye,26,0,0,58,82,54,67,604,58
2023,Rashod Bateman,WR,BAL,39,59,69,0,39,48,48,62,57,74,77,80,bye,47,44,54,72,47,610,57
2023,Ray-Ray McCloud,WR,SF,4,7,46,24,18,71,36,49,bye,0,3,12,0,0,0,0,0,59,209,30
2023,Reggie Gilliam,RB,BUF,6,12,15,17,12,8,6,3,0,2,7,6,bye,13,21,4,6,8,99,9
2023,Rhamondre Stevenson,RB,NE,73,73,65,64,50,65,65,58,62,67,bye,78,27,0,0,0,0,0,486,63
2023,Richie James,WR,KC,35,4,0,0,0,0,0,0,0,bye,0,15,6,17,3,33,22,83,137,24
2023,Rico Dowdle,RB,DAL,16,21,14,9,20,16,bye,35,19,28,29,22,18,28,26,17,0,36,247,22
2023,River Cracraft,WR,MIA,40,29,34,0,0,0,0,0,0,bye,30,34,39,19,13,0,22,17,185,28
2023,Robbie Chosen,WR,MIA,0,0,58,28,19,25,0,0,0,bye,7,0,0,0,38,8,19,4,135,23
2023,Robert Tonyan,TE,CHI,5,34,16,26,33,24,31,23,22,32,17,27,bye,24,23,44,66,33,323,28
2023,Robert Woods,WR,HOU,75,86,77,72,67,62,bye,0,0,60,75,58,47,71,81,81,64,0,666,70
2023,Rodney Williams,TE,PIT,0,0,0,0,6,bye,19,18,5,5,0,6,8,6,3,3,6,2,55,7
2023,Romeo Doubs,WR,GB,48,76,86,88,86,bye,81,82,86,82,68,86,81,82,90,88,76,18,845,77
2023,Rondale Moore,WR,ARI,68,65,54,76,67,66,67,71,69,65,72,75,54,bye,64,82,66,57,757,67
2023,Ronnie Bell,WR,SF,10,47,37,16,20,2,0,8,bye,19,8,9,12,0,14,4,14,62,183,19
2023,Ronnie Rivers,RB,LAR,0,5,0,28,16,7,0,0,0,bye,0,0,0,0,0,21,6,51,93,20
2023,Roschon Johnson,RB,CHI,39,42,45,22,9,0,0,36,29,42,33,74,bye,28,49,46,49,50,395,39
2023,Ross Dwelley,TE,SF,18,2,14,7,21,6,6,7,bye,24,3,5,2,0,0,0,0,0,76,10
2023,Royce Freeman,RB,LAR,0,0,0,0,0,0,43,53,41,bye,63,34,6,10,23,0,0,40,207,34
2023,Russell Wilson,QB,DEN,100,100,100,100,100,100,100,100,bye,100,100,100,100,100,94,100,0,0,938,100
2023,Ryan Miller,WR,TB,0,0,0,0,bye,0,0,0,0,0,0,0,5,0,0,0,0,0,3,5
2023,Ryan Tannehill,QB,TEN,100,100,96,100,100,67,bye,0,0,0,0,0,0,0,0,100,76,100,500,94
2023,SaRodorick Thompson,RB,SEA,0,0,0,0,bye,0,3,0,0,0,0,0,0,0,0,0,0,0,2,3
2023,Salvon Ahmed,RB,MIA,28,19,0,6,0,36,37,25,30,bye,29,0,0,0,0,0,0,0,135,26
2023,Sam Darnold,QB,SF,3,0,5,2,15,0,0,0,bye,21,0,0,7,0,18,27,7,100,130,20
2023,Sam Ehlinger,QB,IND,0,0,0,0,0,0,0,0,0,0,bye,0,0,5,0,0,0,0,3,5
2023,Sam Howell,QB,WAS,100,100,100,100,100,100,100,100,100,100,100,100,95,bye,73,56,100,100,1061,96
2023,Sam LaPorta,TE,DET,83,82,74,80,87,83,72,94,bye,80,85,87,81,86,95,95,100,40,981,83
2023,Samaje Perine,RB,DEN,45,50,31,46,60,17,25,24,bye,33,36,27,20,21,39,35,25,38,360,34
2023,Samori Toure,WR,GB,35,46,42,19,5,bye,11,6,0,0,0,5,0,26,0,11,12,0,139,20
2023,Saquon Barkley,RB,NYG,64,97,0,0,0,78,84,89,75,61,91,81,bye,86,50,89,89,70,717,79
2023,Scotty Miller,WR,ATL,19,12,15,24,23,34,23,34,30,21,bye,39,25,25,19,11,14,31,267,24
2023,Sean Clifford,QB,GB,8,0,0,0,0,bye,0,0,0,0,0,0,0,0,0,0,11,0,13,10
2023,Sean McKeon,TE,DAL,0,0,0,26,12,12,bye,17,12,17,24,19,9,0,0,0,0,0,100,16
2023,Sean Tucker,RB,TB,15,24,9,0,bye,0,0,0,0,2,0,0,0,0,0,0,0,0,32,13
2023,Shedrick Jackson,WR,CIN,0,0,0,0,0,0,bye,0,0,0,8,0,0,0,0,0,0,0,5,8
2023,Simi Fehoko,WR,LAC,0,0,0,0,bye,0,0,23,7,4,2,0,0,0,0,0,0,0,24,9
2023,Skyy Moore,WR,KC,69,58,65,59,56,52,60,54,25,bye,51,57,66,35,25,0,0,0,495,53
2023,Stanley Morgan,WR,CIN,0,0,0,0,0,0,bye,0,0,6,0,0,0,0,0,0,0,0,4,6
2023,Stefon Diggs,WR,BUF,84,87,66,76,87,93,87,99,95,98,80,92,bye,79,46,60,65,88,949,82
2023,Stephen Anderson,TE,LAC,0,0,0,0,bye,0,0,0,0,0,0,0,3,3,0,0,0,0,4,3
2023,Stephen Sullivan,TE,CAR,0,0,0,0,0,9,bye,19,21,0,19,27,46,34,21,21,22,10,170,23
2023,Sterling Shepard,WR,NYG,20,15,4,7,28,1,15,0,2,19,47,31,bye,0,5,2,7,25,142,15
2023,Steven Sims,WR,HOU,0,0,0,0,0,0,bye,0,0,0,3,2,0,0,9,0,0,0,10,5
2023,Stone Smartt,TE,LAC,7,32,26,40,bye,15,44,57,16,31,35,12,13,0,26,31,29,39,309,28
2023,TJ Hockenson,TE,MIN,75,86,89,88,79,79,84,85,84,63,70,80,bye,93,87,44,0,0,790,79
2023,Tank Bigsby,RB,JAC,21,19,12,12,15,27,14,8,bye,18,14,3,3,1,2,0,27,13,141,13
2023,Tank Dell,WR,HOU,48,79,61,70,36,0,bye,78,85,96,76,80,13,0,0,0,0,0,494,66
2023,Tanner Conner,TE,MIA,0,0,0,0,0,15,2,0,0,bye,0,0,15,0,0,0,0,0,20,11
2023,Tanner Hudson,TE,CIN,0,0,47,43,0,0,bye,0,23,31,34,30,16,23,36,50,46,47,276,36
2023,Tay Martin,WR,SF,0,0,0,0,0,0,0,0,bye,0,0,0,0,0,0,0,4,0,3,4
2023,Taylor Heinicke,QB,ATL,0,0,0,0,0,0,0,54,100,69,bye,0,0,0,0,100,88,0,271,82
2023,Taysom Hill,TE,NO,14,40,30,51,39,60,58,44,46,30,bye,35,42,0,19,17,34,42,425,38
2023,Teagan Quitoriano,TE,HOU,29,26,34,42,40,35,bye,34,0,0,0,0,0,0,0,0,0,0,158,34
2023,Teddy Bridgewater,QB,DET,0,0,0,0,5,0,0,0,bye,0,0,0,0,0,0,0,0,0,3,5
2023,Tee Higgins,WR,CIN,95,88,86,51,0,54,bye,67,83,0,0,0,78,75,87,81,41,0,573,74
2023,Terrace Marshall,WR,CAR,90,37,59,63,0,32,bye,6,44,78,0,0,0,0,0,0,0,92,335,55
2023,Terrell Bynum,WR,LAC,0,0,0,0,bye,0,0,0,0,0,2,0,0,0,0,0,0,0,1,2
2023,Terry McLaurin,WR,WAS,89,74,81,81,83,84,88,94,86,87,80,85,82,bye,85,92,89,88,941,85
2023,Tim Boyle,QB,NYJ,0,0,0,0,0,0,bye,0,0,0,33,100,66,0,0,0,0,0,122,67
2023,Tim Jones,WR,JAC,3,9,33,59,26,20,25,35,bye,58,20,7,25,13,35,68,62,11,339,29
2023,Tommy DeVito,QB,NYG,0,0,0,0,0,0,0,67,67,100,100,100,bye,100,94,51,0,6,406,74
2023,Tommy Tremble,TE,CAR,23,13,28,43,20,45,bye,54,45,45,76,72,0,65,83,73,70,85,554,51
2023,Tony Jones,RB,Multi,11,52,49,17,0,0,0,0,40,11,26,0,0,0,0,0,0,0,132,30
2023,Tony Pollard,RB,DAL,64,64,86,53,69,80,bye,65,77,69,62,76,78,72,72,70,85,57,836,71
2023,Travis Etienne,RB,JAC,80,72,71,85,83,80,88,89,bye,61,66,62,62,78,69,73,62,66,856,73
2023,Travis Homer,RB,CHI,0,0,4,0,0,0,4,2,0,0,0,0,bye,0,0,0,0,0,6,3
2023,Travis Kelce,TE,KC,0,64,61,79,59,69,75,85,77,bye,94,77,88,89,77,80,81,0,775,77
2023,Travis Vokolek,TE,ARI,0,0,0,0,0,0,0,0,0,0,0,0,0,bye,0,0,25,30,40,27
2023,Trayveon Williams,RB,CIN,29,17,18,11,15,17,bye,17,19,22,31,19,7,2,6,5,14,2,156,14
2023,Tre Tucker,WR,LV,0,23,17,25,11,31,49,13,47,23,39,22,bye,6,45,40,69,64,334,34
2023,Tre' McKitty,TE,LAC,7,7,15,35,bye,10,0,22,0,0,0,0,0,0,0,0,0,0,66,16
2023,Tre'Quan Smith,WR,DEN,0,0,0,0,0,0,0,14,bye,0,0,0,0,0,0,0,0,0,10,14
2023,Trent Sherfield,WR,BUF,16,41,46,47,18,36,23,32,36,17,13,20,bye,19,57,60,28,71,392,34
2023,Trent Taylor,WR,CHI,5,43,0,0,0,3,8,15,7,8,7,6,bye,14,7,6,36,25,123,13
2023,Trenton Irwin,WR,CIN,21,18,0,42,76,44,bye,27,20,81,95,72,21,20,14,41,50,41,429,42
2023,Trevon Wesco,TE,TEN,40,62,42,39,47,44,bye,59,53,35,40,64,54,35,44,0,0,20,424,46
2023,Trevor Lawrence,QB,JAC,100,100,93,100,100,95,100,100,bye,95,89,100,77,100,100,68,0,100,1047,95
2023,Trevor Siemian,QB,NYJ,0,0,0,0,0,0,bye,0,0,0,0,0,34,0,62,100,100,100,287,81
2023,Trey McBride,TE,ARI,37,51,49,27,33,58,53,82,69,77,100,86,96,bye,72,97,88,97,786,69
2023,Trey Palmer,WR,TB,34,49,72,75,bye,66,64,81,73,83,72,68,61,85,56,53,73,45,718,65
2023,Trey Sermon,RB,IND,0,0,21,16,5,9,0,0,5,2,bye,1,1,5,43,20,32,0,108,13
2023,Treylon Burks,WR,TEN,90,65,75,0,0,0,bye,51,51,0,0,0,12,65,76,73,82,69,443,62
2023,Trishton Jackson,WR,MIN,0,0,1,0,0,7,16,12,71,3,0,0,bye,0,0,0,0,0,80,19
2023,Tua Tagovailoa,QB,MIA,100,100,79,100,100,84,100,100,100,bye,100,99,79,100,87,100,93,100,1045,95
2023,Tucker Fisk,TE,ATL,0,0,0,0,0,0,3,0,26,0,bye,0,0,0,38,22,17,13,72,19
2023,Tucker Kraft,TE,GB,22,4,13,23,40,bye,50,28,39,51,42,96,95,100,95,92,82,90,621,57
2023,Tutu Atwell,WR,LAR,79,94,87,78,89,88,74,97,67,bye,88,36,39,12,0,6,6,93,687,64
2023,Ty Chandler,RB,MIN,17,12,15,0,0,0,4,1,0,44,31,33,bye,56,81,65,57,53,307,35
2023,Ty Johnson,RB,BUF,0,0,0,0,0,0,1,0,0,2,21,12,bye,21,29,0,19,17,91,15
2023,Ty Montgomery,RB,NE,9,4,0,2,28,5,2,0,0,1,bye,3,5,0,0,0,0,0,36,6
2023,Tyjae Spears,RB,TEN,54,37,56,53,52,56,bye,44,59,60,45,40,67,66,52,56,62,31,558,53
2023,Tylan Wallace,WR,BAL,0,1,0,0,0,0,0,0,16,0,5,3,bye,7,4,7,18,42,65,11
2023,Tyler Allgeier,RB,ATL,56,44,30,26,44,28,51,22,35,27,bye,29,16,21,50,20,19,30,360,32
2023,Tyler Boyd,WR,CIN,84,92,77,91,73,89,bye,86,81,92,90,63,75,52,57,80,69,42,824,76
2023,Tyler Conklin,TE,NYJ,80,87,76,68,55,71,bye,69,62,64,67,60,74,56,66,83,79,77,772,70
2023,Tyler Goodson,RB,IND,0,0,0,0,0,0,0,0,0,0,bye,0,4,9,28,20,5,8,50,13
2023,Tyler Higbee,TE,LAR,91,93,96,94,89,95,90,87,91,bye,99,75,67,0,63,74,94,0,866,86
2023,Tyler Huntley,QB,BAL,0,0,0,5,0,0,5,0,25,0,0,0,bye,0,0,0,7,100,86,28
2023,Tyler Johnson,WR,LAR,0,0,0,0,0,0,0,0,0,bye,0,0,0,0,0,0,0,54,36,54
2023,Tyler Kroft,TE,MIA,3,5,0,0,0,0,0,4,0,bye,30,9,0,0,13,0,0,0,43,11
2023,Tyler Lockett,WR,SEA,88,86,81,69,bye,77,70,84,90,79,55,95,88,81,75,81,82,78,839,80
2023,Tyler Scott,WR,CHI,18,23,20,19,23,59,56,58,59,39,36,17,bye,37,51,41,59,31,439,39
2023,Tyquan Thornton,WR,NE,0,0,0,0,0,42,5,0,19,0,bye,44,80,95,13,9,70,0,224,42
2023,Tyree Jackson,TE,NYG,0,0,0,0,0,0,0,0,0,21,11,0,bye,0,0,0,0,0,18,16
2023,Tyreek Hill,WR,MIA,66,86,53,72,46,57,78,75,90,bye,59,63,51,47,0,85,72,77,695,67
2023,Tyrion Davis-Price,RB,SF,0,0,0,0,10,0,0,0,bye,0,0,0,0,0,0,0,0,0,7,10
2023,Tyrod Taylor,QB,NYG,4,0,6,3,32,100,100,33,0,0,0,0,bye,0,6,49,100,94,373,50
2023,Tyson Bagent,QB,CHI,0,0,0,0,0,47,96,100,100,100,0,0,bye,0,0,0,0,0,305,89
2023,Van Jefferson,WR,Multi,93,83,93,87,4,27,49,71,65,37,0,35,53,44,25,41,41,49,621,54
2023,Velus Jones,WR,CHI,0,8,0,4,8,11,11,5,15,0,0,1,bye,14,14,19,20,23,100,12
2023,Wan'Dale Robinson,WR,NYG,0,0,22,64,67,60,60,80,54,47,67,77,bye,79,85,71,82,69,641,66
2023,Will Dissly,TE,SEA,31,51,0,53,bye,43,57,40,22,41,38,27,36,32,39,26,43,36,380,39
2023,Will Levis,QB,TEN,0,0,0,0,0,0,bye,97,100,100,100,100,100,100,100,0,24,0,528,92
2023,Will Mallory,TE,IND,0,19,0,0,0,12,13,21,0,16,bye,37,18,31,12,38,16,3,159,20
2023,Willie Snead IV,WR,SF,0,0,0,13,0,0,0,2,bye,23,0,0,0,0,0,36,0,0,47,19
2023,Xavier Gipson,WR,NYJ,2,0,0,19,31,11,bye,25,58,68,79,72,71,44,69,62,70,57,496,50
2023,Xavier Hutchinson,WR,HOU,9,21,0,0,14,19,bye,9,12,13,9,12,0,73,84,41,43,64,281,30
2023,Zach Charbonnet,RB,SEA,24,26,43,24,bye,24,0,59,55,52,85,88,61,42,44,42,57,53,478,48
2023,Zach Ertz,TE,ARI,77,68,59,76,75,46,53,0,0,0,0,0,0,bye,0,0,0,0,295,64
2023,Zach Evans,RB,LAR,0,0,0,0,0,11,0,0,0,bye,1,4,0,0,0,0,0,9,16,6
2023,Zach Gentry,TE,LV,0,0,0,0,0,0,0,0,0,0,0,0,bye,0,0,0,0,27,18,27
2023,Zach Pascal,WR,ARI,8,35,23,30,18,14,0,14,60,5,0,10,0,bye,28,15,22,27,202,22
2023,Zach Wilson,QB,NYJ,93,100,100,100,100,100,bye,100,100,100,67,0,0,100,38,0,0,0,688,92
2023,Zack Kuntz,TE,NYJ,0,0,0,0,0,0,bye,0,0,0,0,0,0,0,0,0,0,3,2,3
2023,Zack Moss,RB,IND,0,98,76,83,80,50,50,39,21,16,bye,41,94,84,28,0,0,17,531,56
2023,Zamir White,RB,LV,8,15,1,10,0,6,22,2,8,2,0,3,bye,9,70,76,57,73,229,25
2023,Zay Flowers,WR,BAL,84,77,93,98,99,89,72,75,68,87,98,94,bye,97,84,78,56,0,905,85
2023,Zay Jones,WR,JAC,89,66,0,0,43,0,0,0,bye,0,63,71,93,84,61,0,0,93,475,73
2023,Zonovan Knight,RB,DET,0,0,10,0,3,0,0,0,bye,0,0,0,0,0,0,0,0,0,9,7
