Season,Pos,Player,NFL,G,PaCmp,PaAtt,PaYd,PaTD,PaInt,RuAtt,RuYd,RuTD,RuFD,Tar,Rec,ReYd,ReTD,ReFD,FL,Avg,FPts
2021,WR,AJ Brown,PHI,13,0,2,0,0,0,2,10,0,1,105,63,869,5,45,0,12.61,163.9
2021,WR,AJ Green,ARI,16,0,0,0,0,0,0,0,0,0,92,54,848,3,37,0,8.74,139.8
2021,RB,Aaron Jones,GB,15,0,0,0,0,0,171,799,4,37,65,52,391,6,22,1,15.73,236.0
2021,WR,Adam Humphries,WAS,17,0,0,0,0,0,0,0,0,0,62,41,383,0,23,0,3.61,61.3
2021,RB,Adam Prentice,NO,7,0,0,0,0,0,3,5,0,2,3,3,16,0,1,0,0.73,5.1
2021,TE,Adam Shaheen,MIA,12,0,0,0,0,0,0,0,0,0,16,12,110,0,5,0,1.33,16.0
2021,WR,Adam Thielen,MIN,13,0,0,0,0,0,1,2,0,0,95,67,726,10,37,0,13.06,169.8
2021,TE,Adam Trautman,NO,13,0,0,0,0,0,0,0,0,0,43,27,263,2,13,1,3.79,49.3
2021,RB,Adrian Peterson,SEA,4,0,0,0,0,0,38,98,2,6,4,4,8,0,0,0,7.15,28.6
2021,TE,Albert Okwuegbunam,DEN,14,0,0,0,0,0,0,0,0,0,40,33,330,2,15,1,4.14,58.0
2021,WR,Albert Wilson,MIA,14,0,1,0,0,0,4,17,0,1,39,25,213,0,10,0,2.43,34.0
2021,RB,Alec Ingold,MIA,9,0,0,0,0,0,2,1,0,1,12,10,85,1,4,0,2.18,19.6
2021,RB,Alex Armah,WAS,11,0,0,0,0,0,5,21,0,4,1,1,1,1,1,0,1.2,13.2
2021,RB,Alex Collins,SEA,11,0,0,0,0,0,108,411,2,22,10,9,87,0,3,1,7.71,84.8
2021,WR,Alex Erickson,WAS,17,0,0,0,0,0,0,0,0,0,4,3,55,0,2,0,0.44,7.5
2021,RB,Alexander Mattison,MIN,16,0,0,0,0,0,134,491,3,28,39,32,228,1,10,1,8.24,131.9
2021,WR,Allen Lazard,GB,15,0,0,0,0,0,3,32,0,2,60,40,513,8,28,0,8.83,132.5
2021,WR,Allen Robinson,LAR,12,0,0,0,0,0,0,0,0,0,66,38,410,1,22,0,5.92,71.0
2021,RB,Alvin Kamara,NO,13,0,0,0,0,0,240,898,4,42,67,47,439,5,20,0,19.21,249.7
2021,WR,Amari Cooper,CLE,15,0,0,0,0,0,0,0,0,0,104,68,865,8,45,0,11.97,179.5
2021,WR,Amari Rodgers,GB,16,0,0,0,0,0,1,11,0,1,8,4,45,0,2,0,0.54,8.6
2021,RB,Ameer Abdullah,LV,17,0,0,0,0,0,51,166,0,8,53,38,289,1,13,0,4.26,72.5
2021,WR,Amon-Ra St Brown,DET,17,0,0,0,0,0,7,61,1,2,119,90,912,5,48,0,11.02,187.3
2021,WR,Andre Roberts,CAR,16,0,0,0,0,0,3,19,0,0,2,1,35,0,1,2,0.15,2.4
2021,QB,Andy Dalton,NO,8,149,236,1515,8,9,16,76,0,2,0,0,0,0,0,1,10.78,86.2
2021,WR,Andy Isabella,ARI,8,0,0,0,0,0,0,0,0,0,1,1,13,0,1,0,0.29,2.3
2021,RB,Andy Janovich,HOU,13,0,0,0,0,0,2,0,1,1,4,3,9,0,1,0,0.84,10.9
2021,TE,Anthony Firkser,ATL,15,0,0,0,0,0,0,0,0,0,43,34,291,2,15,1,4.01,60.1
2021,RB,Anthony McFarland,PIT,2,0,0,0,0,0,3,3,0,0,1,1,11,0,1,0,1.2,2.4
2021,WR,Anthony Miller,PIT,3,0,0,0,0,0,0,0,0,0,12,6,25,1,3,0,3.83,11.5
2021,WR,Anthony Schwartz,CLE,14,0,0,0,0,0,6,39,0,4,23,10,135,1,6,0,2.39,33.4
2021,WR,Antoine Wesley,ARI,15,0,0,0,0,0,0,0,0,0,32,19,208,3,9,0,3.19,47.8
2021,WR,Antonio Brown,TB,7,0,0,0,0,0,1,6,0,0,62,42,545,4,29,0,15.44,108.1
2021,RB,Antonio Gibson,WAS,16,0,0,0,0,0,258,1037,7,65,52,42,294,3,12,4,16.51,264.1
2021,TE,Antony Auclair,HOU,16,0,0,0,0,0,0,0,0,0,5,5,47,1,2,0,0.79,12.7
2021,WR,Ashton Dulin,IND,17,0,0,0,0,0,3,32,0,1,22,13,173,2,9,0,2.5,42.5
2021,WR,Auden Tate,ATL,7,0,0,0,0,0,0,0,0,0,4,3,39,1,3,0,1.84,12.9
2021,RB,Austin Ekeler,LAC,16,0,0,0,0,0,206,911,12,53,94,70,647,8,31,3,22.36,357.8
2021,TE,Austin Hooper,TEN,16,0,0,0,0,0,0,0,0,0,61,38,345,3,18,0,4.53,72.5
2021,RB,Austin Walter,NYJ,4,0,0,0,0,0,26,101,1,5,3,2,9,0,1,0,5.75,23.0
2021,QB,Baker Mayfield,CLE,14,253,418,3010,17,13,37,134,1,12,0,0,11,0,0,3,13.78,192.9
2021,WR,Ben Skowronek,LAR,14,0,0,0,0,0,0,0,0,0,20,11,133,0,7,0,1.45,20.3
2021,RB,Benny Snell,PIT,17,0,0,0,0,0,36,98,0,2,4,2,13,0,0,0,0.77,13.1
2021,QB,Blaine Gabbert,TB,6,7,11,67,0,0,9,-7,0,0,0,0,0,0,0,0,0.45,2.68
2021,TE,Blake Bell,KC,16,0,0,0,0,0,4,10,0,4,13,9,87,0,4,0,1.11,17.7
2021,TE,Blake Jarwin,DAL,8,0,0,0,0,0,0,0,0,0,17,11,96,2,5,0,3.33,26.6
2021,RB,Boston Scott,PHI,16,0,0,0,0,0,87,373,7,24,16,13,83,0,3,1,7.04,112.6
2021,WR,Brandin Cooks,HOU,16,0,0,0,0,0,2,21,0,1,134,90,1037,6,45,0,11.74,187.8
2021,WR,Brandon Aiyuk,SF,17,0,0,0,0,0,5,17,0,0,84,56,826,5,37,1,8.9,151.3
2021,QB,Brandon Allen,CIN,6,17,34,149,2,0,7,-1,0,1,0,0,0,0,0,0,2.49,14.96
2021,RB,Brandon Bolden,LV,17,0,0,0,0,0,44,226,1,12,49,41,405,2,21,0,6.83,116.1
2021,WR,Brandon Zylstra,CAR,14,0,1,0,0,0,0,0,0,0,25,18,250,1,10,0,2.93,41.0
2021,WR,Braxton Berrios,NYJ,16,0,0,0,0,0,7,40,2,3,65,46,431,2,22,1,5.88,94.1
2021,WR,Breshad Perriman,TB,6,0,0,0,0,0,1,-3,0,0,18,11,167,1,5,0,4.62,27.7
2021,TE,Brevin Jordan,HOU,9,0,0,0,0,0,0,0,0,0,28,20,178,3,10,0,5.09,45.8
2021,QB,Brian Hoyer,NE,5,9,11,227,1,0,11,-8,0,1,0,0,0,0,0,0,2.82,14.08
2021,TE,Brock Wright,DET,10,0,0,0,0,0,0,0,0,0,17,12,117,2,6,0,2.97,29.7
2021,WR,Bryan Edwards,LV,16,0,0,0,0,0,1,0,0,0,59,34,571,3,26,0,6.32,101.1
2021,TE,Brycen Hopkins,LAR,5,0,0,0,0,0,0,0,0,0,1,1,9,0,1,0,0.38,1.9
2021,RB,Buddy Howell,LAR,10,0,0,0,0,0,5,11,0,0,0,0,0,0,0,0,0.11,1.1
2021,WR,Byron Pringle,CHI,17,0,0,0,0,0,0,0,0,0,60,42,568,5,32,1,6.87,116.8
2021,QB,CJ Beathard,JAC,2,2,2,33,0,0,1,2,0,0,0,0,0,0,0,0,0.76,1.52
2021,WR,CJ Board,NYG,6,0,0,0,0,0,1,6,0,0,6,4,51,0,3,0,1.45,8.7
2021,RB,CJ Ham,MIN,17,0,0,0,0,0,7,34,0,3,18,17,125,0,6,0,1.46,24.9
2021,WR,CJ Saunders,CAR,2,0,0,0,0,0,0,0,0,0,2,2,11,0,1,0,1.05,2.1
2021,TE,CJ Uzomah,NYJ,16,0,0,0,0,0,0,0,0,0,63,49,493,5,24,0,6.46,103.3
2021,WR,Calvin Ridley,ATL,5,0,0,0,0,0,0,0,0,0,52,31,281,2,16,0,11.22,56.1
2021,RB,Cam Akers,LAR,1,0,0,0,0,0,5,3,0,0,3,3,10,0,0,0,1.3,1.3
2021,QB,Cam Newton,CAR,8,69,126,684,4,5,47,230,5,19,0,0,0,0,0,1,13.17,105.36
2021,WR,Cam Sims,WAS,14,0,0,0,0,0,1,7,0,0,23,15,211,2,11,0,3.2,44.8
2021,WR,Cameron Batson,TEN,4,0,0,0,0,0,2,15,0,1,5,2,15,1,2,0,3.0,12.0
2021,TE,Cameron Brate,TB,17,0,0,0,0,0,0,0,0,0,57,30,245,4,15,0,3.74,63.5
2021,RB,Carlos Hyde,JAC,12,0,0,0,0,0,72,253,1,14,22,12,65,0,1,2,4.07,48.8
2021,QB,Carson Wentz,WAS,17,322,516,3563,27,7,57,215,1,21,0,0,0,0,0,5,16.41,279.02
2021,QB,Case Keenum,BUF,7,47,72,462,3,1,12,22,0,6,0,0,0,0,0,1,4.95,34.68
2021,WR,Ced Wilson,MIA,16,3,3,88,0,0,2,11,0,1,61,45,602,6,27,0,8.18,130.82
2021,WR,CeeDee Lamb,DAL,16,0,0,0,0,0,9,76,0,4,120,79,1102,6,54,0,13.24,211.8
2021,TE,Cethan Carter,MIA,16,0,0,0,0,0,0,0,0,0,2,2,16,0,0,0,0.1,1.6
2021,QB,Chad Henne,KC,4,11,16,82,0,0,8,0,0,0,0,0,0,0,0,0,0.82,3.28
2021,TE,Charlie Woerner,SF,17,0,0,0,0,0,0,0,0,0,6,5,52,0,3,0,0.48,8.2
2021,WR,Chase Claypool,PIT,15,0,0,0,0,0,14,96,0,7,105,59,860,2,36,0,10.04,150.6
2021,RB,Chase Edmonds,MIA,12,0,0,0,0,0,116,592,2,32,53,43,311,0,11,1,11.94,143.3
2021,WR,Chester Rogers,TEN,16,0,0,0,0,0,1,9,0,0,43,30,301,1,12,1,2.94,47.0
2021,RB,Chris Carson,SEA,4,0,0,0,0,0,54,232,3,11,6,6,29,0,1,1,13.53,54.1
2021,WR,Chris Conley,HOU,16,0,0,0,0,0,1,3,0,1,37,22,323,2,15,1,3.66,58.6
2021,RB,Chris Evans,CIN,14,0,0,0,0,0,17,77,0,3,17,15,151,2,6,0,3.13,43.8
2021,WR,Chris Godwin,TB,14,0,0,0,0,0,4,21,1,4,127,98,1103,5,55,2,14.53,203.4
2021,TE,Chris Herndon,MIN,16,0,0,0,0,0,0,0,0,0,7,4,40,1,4,0,0.88,14.0
2021,TE,Chris Manhertz,JAC,17,0,0,0,0,0,0,0,0,0,9,6,71,1,4,0,1.01,17.1
2021,WR,Chris Moore,HOU,12,0,0,0,0,0,0,0,0,0,22,21,227,2,6,0,3.39,40.7
2021,TE,Chris Myarick,NYG,8,0,0,0,0,0,0,0,0,0,6,3,17,1,2,0,1.21,9.7
2021,QB,Chris Streveler,MIA,2,6,9,36,0,0,3,6,0,0,0,0,0,0,0,0,1.02,2.04
2021,WR,Christian Blake,ATL,15,0,0,0,0,0,0,0,0,0,9,4,25,0,2,0,0.3,4.5
2021,WR,Christian Kirk,JAC,17,1,1,33,0,0,1,11,0,1,103,77,982,5,44,0,10.33,175.62
2021,RB,Christian McCaffrey,CAR,7,0,0,0,0,0,99,442,1,19,41,37,343,1,21,0,18.64,130.5
2021,RB,Chuba Hubbard,CAR,17,0,0,0,0,0,172,612,5,36,37,25,174,1,8,1,9.21,156.6
2021,WR,Cody Hollister,TEN,3,0,0,0,0,0,0,0,0,0,7,4,33,0,4,0,2.43,7.3
2021,WR,Cody White,PIT,15,0,0,0,0,0,0,0,0,0,6,5,33,0,3,0,0.42,6.3
2021,TE,Colby Parkinson,SEA,14,0,0,0,0,0,0,0,0,0,8,5,33,0,2,0,0.38,5.3
2021,WR,Cole Beasley,BUF,16,0,1,0,0,0,0,0,0,0,112,82,693,1,34,0,6.96,111.3
2021,TE,Cole Kmet,CHI,17,0,0,0,0,0,1,0,0,0,93,60,612,0,29,0,5.31,90.2
2021,WR,Collin Johnson,NYG,12,0,0,0,0,0,0,0,0,0,21,11,105,0,6,0,1.38,16.5
2021,QB,Colt McCoy,ARI,8,74,99,740,3,1,22,37,0,6,0,0,0,0,0,1,5.91,47.3
2021,WR,Cooper Kupp,LAR,17,0,1,0,0,0,4,18,0,1,191,145,1947,16,89,0,22.62,384.5
2021,QB,Cooper Rush,DAL,5,30,47,422,3,1,9,-8,0,0,0,0,0,0,0,1,4.98,24.88
2021,RB,Cordarrelle Patterson,ATL,16,0,1,0,0,0,153,618,6,29,69,52,548,5,26,0,14.85,237.6
2021,RB,Corey Clement,DAL,17,0,0,0,0,0,33,140,0,7,7,6,29,1,1,0,1.82,30.9
2021,WR,Corey Davis,NYJ,9,0,0,0,0,0,0,0,0,0,59,34,492,4,23,1,10.47,94.2
2021,WR,Courtland Sutton,DEN,17,1,1,16,0,0,0,0,0,0,98,58,776,2,35,0,7.48,127.24
2021,RB,Craig Reynolds,DET,5,0,0,0,0,0,55,230,0,11,8,7,52,0,3,0,8.44,42.2
2021,WR,Curtis Samuel,WAS,5,0,0,0,0,0,4,11,0,0,9,6,27,0,4,0,1.56,7.8
2021,WR,Cyril Grayson,TB,5,0,0,0,0,0,1,14,0,1,12,10,212,2,8,0,8.72,43.6
2021,RB,D'Andre Swift,DET,13,0,1,0,0,0,151,617,5,28,78,62,452,2,18,1,14.84,192.9
2021,RB,D'Ernest Johnson,CLE,17,0,0,0,0,0,100,534,3,24,25,19,137,0,7,0,6.83,116.1
2021,RB,D'Onta Foreman,CAR,9,0,0,0,0,0,133,566,3,22,11,9,123,0,6,1,12.54,112.9
2021,WR,D'Wayne Eskridge,SEA,10,0,0,0,0,0,4,59,0,2,20,10,64,1,4,0,2.43,24.3
2021,WR,DJ Chark,DET,4,0,0,0,0,0,0,0,0,0,22,7,154,2,7,0,8.6,34.4
2021,WR,DJ Montgomery,NYJ,3,0,0,0,0,0,0,0,0,0,6,3,36,0,2,0,1.87,5.6
2021,WR,DJ Moore,CAR,17,0,0,0,0,0,8,48,0,4,163,93,1157,4,60,1,12.26,208.5
2021,WR,DK Metcalf,SEA,17,0,0,0,0,0,1,6,0,0,129,75,967,12,48,0,12.78,217.3
2021,QB,Dak Prescott,DAL,16,410,596,4449,37,10,48,146,1,7,0,0,0,0,0,6,20.47,327.56
2021,TE,Dallas Goedert,PHI,15,0,0,0,0,0,0,0,0,0,76,56,830,4,42,0,10.07,151.0
2021,TE,Dalton Schultz,DAL,17,0,0,0,0,0,0,0,0,0,104,78,808,8,43,0,10.22,173.8
2021,RB,Dalvin Cook,MIN,13,0,0,0,0,0,249,1159,6,57,49,34,224,0,9,2,18.33,238.3
2021,RB,Damarea Crockett,DEN,12,0,0,0,0,0,3,7,0,0,0,0,0,0,0,0,0.06,0.7
2021,RB,Damien Harris,NE,15,0,0,0,0,0,202,929,15,55,21,18,132,0,4,2,16.74,251.1
2021,RB,Damien Williams,ATL,12,0,0,0,0,0,40,164,2,11,23,16,103,1,3,0,4.89,58.7
2021,WR,Damiere Byrd,ATL,17,0,0,0,0,0,0,0,0,0,38,26,329,1,18,1,3.35,56.9
2021,TE,Dan Arnold,JAC,11,0,0,0,0,0,0,0,0,0,52,35,408,0,20,1,5.53,60.8
2021,TE,Daniel Brown,NYJ,12,0,0,0,0,0,0,0,0,0,2,2,29,0,1,0,0.33,3.9
2021,QB,Daniel Jones,NYG,11,232,361,2428,10,7,62,298,2,16,1,1,16,0,1,3,16.68,183.52
2021,WR,Danny Amendola,HOU,8,0,1,0,0,0,0,0,0,0,38,24,248,3,10,0,6.85,54.8
2021,WR,Dante Pettis,NYG,3,1,1,16,0,0,0,0,0,0,16,10,87,1,5,0,6.78,20.34
2021,RB,Dare Ogunbowale,HOU,17,0,0,0,0,0,43,137,1,5,21,13,114,1,3,0,2.65,45.1
2021,WR,Darius Slayton,NYG,13,0,0,0,0,0,1,-13,0,0,58,26,339,2,14,1,4.45,57.9
2021,WR,Darnell Mooney,CHI,17,0,0,0,0,0,6,32,1,2,140,81,1055,4,49,0,11.16,189.7
2021,RB,Darrel Williams,KC,17,0,0,0,0,0,144,558,6,40,57,47,452,2,19,0,12.24,208.0
2021,RB,Darrell Henderson,LAR,12,0,0,0,0,0,149,688,5,39,40,29,176,3,8,0,15.12,181.4
2021,TE,Darren Fells,TB,9,0,0,0,0,0,0,0,0,0,5,4,43,0,2,0,0.7,6.3
2021,TE,Darren Waller,LV,11,0,0,0,0,0,0,0,0,0,93,55,665,2,31,0,9.95,109.5
2021,RB,Darrynton Evans,CHI,1,0,0,0,0,0,2,7,0,0,2,2,11,0,1,0,2.8,2.8
2021,WR,Davante Adams,LV,16,0,0,0,0,0,0,0,0,0,169,123,1553,11,84,0,19.08,305.3
2021,QB,David Blough,DET,1,0,0,0,0,0,1,6,0,0,0,0,0,0,0,0,0.6,0.6
2021,RB,David Johnson,HOU,13,0,0,0,0,0,67,228,0,7,42,32,225,1,11,1,5.18,67.3
2021,RB,David Montgomery,CHI,13,0,1,0,0,1,225,849,7,55,51,42,301,0,18,1,17.38,226.0
2021,TE,David Njoku,CLE,16,0,0,0,0,0,1,1,0,0,53,36,475,4,17,0,5.54,88.6
2021,WR,David Sills,NYG,4,0,0,0,0,0,0,0,0,0,6,2,17,0,1,0,0.68,2.7
2021,WR,Davion Davis,HOU,2,0,0,0,0,0,0,0,0,0,3,1,17,0,1,0,1.35,2.7
2021,QB,Davis Mills,HOU,13,263,394,2664,16,10,18,44,0,5,0,0,0,0,0,1,12.46,161.96
2021,TE,Dawson Knox,BUF,15,0,0,0,0,0,0,4,0,1,71,49,587,9,31,0,9.81,147.1
2021,WR,Dax Milne,WAS,13,0,0,0,0,0,1,1,0,0,14,9,83,0,4,1,0.8,10.4
2021,WR,Dazz Newsome,CHI,3,0,0,0,0,0,0,0,0,0,5,2,23,0,1,0,1.1,3.3
2021,WR,DeAndre Carter,LAC,17,0,0,0,0,0,10,89,0,4,44,24,296,3,17,0,4.56,77.5
2021,WR,DeAndre Hopkins,ARI,10,0,0,0,0,0,0,0,0,0,64,42,572,8,32,0,13.72,137.2
2021,WR,DeSean Jackson,LV,16,0,0,0,0,0,1,4,0,0,34,20,454,2,12,1,4.24,67.8
2021,WR,DeVante Parker,NE,10,0,0,0,0,0,0,0,0,0,73,40,515,2,29,0,9.25,92.5
2021,WR,DeVonta Smith,PHI,17,0,0,0,0,0,0,0,0,0,104,64,916,5,43,1,9.68,164.6
2021,WR,Dede Westbrook,MIN,15,0,0,0,0,0,0,0,0,0,15,10,68,0,3,0,0.65,9.8
2021,RB,DeeJay Dallas,SEA,17,0,0,0,0,0,33,138,2,10,23,21,133,0,4,0,3.12,53.1
2021,WR,Demarcus Robinson,LV,17,0,0,0,0,0,0,0,0,0,41,25,264,3,13,0,3.38,57.4
2021,RB,Demetric Felton,CLE,16,0,0,0,0,0,7,24,0,0,21,18,181,2,10,0,2.66,42.5
2021,TE,Demetrius Harris,ARI,14,0,0,0,0,0,0,0,0,0,6,3,10,0,0,0,0.07,1.0
2021,WR,Denzel Mims,NYJ,11,0,0,0,0,0,0,0,0,0,23,8,133,0,5,0,1.66,18.3
2021,RB,Deon Jackson,IND,9,0,0,0,0,0,13,31,1,2,0,0,0,0,0,0,1.23,11.1
2021,WR,Deonte Harris,NO,13,0,0,0,0,0,5,41,0,1,59,36,570,3,23,1,7.78,101.1
2021,QB,Derek Carr,LV,17,428,626,4804,23,14,40,108,0,9,0,0,0,0,0,5,15.64,265.96
2021,TE,Derek Carrier,LV,5,0,0,0,0,0,0,0,0,0,2,2,13,0,0,0,0.26,1.3
2021,RB,Derek Watt,PIT,17,0,0,0,0,0,1,1,0,1,3,3,15,0,0,0,0.15,2.6
2021,RB,Derrick Gore,KC,11,0,0,0,0,0,51,256,2,12,9,8,105,0,3,0,5.74,63.1
2021,RB,Derrick Henry,TEN,8,1,1,5,1,0,219,937,10,49,20,18,154,0,7,0,28.91,231.3
2021,WR,Devin Duvernay,BAL,16,0,0,0,0,0,7,50,0,3,47,33,272,2,14,0,4.2,67.2
2021,RB,Devin Singletary,BUF,17,0,0,0,0,0,188,870,7,44,50,40,228,1,11,0,12.52,212.8
2021,RB,Devine Ozigbo,NE,3,0,0,0,0,0,1,-3,0,0,1,1,7,0,1,0,0.57,1.7
2021,RB,Devonta Freeman,BAL,16,0,0,0,0,0,133,576,5,31,42,34,190,1,9,0,9.54,152.6
2021,RB,Devontae Booker,NYG,16,0,0,0,0,0,145,593,2,31,45,40,268,1,11,0,9.13,146.1
2021,WR,Dez Fitzpatrick,TEN,4,0,0,0,0,0,0,0,0,0,8,5,49,1,4,0,3.73,14.9
2021,WR,Dezmon Patmon,IND,8,0,0,0,0,0,0,0,0,0,4,2,21,1,1,0,1.14,9.1
2021,WR,Diontae Johnson,PIT,16,0,0,0,0,0,5,53,0,2,169,107,1161,8,59,2,14.28,228.4
2021,WR,Diontae Spencer,DEN,15,0,0,0,0,0,0,0,0,0,4,1,-3,0,0,2,-0.27,-4.0
2021,TE,Dominique Dafney,GB,10,0,0,0,0,0,0,0,0,0,4,2,34,0,2,0,0.54,5.4
2021,TE,Donald Parham,LAC,14,0,0,0,0,0,0,0,0,0,27,20,190,3,13,0,3.71,52.0
2021,WR,Donovan Peoples-Jones,CLE,14,0,0,0,0,0,0,0,0,0,58,34,597,3,26,1,7.26,101.7
2021,RB,Dontrell Hilliard,TEN,8,0,0,0,0,0,56,350,2,15,26,19,87,0,6,1,9.34,74.7
2021,QB,Drew Lock,SEA,6,67,111,787,2,2,10,53,2,5,1,1,1,0,0,1,9.31,55.88
2021,TE,Drew Sample,CIN,17,0,0,0,0,0,0,0,0,0,15,11,81,0,3,0,0.65,11.1
2021,RB,Duke Johnson,BUF,5,0,0,0,0,0,71,330,3,18,5,4,41,0,3,0,15.22,76.1
2021,TE,Durham Smythe,MIA,17,0,0,0,0,0,2,3,0,2,41,34,357,0,15,0,3.12,53.0
2021,RB,Dwayne Washington,NO,14,0,0,0,0,0,4,16,0,0,2,2,12,0,0,0,0.2,2.8
2021,WR,Dyami Brown,WAS,15,0,0,0,0,0,1,-4,0,0,25,12,165,0,6,0,1.5,22.5
2021,WR,Easop Winston,NO,3,0,0,0,0,0,0,0,0,0,1,1,5,0,0,0,0.17,0.5
2021,RB,Elijah Mitchell,SF,11,0,0,0,0,0,207,963,5,47,20,19,137,1,6,0,18.09,199.0
2021,WR,Elijah Moore,NYJ,11,0,0,0,0,0,5,54,1,3,77,43,538,5,24,0,11.11,122.2
2021,RB,Elijhaa Penny,NYG,17,0,0,0,0,0,24,99,1,9,13,9,30,1,4,0,2.35,39.9
2021,WR,Emmanuel Sanders,BUF,14,0,0,0,0,0,2,31,0,2,72,42,626,4,31,0,8.76,122.7
2021,RB,Eno Benjamin,ARI,9,0,0,0,0,0,34,118,1,4,7,6,42,0,4,0,3.33,30.0
2021,WR,Equanimeous St Brown,CHI,13,0,0,0,0,0,3,14,0,2,17,9,98,0,6,0,1.48,19.2
2021,TE,Eric Ebron,PIT,8,0,0,0,0,0,1,1,1,1,18,12,84,1,6,0,3.44,27.5
2021,TE,Eric Saubert,DEN,17,0,0,0,0,0,0,0,0,0,12,8,47,1,2,0,0.75,12.7
2021,TE,Eric Tomlinson,DEN,18,0,0,0,0,0,0,0,0,0,1,1,7,0,0,0,0.04,0.7
2021,TE,Ethan Wolf,NO,2,0,0,0,0,0,0,0,0,0,2,2,8,0,0,0,0.4,0.8
2021,TE,Evan Engram,JAC,15,0,0,0,0,0,1,-3,0,0,73,46,408,3,21,1,5.19,77.8
2021,RB,Ezekiel Elliott,DAL,17,1,1,4,0,0,237,1002,10,55,65,47,287,2,16,1,16.24,276.06
2021,QB,Feleipe Franks,ATL,9,0,1,0,0,1,3,6,0,0,0,0,0,0,0,0,-0.16,-1.4
2021,TE,Foster Moreau,LV,17,0,0,0,0,0,0,0,0,0,44,30,373,3,16,0,4.19,71.3
2021,WR,Frank Darby,ATL,10,0,0,0,0,0,0,0,0,0,4,1,14,0,1,0,0.24,2.4
2021,WR,Freddie Swain,SEA,17,0,0,0,0,0,5,32,0,2,40,25,343,4,12,0,4.44,75.5
2021,RB,Gabe Nabers,LAC,10,0,0,0,0,0,3,8,0,1,3,3,17,0,0,0,0.35,3.5
2021,WR,Gabriel Davis,BUF,16,0,0,0,0,0,0,0,0,0,63,35,549,6,29,0,7.49,119.9
2021,QB,Gardner Minshew,PHI,4,41,60,439,4,1,9,21,0,2,0,0,0,0,0,0,8.91,35.66
2021,QB,Garrett Gilbert,LV,1,20,31,194,0,0,0,0,0,0,0,0,0,0,0,0,7.76,7.76
2021,TE,Garrett Griffin,DET,13,0,0,0,0,0,0,0,0,0,4,4,39,0,2,0,0.45,5.9
2021,RB,Gary Brightwell,NYG,12,0,0,0,0,0,1,4,0,0,1,1,6,0,0,0,0.08,1.0
2021,QB,Geno Smith,SEA,5,65,95,702,5,1,9,42,1,3,0,0,0,0,0,1,11.46,57.28
2021,TE,Geoff Swaim,TEN,16,0,0,0,0,0,0,0,0,0,40,31,210,3,12,0,3.19,51.0
2021,TE,George Kittle,SF,14,0,0,0,0,0,3,20,0,0,94,71,910,6,42,1,12.07,169.0
2021,TE,Gerald Everett,LAC,15,0,0,0,0,0,3,20,0,2,63,48,478,4,26,2,6.52,97.8
2021,RB,Giovani Bernard,TB,12,0,0,0,0,0,8,58,0,3,29,23,123,3,8,0,3.93,47.1
2021,RB,Godwin Igwebuike,DET,17,0,0,0,0,0,18,118,1,7,10,7,60,0,4,2,1.81,30.8
2021,WR,Greg Dortch,ARI,5,0,0,0,0,0,1,24,0,1,3,3,15,0,0,0,0.98,4.9
2021,WR,Greg Ward,PHI,17,1,2,2,0,0,0,0,0,0,11,7,95,3,4,0,1.86,31.58
2021,WR,Gunner Olszewski,PIT,16,0,0,0,0,0,1,9,0,0,3,2,31,0,2,0,0.38,6.0
2021,TE,Harrison Bryant,CLE,16,0,0,0,0,0,0,0,0,0,28,21,233,3,14,0,3.46,55.3
2021,TE,Hayden Hurst,CIN,13,0,0,0,0,0,0,0,0,0,31,26,221,3,11,1,3.78,49.1
2021,TE,Hunter Long,MIA,7,0,0,0,0,0,0,0,0,0,3,1,8,0,0,0,0.11,0.8
2021,WR,Hunter Renfrow,LV,17,0,0,0,0,0,3,3,0,0,128,103,1038,9,51,1,12.18,207.1
2021,QB,Ian Book,NO,1,12,20,135,0,2,3,6,0,1,0,0,0,0,0,0,3.0,3.0
2021,TE,Ian Thomas,CAR,17,0,0,0,0,0,0,0,0,0,30,18,188,0,6,0,1.46,24.8
2021,WR,Ihmir Smith-Marsette,MIN,8,0,0,0,0,0,0,0,0,0,6,5,116,2,4,0,3.45,27.6
2021,WR,Isaiah Ford,MIA,13,0,0,0,0,0,0,0,0,0,17,12,161,2,7,0,2.7,35.1
2021,WR,Isaiah McKenzie,BUF,15,0,0,0,0,0,9,47,1,4,26,20,178,1,13,1,3.3,49.5
2021,RB,Ito Smith,DAL,1,0,0,0,0,0,1,4,1,1,0,0,0,0,0,0,7.4,7.4
2021,RB,JD McKissic,WAS,11,0,0,0,0,0,48,212,2,14,53,43,397,2,15,0,10.35,113.9
2021,WR,JJ Arcega-Whiteside,PHI,16,0,0,0,0,0,0,0,0,0,5,2,36,0,2,0,0.35,5.6
2021,WR,JJ Koski,LAR,5,0,0,0,0,0,0,0,0,0,0,0,0,0,0,1,-0.4,-2.0
2021,RB,JJ Taylor,NE,5,0,0,0,0,0,19,37,2,3,4,4,8,0,0,1,3.5,17.5
2021,WR,Ja'Marcus Bradley,CLE,5,0,0,0,0,0,0,0,0,0,4,4,64,0,2,0,1.68,8.4
2021,WR,Ja'Marr Chase,CIN,17,0,0,0,0,0,7,21,0,2,128,81,1455,13,56,1,16.56,281.6
2021,RB,JaMycal Hasty,SF,11,0,0,0,0,0,16,68,1,6,29,23,157,0,7,1,3.59,39.5
2021,RB,JaQuan Hardy,DAL,3,0,0,0,0,0,4,29,1,1,0,0,0,0,0,0,3.3,9.9
2021,TE,Jack Stoll,PHI,16,0,0,0,0,0,0,0,0,0,5,4,22,0,0,0,0.14,2.2
2021,QB,Jacob Eason,SEA,1,2,5,25,0,1,0,0,0,0,0,0,0,0,0,0,-1.0,-1.0
2021,TE,Jacob Hollister,LV,7,0,0,0,0,0,0,0,0,0,14,9,55,1,2,0,1.93,13.5
2021,QB,Jacoby Brissett,CLE,11,141,225,1283,5,4,19,70,1,9,0,0,0,0,0,3,7.39,81.32
2021,RB,Jacques Patrick,BAL,2,0,0,0,0,0,2,12,0,1,0,0,0,0,0,0,1.1,2.2
2021,WR,Jaelon Darden,TB,9,0,0,0,0,0,1,11,0,1,12,6,43,0,1,0,0.82,7.4
2021,RB,Jake Funk,LAR,10,0,0,0,0,0,2,5,0,0,0,0,0,0,0,0,0.05,0.5
2021,WR,Jake Kumerow,BUF,15,0,0,0,0,0,0,0,0,0,6,2,28,0,2,0,0.32,4.8
2021,WR,Jakeem Grant,CLE,15,0,0,0,0,0,5,33,0,2,17,11,132,2,7,3,2.1,31.5
2021,RB,Jakob Johnson,LV,17,0,0,0,0,0,0,0,0,0,5,4,43,0,2,0,0.37,6.3
2021,WR,Jalen Guyton,LAC,16,0,0,0,0,0,7,34,0,2,48,31,448,3,21,0,5.58,89.2
2021,QB,Jalen Hurts,PHI,15,265,432,3144,16,9,139,784,10,56,1,0,0,0,0,2,24.54,368.16
2021,WR,Jalen Reagor,PHI,17,0,0,0,0,0,10,32,0,3,57,33,299,2,13,0,3.59,61.1
2021,RB,Jalen Richard,LV,10,0,0,0,0,0,9,40,0,3,14,12,72,0,4,0,1.82,18.2
2021,RB,Jamaal Williams,DET,13,0,0,0,0,0,153,601,3,42,28,26,157,0,6,0,10.91,141.8
2021,WR,Jamal Agnew,JAC,10,0,0,0,0,0,7,111,1,3,39,24,229,1,14,0,6.3,63.0
2021,QB,Jameis Winston,NO,7,95,161,1170,14,3,32,166,1,17,0,0,0,0,0,1,19.2,134.4
2021,RB,James Conner,ARI,15,0,0,0,0,0,202,752,15,53,39,37,375,3,18,0,19.45,291.7
2021,TE,James O'Shaughnessy,CHI,7,0,0,0,0,0,0,0,0,0,34,24,244,0,10,0,5.2,36.4
2021,WR,James Proche,BAL,14,0,0,0,0,0,0,0,0,0,20,16,202,0,10,0,2.16,30.2
2021,RB,James Robinson,JAC,14,0,0,0,0,0,164,767,8,41,46,31,222,0,9,2,13.78,192.9
2021,WR,James Washington,DAL,15,0,0,0,0,0,2,13,0,1,44,24,285,2,9,0,3.45,51.8
2021,RB,James White,NE,3,0,0,0,0,0,10,38,1,4,14,12,94,0,5,0,9.4,28.2
2021,WR,Jamison Crowder,BUF,12,0,0,0,0,0,0,0,0,0,71,51,447,2,22,1,6.73,80.7
2021,TE,Jared Cook,LAC,16,0,0,0,0,0,0,0,0,0,83,48,564,4,31,0,7.21,115.4
2021,QB,Jared Goff,DET,14,332,494,3245,19,8,17,87,0,4,0,0,0,0,0,6,14.18,198.5
2021,RB,Jaret Patterson,WAS,17,0,0,0,0,0,68,266,2,15,11,10,73,0,5,0,3.88,65.9
2021,WR,Jarvis Landry,CLE,12,0,0,0,0,0,6,40,2,4,87,52,570,2,29,2,9.5,114.0
2021,RB,Jason Cabinda,DET,14,0,0,0,0,0,3,23,0,2,7,4,16,1,2,0,0.99,13.9
2021,RB,Jason Huntley,PHI,1,0,0,0,0,0,13,51,0,2,1,0,0,0,0,0,7.1,7.1
2021,WR,Jason Moore,LAC,2,0,0,0,0,0,0,0,0,0,4,3,56,0,3,0,4.3,8.6
2021,WR,Jauan Jennings,SF,16,0,0,0,0,0,0,0,0,0,38,24,282,5,15,0,4.58,73.2
2021,RB,Javonte Williams,DEN,17,0,0,0,0,0,203,903,4,52,53,43,316,3,12,1,13.29,225.9
2021,WR,Jaydon Mickens,JAC,11,0,0,0,0,0,0,0,0,0,3,2,10,0,1,0,0.18,2.0
2021,RB,Jaylen Samuels,ARI,3,0,0,0,0,0,5,9,0,0,4,3,14,0,1,0,1.1,3.3
2021,WR,Jaylen Waddle,MIA,16,0,0,0,0,0,2,3,1,1,140,104,1015,6,59,1,12.61,201.8
2021,WR,Jeff Smith,NYJ,12,0,0,0,0,0,1,-1,0,0,17,8,113,0,6,0,1.44,17.3
2021,RB,Jeff Wilson,SF,9,0,0,0,0,0,79,294,2,19,8,7,31,0,1,0,7.17,64.5
2021,RB,Jeremy McNichols,TEN,14,0,0,0,0,0,41,156,0,6,38,28,240,1,11,0,4.47,62.6
2021,TE,Jeremy Sprinkle,DAL,17,0,0,0,0,0,0,0,0,0,3,3,31,0,2,0,0.3,5.1
2021,RB,Jerick McKinnon,KC,13,0,0,0,0,0,12,62,0,2,20,13,107,1,7,0,2.45,31.9
2021,RB,Jermar Jefferson,DET,7,0,0,0,0,0,15,74,2,4,5,4,23,0,2,0,3.96,27.7
2021,WR,Jerry Jeudy,DEN,10,0,0,0,0,0,2,3,0,0,56,38,467,0,22,0,6.9,69.0
2021,TE,Jesper Horsted,CHI,7,0,0,0,0,0,0,0,0,0,3,2,21,2,2,0,2.3,16.1
2021,TE,Jesse James,CHI,14,0,0,0,0,0,0,0,0,0,8,7,62,1,3,0,1.09,15.2
2021,QB,Jimmy Garoppolo,SF,15,301,441,3810,20,12,38,51,3,15,0,0,0,0,0,3,16.17,242.5
2021,TE,Jimmy Graham,CHI,15,0,0,0,0,0,0,0,0,0,23,14,167,3,10,0,3.11,46.7
2021,TE,Jody Fortson,KC,6,0,0,0,0,0,0,0,0,0,5,5,47,2,3,0,3.28,19.7
2021,QB,Joe Burrow,CIN,16,366,520,4611,34,14,40,118,2,14,0,0,0,0,0,2,20.52,328.24
2021,QB,Joe Flacco,NYJ,2,27,42,338,3,0,2,3,0,1,0,0,0,0,0,1,12.41,24.82
2021,RB,Joe Mixon,CIN,16,0,0,0,0,0,292,1205,13,60,48,42,314,3,11,1,19.81,316.9
2021,TE,John Bates,WAS,17,0,0,0,0,0,0,0,0,0,25,20,249,1,11,0,2.46,41.9
2021,RB,John Kelly,CLE,4,0,0,0,0,0,2,13,0,1,0,0,0,0,0,0,0.57,2.3
2021,WR,John Ross,NYG,10,0,0,0,0,0,1,16,0,1,20,11,224,1,8,0,3.9,39.0
2021,QB,John Wolford,LAR,3,1,4,5,0,1,2,-1,0,0,0,0,0,0,0,0,-0.6,-1.8
2021,TE,Johnny Mundt,MIN,6,0,0,0,0,0,0,0,0,0,1,1,9,0,1,0,0.32,1.9
2021,RB,Johnny Stanton,CLE,4,0,0,0,0,0,3,5,0,2,2,2,7,1,1,0,2.55,10.2
2021,RB,Jonathan Taylor,IND,17,0,0,0,0,0,332,1811,18,107,51,40,360,2,12,2,26.59,452.1
2021,RB,Jonathan Ward,ARI,13,0,0,0,0,0,9,33,0,3,4,3,34,0,1,0,0.82,10.7
2021,RB,Jonathan Williams,WAS,5,0,0,0,0,0,17,79,1,7,6,4,28,0,2,0,5.14,25.7
2021,TE,Jonnu Smith,NE,16,0,0,0,0,0,9,40,0,2,45,28,294,1,15,0,3.52,56.4
2021,TE,Jordan Akins,NYG,13,0,0,0,0,0,1,3,0,1,33,24,214,0,11,2,2.28,29.7
2021,QB,Jordan Love,GB,6,36,62,411,2,3,12,27,0,1,0,0,0,0,0,1,3.69,22.14
2021,QB,Josh Allen,BUF,17,409,646,4407,36,15,122,763,6,53,0,0,0,0,0,3,26.8,455.58
2021,WR,Josh Gordon,KC,12,0,0,0,0,0,0,0,0,0,14,5,32,1,3,0,1.02,12.2
2021,RB,Josh Jacobs,LV,15,0,0,0,0,0,217,872,9,45,64,54,348,0,14,2,15.4,231.0
2021,QB,Josh Johnson,DEN,4,57,85,638,5,2,9,28,0,1,0,0,0,0,0,0,11.83,47.32
2021,TE,Josh Oliver,BAL,14,0,0,0,0,0,0,0,0,0,15,9,66,0,4,0,0.76,10.6
2021,WR,Josh Palmer,LAC,17,0,0,0,0,0,1,6,0,0,49,33,353,4,18,0,4.58,77.9
2021,WR,Josh Reynolds,DET,12,0,0,0,0,0,0,0,0,0,49,29,396,2,21,0,6.05,72.6
2021,QB,Josh Rosen,ATL,4,2,11,19,0,2,0,0,0,0,0,0,0,0,0,0,-0.81,-3.24
2021,RB,Joshua Kelley,LAC,10,0,0,0,0,0,33,102,0,5,6,5,38,0,1,1,1.8,18.0
2021,TE,Josiah Deguara,GB,16,0,0,0,0,0,0,0,0,0,33,25,245,2,9,0,2.84,45.5
2021,WR,JuJu Smith-Schuster,KC,5,0,0,0,0,0,3,9,1,1,28,15,129,0,6,0,5.36,26.8
2021,WR,Julio Jones,TEN,10,0,0,0,0,0,0,0,0,0,48,31,434,1,19,0,6.84,68.4
2021,QB,Justin Fields,CHI,12,159,270,1870,7,10,72,420,2,22,0,0,0,0,0,5,12.4,148.8
2021,QB,Justin Herbert,LAC,17,443,672,5014,38,15,63,302,3,28,0,0,0,0,0,1,24.04,408.76
2021,RB,Justin Jackson,LAC,14,0,0,0,0,0,68,364,2,18,25,22,178,0,8,1,6.44,90.2
2021,WR,Justin Jefferson,MIN,17,2,4,35,0,0,6,14,0,1,167,108,1616,10,75,1,17.55,298.4
2021,TE,Juwan Johnson,NO,14,0,0,0,0,0,0,0,0,0,22,13,159,4,12,0,3.71,51.9
2021,WR,Juwann Winfree,GB,7,0,0,0,0,0,0,0,0,0,13,8,58,0,5,1,1.26,8.8
2021,WR,KJ Hamler,DEN,3,0,0,0,0,0,0,0,0,0,10,5,74,0,4,0,3.8,11.4
2021,WR,KJ Hill,LAC,6,0,0,0,0,0,0,0,0,0,3,3,30,0,1,0,0.67,4.0
2021,WR,KJ Osborn,MIN,17,0,0,0,0,0,1,10,0,1,82,50,655,7,26,0,7.97,135.5
2021,WR,Kadarius Toney,NYG,10,1,3,19,0,0,3,6,0,0,57,39,420,0,21,0,6.44,64.36
2021,TE,Kaden Smith,NYG,9,0,0,0,0,0,0,0,0,0,3,3,33,0,1,0,0.48,4.3
2021,RB,Kalen Ballage,PIT,17,0,0,0,0,0,12,36,0,2,7,2,8,0,0,0,0.38,6.4
2021,WR,Kalif Raymond,DET,16,0,0,0,0,0,4,28,0,2,71,48,576,4,28,0,7.15,114.4
2021,RB,Kareem Hunt,CLE,8,0,0,0,0,0,78,386,5,22,27,22,174,0,10,0,15.0,120.0
2021,RB,Ke'Shawn Vaughn,TB,12,0,0,0,0,0,36,180,2,9,8,4,26,0,1,0,3.55,42.6
2021,WR,Keelan Cole,NYJ,15,0,1,0,0,0,0,0,0,0,51,28,449,1,20,0,4.73,70.9
2021,WR,Keenan Allen,LAC,16,0,1,0,0,0,0,0,0,0,157,106,1138,6,66,0,13.61,217.8
2021,WR,Keith Kirkwood,CAR,3,0,0,0,0,0,0,0,0,0,7,3,17,0,1,0,0.9,2.7
2021,RB,Keith Smith,ATL,17,0,0,0,0,0,9,31,0,3,10,9,56,0,3,0,0.86,14.7
2021,WR,Keke Coutee,IND,2,0,0,0,0,0,0,0,0,0,1,1,5,0,0,0,0.25,0.5
2021,QB,Kellen Mond,MIN,1,2,3,5,0,0,0,0,0,0,0,0,0,0,0,0,0.2,0.2
2021,TE,Kendall Blanton,LAR,11,0,0,0,0,0,0,0,0,0,7,4,37,0,2,0,0.52,5.7
2021,WR,Kendall Hinton,DEN,16,1,1,1,0,0,0,0,0,0,23,15,175,1,10,0,2.1,33.54
2021,WR,Kendrick Bourne,NE,17,1,1,25,1,0,12,125,0,7,70,55,800,5,27,1,9.38,159.5
2021,RB,Kene Nwangwu,MIN,11,0,0,0,0,0,13,61,0,3,5,4,9,0,0,0,0.91,10.0
2021,RB,Kenneth Gainwell,PHI,16,0,0,0,0,0,68,291,5,19,50,33,253,1,14,1,7.71,123.4
2021,WR,Kenny Golladay,NYG,14,0,0,0,0,0,0,0,0,0,76,37,521,0,27,0,5.65,79.1
2021,WR,Kenny Stills,NO,13,0,0,0,0,0,1,1,0,0,23,6,68,1,4,0,1.3,16.9
2021,TE,Kenny Yeboah,NYJ,9,0,0,0,0,0,0,0,0,0,3,2,36,0,2,0,0.62,5.6
2021,RB,Kenyan Drake,LV,12,0,0,0,0,0,63,254,2,15,40,30,291,1,12,0,8.29,99.5
2021,TE,Kevin Rader,PIT,6,0,0,0,0,0,0,0,0,0,3,2,8,0,0,0,0.13,0.8
2021,WR,Kevin White,NO,6,0,0,0,0,0,0,0,0,0,5,1,38,0,1,0,0.8,4.8
2021,WR,Khadarel Hodge,ATL,16,0,0,0,0,0,0,0,0,0,27,13,157,0,7,0,1.54,24.7
2021,RB,Khalil Herbert,CHI,17,0,0,0,0,0,103,433,2,24,16,14,96,0,6,0,5.58,94.9
2021,QB,Kirk Cousins,MIN,16,372,561,4221,33,7,29,115,1,8,0,0,0,0,0,2,19.27,308.34
2021,WR,Kirk Merritt,NO,2,0,0,0,0,0,0,0,0,0,3,1,13,0,1,0,1.15,2.3
2021,WR,Kristian Wilkerson,NE,3,0,0,0,0,0,0,0,0,0,8,4,42,2,2,0,6.07,18.2
2021,QB,Kyle Allen,HOU,2,12,19,120,1,0,2,11,0,1,0,0,0,0,0,1,4.45,8.9
2021,RB,Kyle Juszczyk,SF,17,0,0,0,0,0,8,22,1,3,38,30,296,1,16,0,3.69,62.8
2021,TE,Kyle Pitts,ATL,17,0,0,0,0,0,0,0,0,0,110,68,1026,1,43,0,8.92,151.6
2021,TE,Kyle Rudolph,NYG,16,0,0,0,0,0,0,0,0,0,39,26,257,1,12,0,2.86,45.7
2021,TE,Kylen Granson,IND,17,0,0,0,0,0,0,0,0,0,15,11,106,0,4,0,0.86,14.6
2021,QB,Kyler Murray,ARI,14,333,481,3787,24,10,88,423,5,25,0,0,7,0,0,0,23.25,325.48
2021,RB,Kylin Hill,GB,8,0,0,0,0,0,10,24,0,1,2,1,5,0,0,0,0.49,3.9
2021,QB,Lamar Jackson,BAL,12,246,382,2882,16,13,133,767,2,48,0,0,0,0,0,3,24.0,287.98
2021,RB,Lamical Perine,NYJ,4,0,0,0,0,0,8,31,0,1,0,0,0,0,0,0,1.02,4.1
2021,WR,Laquon Treadwell,JAC,12,0,0,0,0,0,0,0,0,0,51,33,434,1,22,0,5.95,71.4
2021,RB,Larry RountreeI,LAC,12,0,0,0,0,0,36,87,1,5,2,1,-1,0,0,0,1.64,19.7
2021,RB,Latavius Murray,BAL,14,0,0,0,0,0,119,501,6,36,13,10,75,0,2,0,9.4,131.6
2021,WR,Laviska Shenault,JAC,16,0,0,0,0,0,11,41,0,2,100,63,619,0,30,1,6.0,96.0
2021,RB,Le'Veon Bell,TB,8,0,0,0,0,0,39,101,2,9,7,5,30,1,3,0,5.64,45.1
2021,TE,Lee Smith,ATL,16,0,0,0,0,0,0,0,0,0,11,9,65,1,3,0,0.97,15.5
2021,RB,Leonard Fournette,TB,14,0,1,0,0,0,180,812,8,45,84,69,454,2,30,0,18.69,261.6
2021,WR,Lil'Jordan Humphrey,NO,10,0,0,0,0,0,0,0,0,0,18,13,249,2,9,0,4.59,45.9
2021,TE,Logan Thomas,WAS,6,0,0,0,0,0,0,0,0,0,25,18,196,3,10,1,7.6,45.6
2021,TE,Luke Farrell,JAC,15,0,0,0,0,0,0,0,0,0,11,7,56,0,3,0,0.57,8.6
2021,TE,Luke Stocker,MIN,12,0,0,0,0,0,0,0,0,0,2,2,12,0,0,0,0.1,1.2
2021,WR,Mack Hollins,LV,17,0,0,0,0,0,0,0,0,0,28,14,223,4,11,0,3.37,57.3
2021,RB,Malcolm Brown,MIA,7,0,0,0,0,0,33,125,1,6,5,3,10,0,0,0,3.64,25.5
2021,WR,Malik Taylor,GB,10,0,0,0,0,0,0,0,0,0,3,2,14,0,1,1,0.04,0.4
2021,WR,Malik Turner,SF,14,0,0,0,0,0,0,0,0,0,16,12,149,3,8,0,2.92,40.9
2021,TE,Marcedes Lewis,GB,17,0,0,0,0,0,0,0,0,0,28,23,214,0,10,0,1.85,31.4
2021,WR,Marcus Johnson,SF,7,0,0,0,0,0,2,-2,0,1,19,9,160,0,7,0,3.43,24.0
2021,WR,Marcus Kemp,KC,16,0,0,0,0,0,0,0,0,0,5,2,24,0,1,0,0.21,3.4
2021,QB,Marcus Mariota,ATL,10,1,2,4,0,0,13,87,1,6,0,0,0,0,0,0,2.09,20.86
2021,RB,Mark Ingram,NO,14,0,0,0,0,0,160,554,2,22,35,27,162,0,9,1,8.04,112.6
2021,RB,Marlon Mack,HOU,6,0,0,0,0,0,28,101,0,6,5,2,8,0,0,0,2.82,16.9
2021,WR,Marquez Callaway,NO,17,0,0,0,0,0,0,0,0,0,84,46,698,6,32,0,8.11,137.8
2021,WR,Marquez Valdes-Scantling,KC,11,0,0,0,0,0,0,0,0,0,55,26,430,3,18,0,7.18,79.0
2021,WR,Marquise Goodwin,CHI,14,0,0,0,0,0,2,-1,0,0,40,20,313,1,12,0,3.52,49.3
2021,WR,Marvin Hall,ATL,2,0,0,0,0,0,0,0,0,0,1,1,10,0,1,0,1.0,2.0
2021,WR,Marvin Jones,JAC,17,0,0,0,0,0,0,0,0,0,120,73,832,4,42,0,8.78,149.2
2021,QB,Mason Rudolph,PIT,2,35,58,277,1,1,5,53,0,3,0,0,0,0,0,0,10.69,21.38
2021,RB,Matt Breida,NYG,9,0,0,0,0,0,26,125,1,5,9,7,72,2,4,1,4.97,44.7
2021,QB,Matt Ryan,IND,17,375,560,3968,20,12,40,82,1,9,0,0,0,0,0,4,13.64,231.92
2021,QB,Matthew Stafford,LAR,17,404,601,4886,41,17,32,43,0,8,0,0,0,0,0,2,19.87,337.74
2021,WR,Maurice Ffrench,LAC,3,0,0,0,0,0,1,3,0,0,0,0,0,0,0,0,0.1,0.3
2021,TE,Maxx Williams,ARI,5,0,0,0,0,0,0,0,0,0,17,16,193,1,9,0,6.86,34.3
2021,RB,Mekhi Sargent,JAC,7,0,0,0,0,0,5,11,0,1,1,0,0,0,0,0,0.3,2.1
2021,RB,Melvin Gordon,DEN,16,0,0,0,0,0,203,918,8,48,38,28,213,2,9,3,14.01,224.1
2021,RB,Michael Burton,KC,16,0,0,0,0,0,8,26,1,8,3,3,31,0,2,0,1.36,21.7
2021,RB,Michael Carter,NYJ,14,0,0,0,0,0,147,639,4,29,55,36,325,0,17,1,11.74,164.4
2021,WR,Michael Gallup,DAL,9,0,0,0,0,0,0,0,0,0,62,35,445,2,23,0,8.83,79.5
2021,RB,Mike Boone,DEN,8,0,0,0,0,0,4,35,0,2,2,2,22,0,1,0,1.09,8.7
2021,RB,Mike Davis,ATL,17,0,0,0,0,0,138,503,3,21,58,44,259,1,12,3,7.48,127.2
2021,WR,Mike Evans,TB,16,0,0,0,0,0,1,10,0,1,114,74,1035,14,56,0,15.34,245.5
2021,TE,Mike Gesicki,MIA,17,0,1,0,0,0,0,0,0,0,112,73,780,2,39,0,7.71,131.0
2021,QB,Mike Glennon,NYG,6,90,167,790,4,10,7,33,1,2,0,0,0,0,0,3,5.48,32.9
2021,WR,Mike Strachan,IND,6,0,0,0,0,0,0,0,0,0,3,2,26,0,2,0,0.77,4.6
2021,WR,Mike Thomas,CIN,12,0,0,0,0,0,0,0,0,0,11,5,52,0,3,0,0.68,8.2
2021,QB,Mike White,NYJ,4,88,132,953,5,8,5,-1,0,2,0,0,0,0,0,0,11.53,46.12
2021,WR,Mike Williams,LAC,16,0,0,0,0,0,0,0,0,0,129,76,1146,9,51,0,13.85,221.6
2021,WR,Miles Boykin,PIT,9,0,0,0,0,0,0,0,0,0,1,1,6,0,0,0,0.07,0.6
2021,RB,Miles Sanders,PHI,12,0,0,0,0,0,137,754,0,33,34,26,158,0,6,1,10.85,130.2
2021,QB,Mitchell Trubisky,PIT,6,6,8,43,0,1,13,24,1,3,0,0,0,0,0,0,1.85,11.12
2021,TE,Mitchell Wilcox,CIN,15,0,0,0,0,0,0,0,0,0,5,3,16,0,0,0,0.11,1.6
2021,TE,Mo Alie-Cox,IND,17,0,0,0,0,0,0,0,0,0,45,24,316,4,14,0,4.09,69.6
2021,WR,Mohamed Sanu,SF,8,0,0,0,0,0,0,0,0,0,24,15,177,0,12,0,3.71,29.7
2021,TE,MyCole Pruitt,TEN,16,0,0,0,0,0,0,0,0,0,18,14,145,3,10,0,2.78,44.5
2021,RB,Myles Gaskin,MIA,17,0,0,0,0,0,173,612,3,25,63,49,234,4,13,1,9.56,162.6
2021,WR,N'Keal Harry,NE,12,0,0,0,0,0,0,0,0,0,22,12,184,0,7,1,1.95,23.4
2021,RB,Najee Harris,PIT,17,0,0,0,0,0,307,1200,7,62,94,74,467,3,22,0,18.28,310.7
2021,RB,Nathan Cottrell,JAC,4,0,0,0,0,0,1,3,0,0,0,0,0,0,0,0,0.07,0.3
2021,QB,Nathan Peterman,LV,1,0,0,0,0,0,2,2,0,1,0,0,0,0,0,0,1.2,1.2
2021,WR,Nelson Agholor,NE,15,0,0,0,0,0,3,11,0,0,64,37,473,3,23,0,5.96,89.4
2021,RB,Nick Bawden,NYJ,9,0,0,0,0,0,0,0,0,0,1,1,20,0,1,0,0.33,3.0
2021,RB,Nick Bellore,SEA,20,0,0,0,0,0,0,0,0,0,1,1,4,0,0,0,0.02,0.4
2021,TE,Nick Boyle,BAL,5,0,0,0,0,0,0,0,0,0,2,1,2,0,0,0,0.04,0.2
2021,RB,Nick Chubb,CLE,14,0,0,0,0,0,228,1259,8,61,25,20,174,1,9,1,18.95,265.3
2021,QB,Nick Foles,CHI,1,24,35,250,1,0,4,8,0,1,0,0,0,0,0,0,17.8,17.8
2021,QB,Nick Mullens,LV,1,20,30,147,1,0,0,0,0,0,0,0,0,0,0,0,9.88,9.88
2021,TE,Nick Vannett,NO,7,0,0,0,0,0,0,0,0,0,15,9,133,1,7,0,3.76,26.3
2021,WR,Nick Westbrook,TEN,16,0,0,0,0,0,0,0,0,0,57,38,476,4,23,1,5.79,92.6
2021,WR,Nico Collins,HOU,14,0,0,0,0,0,0,0,0,0,60,33,446,1,22,0,5.19,72.6
2021,WR,Noah Brown,DAL,13,0,0,0,0,0,0,0,0,0,25,16,184,0,6,0,1.88,24.4
2021,TE,Noah Fant,SEA,16,0,0,0,0,0,0,0,0,0,90,68,670,4,29,0,7.5,120.0
2021,TE,Noah Gray,KC,16,0,0,0,0,0,0,0,0,0,10,7,36,1,2,0,0.72,11.6
2021,RB,Nyheim Hines,IND,17,0,0,0,0,0,56,276,2,15,57,40,310,1,15,2,6.04,102.6
2021,TE,OJ Howard,BUF,17,0,0,0,0,0,0,0,0,0,21,14,135,1,10,0,1.74,29.5
2021,WR,Odell Beckham,LAR,14,0,0,0,0,0,2,14,0,1,82,44,537,5,27,0,8.08,113.1
2021,WR,Olamide Zaccheaus,ATL,17,0,0,0,0,0,1,2,0,1,53,31,406,3,22,0,4.81,81.8
2021,QB,PJ Walker,CAR,6,36,66,362,1,3,7,13,0,2,0,0,0,0,0,1,2.63,15.78
2021,TE,Parker Hesse,ATL,8,0,0,0,0,0,0,0,0,0,6,5,43,0,3,0,0.91,7.3
2021,WR,Parris Campbell,IND,6,0,0,0,0,0,0,0,0,0,20,10,162,1,7,0,4.87,29.2
2021,TE,Pat Freiermuth,PIT,16,0,0,0,0,0,0,0,0,0,79,60,497,7,34,1,7.86,125.7
2021,RB,Patrick Laird,MIA,6,0,0,0,0,0,1,4,0,0,3,3,17,0,2,0,0.68,4.1
2021,QB,Patrick Mahomes,KC,17,436,658,4839,37,13,66,381,2,25,0,0,0,0,0,4,22.74,386.66
2021,RB,Patrick Ricard,BAL,13,0,0,0,0,0,2,4,0,2,13,8,63,1,3,0,1.36,17.7
2021,RB,Patrick Taylor,GB,9,0,0,0,0,0,23,89,1,5,2,2,3,0,1,0,2.36,21.2
2021,WR,Penny Hart,SEA,17,0,0,0,0,0,0,0,0,0,12,7,59,0,3,0,0.52,8.9
2021,RB,Peyton Barber,LV,10,0,0,0,0,0,55,212,2,12,13,10,67,0,3,0,5.49,54.9
2021,TE,Pharaoh Brown,HOU,15,0,0,0,0,0,0,0,0,0,34,23,171,0,6,1,1.41,21.1
2021,WR,Pharoh Cooper,NYG,8,0,0,0,0,0,1,3,0,0,11,4,33,0,1,0,0.57,4.6
2021,WR,Phillip Dorsett,HOU,6,0,0,0,0,0,1,0,0,0,14,7,110,0,3,0,2.33,14.0
2021,RB,Phillip Lindsay,MIA,14,0,0,0,0,0,88,249,1,11,5,4,45,1,1,0,3.81,53.4
2021,WR,Preston Williams,MIA,8,0,0,0,0,0,1,7,0,0,16,6,71,0,3,0,1.35,10.8
2021,RB,Qadree Ollison,ATL,8,0,0,0,0,0,21,105,1,7,6,4,12,0,1,1,2.96,23.7
2021,WR,Quez Watkins,PHI,17,0,0,0,0,0,1,3,0,0,62,43,647,1,25,0,5.76,98.0
2021,WR,Quintez Cephus,DET,5,0,0,0,0,0,0,0,0,0,22,15,204,2,9,0,8.68,43.4
2021,WR,Racey McMath,TEN,9,0,0,0,0,0,0,0,0,0,6,2,8,0,0,1,-0.13,-1.2
2021,RB,Raheem Mostert,MIA,1,0,0,0,0,0,2,20,0,1,0,0,0,0,0,0,3.0,3.0
2021,WR,Randall Cobb,GB,12,0,0,0,0,0,1,1,0,0,39,28,375,5,21,1,7.22,86.6
2021,RB,Rashaad Penny,SEA,10,0,0,0,0,0,119,749,6,28,8,6,48,0,3,0,14.67,146.7
2021,WR,Rashard Higgins,CAR,15,0,0,0,0,0,0,0,0,0,47,24,275,1,16,0,3.3,49.5
2021,WR,Rashod Bateman,BAL,12,0,0,0,0,0,0,0,0,0,68,46,515,1,29,0,7.21,86.5
2021,WR,Ray-Ray McCloud,SF,16,0,0,0,0,0,2,15,0,0,66,39,277,0,17,1,2.76,44.2
2021,RB,Reggie Bonnafon,WAS,4,0,0,0,0,0,1,4,0,0,2,2,12,0,1,0,0.65,2.6
2021,TE,Reggie Gilliam,BUF,16,0,0,0,0,0,3,3,0,0,5,3,23,0,0,0,0.16,2.6
2021,RB,Rex Burkhead,HOU,16,0,1,0,0,0,122,427,3,30,32,25,186,0,9,0,7.39,118.3
2021,RB,Rhamondre Stevenson,NE,12,0,0,0,0,0,133,606,5,33,18,14,123,0,3,1,11.41,136.9
2021,TE,Richard Rodgers,PHI,3,0,0,0,0,0,0,0,0,0,2,2,11,0,0,0,0.37,1.1
2021,TE,Ricky Seals-Jones,NYG,13,0,0,0,0,0,0,0,0,0,49,30,271,2,14,0,4.08,53.1
2021,TE,Rob Gronkowski,TB,12,0,0,0,0,0,0,0,0,0,89,55,802,6,34,0,12.52,150.2
2021,WR,Robby Anderson,CAR,17,0,0,0,0,0,3,36,0,1,110,53,519,5,27,0,6.68,113.5
2021,TE,Robert Tonyan,GB,8,0,0,0,0,0,0,0,0,0,29,18,204,2,10,0,5.3,42.4
2021,WR,Robert Woods,TEN,9,0,0,0,0,0,8,46,1,1,69,45,556,4,34,0,14.13,127.2
2021,RB,Rodney Smith,DET,2,0,0,0,0,0,0,0,0,0,5,5,48,0,2,0,3.4,6.8
2021,RB,Ronald Jones,KC,16,0,0,0,0,0,101,428,4,25,13,10,64,0,2,2,6.01,96.2
2021,WR,Rondale Moore,ARI,14,0,0,0,0,0,18,76,0,2,64,54,435,1,18,1,5.36,75.1
2021,TE,Ross Dwelley,SF,17,0,0,0,0,0,0,0,0,0,5,4,51,1,2,0,0.77,13.1
2021,RB,Royce Freeman,HOU,15,0,0,0,0,0,56,169,0,8,16,10,77,0,4,0,2.44,36.6
2021,WR,Russell Gage,TB,14,0,0,0,0,0,0,0,0,0,94,66,770,4,37,2,9.57,134.0
2021,QB,Russell Wilson,DEN,14,259,400,3113,25,6,43,183,2,17,0,0,0,0,0,1,18.56,259.82
2021,QB,Ryan Fitzpatrick,WAS,1,3,6,13,0,0,1,2,0,0,0,0,0,0,0,0,0.72,0.72
2021,TE,Ryan Griffin,CHI,14,0,0,0,0,0,0,0,0,0,42,27,261,2,14,0,3.72,52.1
2021,RB,Ryan Nall,DAL,9,0,0,0,0,0,1,4,0,0,1,1,4,0,0,0,0.09,0.8
2021,QB,Ryan Tannehill,TEN,17,357,531,3734,21,14,55,270,7,32,0,0,0,0,0,4,17.67,300.36
2021,RB,Ryquell Armstead,JAC,2,0,0,0,0,0,15,80,0,3,4,3,16,0,1,0,6.8,13.6
2021,RB,Salvon Ahmed,MIA,12,0,0,0,0,0,54,149,0,8,19,12,117,0,4,0,3.22,38.6
2021,QB,Sam Ehlinger,IND,3,0,0,0,0,0,3,9,0,1,0,0,0,0,0,0,0.63,1.9
2021,WR,Sammy Watkins,GB,13,0,0,0,0,0,0,0,0,0,49,27,394,1,17,1,4.65,60.4
2021,RB,Saquon Barkley,NYG,13,0,0,0,0,0,162,593,2,27,57,41,263,2,13,1,11.35,147.6
2021,WR,Scott Miller,TB,9,0,0,0,0,0,2,43,1,2,9,5,38,0,2,0,2.01,18.1
2021,RB,Scottie Phillips,HOU,3,0,0,0,0,0,6,13,0,1,3,2,9,0,0,0,1.07,3.2
2021,QB,Sean Mannion,MIN,1,22,36,189,1,0,2,14,0,2,0,0,0,0,0,0,14.96,14.96
2021,TE,Sean McKeon,DAL,9,0,0,0,0,0,0,0,0,0,6,4,27,1,2,0,1.19,10.7
2021,WR,Seth Williams,DEN,2,0,0,0,0,0,0,0,0,0,1,1,34,0,1,0,2.2,4.4
2021,TE,Shane Zylstra,DET,4,0,0,0,0,0,0,0,0,0,7,3,34,0,2,0,1.35,5.4
2021,WR,Shi Smith,CAR,6,0,0,0,0,0,1,-3,0,0,11,6,104,0,3,0,2.23,13.4
2021,RB,Sony Michel,LAR,17,0,0,0,0,0,208,845,4,49,33,21,128,1,6,1,10.61,180.3
2021,WR,Stanley Morgan,CIN,18,0,0,0,0,0,1,3,0,0,4,2,11,0,0,0,0.08,1.4
2021,WR,Stefon Diggs,BUF,17,0,0,0,0,0,0,0,0,0,164,103,1225,10,66,0,14.62,248.5
2021,TE,Stephen Anderson,ARI,17,0,0,0,0,0,0,0,0,0,19,16,165,1,9,0,1.85,31.5
2021,WR,Sterling Shepard,NYG,7,0,0,0,0,0,1,-9,0,0,53,36,366,1,19,0,8.8,61.6
2021,TE,TJ Hockenson,DET,12,0,0,0,0,0,0,0,0,0,84,61,583,4,32,0,9.69,116.3
2021,WR,TY Hilton,IND,10,0,0,0,0,0,0,0,0,0,37,23,331,3,15,0,6.61,66.1
2021,WR,Tajae Sharpe,ATL,15,0,0,0,0,0,0,0,0,0,37,25,230,0,14,0,2.47,37.0
2021,WR,Tarik Black,NYJ,1,0,0,0,0,0,0,0,0,0,2,1,10,0,1,0,2.0,2.0
2021,WR,Tavon Austin,JAC,13,0,0,0,0,0,3,21,0,1,37,24,213,1,11,1,3.03,39.4
2021,QB,Taylor Heinicke,WAS,16,321,494,3419,20,15,60,313,1,20,1,1,-2,0,0,2,15.13,242.06
2021,QB,Taysom Hill,NO,12,78,134,978,4,5,70,374,5,26,6,4,52,0,4,0,12.31,147.72
2021,QB,Teddy Bridgewater,MIA,14,285,426,3052,18,7,30,106,2,16,0,0,0,0,0,1,15.62,218.68
2021,WR,Tee Higgins,CIN,14,0,0,0,0,0,0,0,0,0,110,74,1091,6,53,1,14.15,198.1
2021,WR,Terrace Marshall,CAR,13,0,0,0,0,0,0,0,0,0,30,17,138,0,7,0,1.75,22.8
2021,WR,Terry McLaurin,WAS,17,0,0,0,0,0,1,12,0,1,130,77,1053,5,47,0,10.85,184.5
2021,RB,Tevin Coleman,NYJ,11,0,0,0,0,0,84,356,0,19,16,11,49,0,2,0,5.59,61.5
2021,QB,Tim Boyle,DET,5,61,94,526,3,6,2,13,0,1,0,0,0,0,0,0,5.07,25.34
2021,WR,Tim Patrick,DEN,16,0,0,0,0,0,0,0,0,0,85,53,734,5,39,0,8.9,142.4
2021,QB,Tom Brady,TB,17,485,719,5316,43,12,28,81,2,14,0,0,0,0,0,3,22.87,388.74
2021,WR,Tom Kennedy,DET,12,1,1,75,1,0,0,0,0,0,10,6,54,0,2,0,1.2,14.4
2021,TE,Tommy Hudson,TEN,5,0,0,0,0,0,0,0,0,0,6,3,31,0,2,0,1.02,5.1
2021,TE,Tommy Sweeney,BUF,13,0,0,0,0,0,0,0,0,0,12,9,44,1,3,0,1.03,13.4
2021,TE,Tommy Tremble,CAR,16,0,0,0,0,0,3,11,1,1,35,20,180,1,10,0,2.76,44.1
2021,WR,Tommylee Lewis,MIA,2,0,0,0,0,0,0,0,0,0,2,1,7,0,1,0,0.85,1.7
2021,RB,Tony Jones,NO,11,0,0,0,0,0,54,142,0,7,8,5,29,0,2,0,2.37,26.1
2021,RB,Tony Pollard,DAL,15,0,0,0,0,0,130,719,2,35,46,39,337,0,15,0,11.17,167.6
2021,WR,Travis Benjamin,SF,10,0,0,0,0,0,0,0,0,0,5,0,0,0,0,1,-0.2,-2.0
2021,RB,Travis Homer,SEA,14,0,0,0,0,0,21,177,1,7,20,16,161,0,8,0,3.91,54.8
2021,TE,Travis Kelce,KC,16,0,0,0,0,0,2,3,1,1,134,92,1125,9,62,1,14.61,233.8
2021,RB,Trayveon Williams,CIN,5,0,0,0,0,0,15,51,0,4,2,1,4,0,0,0,1.9,9.5
2021,TE,Tre' McKitty,LAC,11,0,0,0,0,0,0,0,0,0,8,6,45,0,3,0,0.68,7.5
2021,WR,Tre'Quan Smith,NO,11,0,0,0,0,0,0,0,0,0,50,32,377,3,18,0,6.7,73.7
2021,WR,Trent Sherfield,MIA,17,0,0,0,0,0,0,0,0,0,20,9,87,1,7,0,1.28,21.7
2021,WR,Trent Taylor,CIN,4,0,0,0,0,0,0,0,0,0,3,2,41,0,2,0,1.52,6.1
2021,RB,Trenton Cannon,TEN,12,0,0,0,0,0,3,4,0,0,0,0,0,0,0,1,-0.13,-1.6
2021,WR,Trenton Irwin,CIN,7,0,0,0,0,0,0,0,0,0,5,2,34,0,1,0,0.63,4.4
2021,TE,Trevon Wesco,NYJ,12,0,0,0,0,0,0,0,0,0,5,3,35,0,2,0,0.46,5.5
2021,QB,Trevor Lawrence,JAC,17,359,602,3641,12,17,73,334,2,21,0,0,0,0,0,5,12.94,220.04
2021,QB,Trevor Siemian,CHI,6,108,188,1154,11,3,9,20,1,2,0,0,0,0,0,1,15.36,92.16
2021,QB,Trey Lance,SF,6,41,71,603,5,2,38,168,1,8,0,0,0,0,0,0,12.15,72.92
2021,RB,Trey Ragas,LV,1,0,0,0,0,0,1,9,0,1,2,2,6,0,0,0,2.5,2.5
2021,RB,Trey Sermon,SF,9,0,0,0,0,0,41,167,1,9,4,3,26,0,1,0,3.92,35.3
2021,WR,Trinity Benson,DET,8,0,0,0,0,0,0,0,0,0,22,10,103,0,4,0,1.79,14.3
2021,QB,Tua Tagovailoa,MIA,13,263,388,2653,16,10,42,128,3,13,0,0,0,0,0,1,14.92,193.92
2021,RB,Ty Johnson,NYJ,16,0,0,0,0,0,61,238,2,13,55,34,372,2,20,1,7.25,116.0
2021,RB,Ty Montgomery,NE,14,0,0,0,0,0,15,44,0,2,26,16,95,0,5,0,1.49,20.9
2021,RB,Ty'Son Williams,BAL,13,0,0,0,0,0,35,185,1,7,12,9,84,0,4,0,3.38,43.9
2021,WR,Tylan Wallace,BAL,17,0,0,0,0,0,0,0,0,0,6,2,23,0,1,0,0.19,3.3
2021,WR,Tyler Boyd,CIN,16,1,1,46,0,0,2,22,0,1,94,67,828,5,37,0,9.68,154.84
2021,TE,Tyler Conklin,NYJ,17,0,0,0,0,0,0,0,0,0,87,61,593,3,26,0,6.08,103.3
2021,TE,Tyler Davis,GB,14,0,0,0,0,0,0,0,0,0,5,4,35,0,1,0,0.32,4.5
2021,TE,Tyler Higbee,LAR,15,0,0,0,0,0,0,0,0,0,85,61,560,5,33,0,7.93,119.0
2021,QB,Tyler Huntley,BAL,7,122,188,1081,3,4,47,294,2,22,0,0,0,0,0,3,14.95,104.64
2021,WR,Tyler Johnson,TB,17,0,0,0,0,0,0,0,0,0,55,36,360,0,14,0,2.94,50.0
2021,TE,Tyler Kroft,NYJ,9,0,0,0,0,0,0,0,0,0,25,16,173,1,9,0,3.59,32.3
2021,WR,Tyler Lockett,SEA,16,0,0,0,0,0,2,9,0,0,107,73,1175,8,41,0,13.09,209.4
2021,TE,Tyree Jackson,PHI,9,0,0,0,0,0,0,0,0,0,7,3,22,1,2,0,1.13,10.2
2021,WR,Tyrell Williams,DET,1,0,0,0,0,0,0,0,0,0,3,2,14,0,1,0,2.4,2.4
2021,QB,Tyrod Taylor,NYG,6,91,150,966,5,5,19,151,3,7,0,0,0,0,0,0,14.79,88.74
2021,WR,Tyron Johnson,LV,10,0,0,0,0,0,0,0,0,0,5,2,16,0,1,0,0.26,2.6
2021,WR,Van Jefferson,LAR,17,0,0,0,0,0,2,20,0,1,89,50,802,6,32,0,8.89,151.2
2021,RB,Wayne Gallman,MIN,8,0,0,0,0,0,28,104,0,5,3,1,21,0,1,0,2.31,18.5
2021,RB,Wendell Smallwood,WAS,3,0,0,0,0,0,5,25,0,2,5,4,22,0,0,0,2.23,6.7
2021,TE,Will Dissly,SEA,15,0,0,0,0,0,0,0,0,0,26,21,231,1,11,0,2.67,40.1
2021,WR,Will Fuller,MIA,2,0,0,0,0,0,0,0,0,0,8,4,26,0,3,0,3.8,7.6
2021,WR,Willie Snead,CAR,9,0,0,0,0,0,0,0,0,0,8,4,38,0,3,0,0.76,6.8
2021,TE,Zach Ertz,ARI,17,0,0,0,0,0,1,4,0,0,112,74,763,5,40,0,8.63,146.7
2021,TE,Zach Gentry,PIT,17,0,0,0,0,0,0,0,0,0,25,19,167,0,11,0,1.63,27.7
2021,WR,Zach Pascal,PHI,16,0,0,0,0,0,2,21,0,0,69,38,384,3,15,1,4.47,71.5
2021,QB,Zach Wilson,NYJ,13,213,383,2334,9,11,29,185,4,10,1,0,0,0,0,1,12.45,161.86
2021,RB,Zack Moss,BUF,13,0,0,0,0,0,96,345,4,22,32,23,197,1,12,1,8.94,116.2
2021,WR,Zay Jones,JAC,17,0,0,0,0,0,2,3,0,0,70,47,546,1,29,1,5.17,87.9
